id,table,source_namespace,source_file,state,field_count,inherit_from,display_key,display_name_zh_cn,use_function,game_version,steam_build
AresCursePowerBonus,AutomaticExtractProperties,AutomaticExtractProperties,UIData.lua,defined,1,,,,,1.139672,24556151
BurnRate,AutomaticExtractProperties,AutomaticExtractProperties,UIData.lua,defined,1,,,,,1.139672,24556151
DamageShareAmount,AutomaticExtractProperties,AutomaticExtractProperties,UIData.lua,defined,1,,,,,1.139672,24556151
DamageShareDuration,AutomaticExtractProperties,AutomaticExtractProperties,UIData.lua,defined,1,,,,,1.139672,24556151
EchoDuration,AutomaticExtractProperties,AutomaticExtractProperties,UIData.lua,defined,1,,,,,1.139672,24556151
ExDamageMultiplier,AutomaticExtractProperties,AutomaticExtractProperties,UIData.lua,defined,1,,,,,1.139672,24556151
ExecuteThreshold,AutomaticExtractProperties,AutomaticExtractProperties,UIData.lua,defined,1,,,,,1.139672,24556151
FontDamage,AutomaticExtractProperties,AutomaticExtractProperties,UIData.lua,defined,1,,,,,1.139672,24556151
FrenzyDuration,AutomaticExtractProperties,AutomaticExtractProperties,UIData.lua,defined,1,,,,,1.139672,24556151
FrenzyLifeStealAmount,AutomaticExtractProperties,AutomaticExtractProperties,UIData.lua,defined,1,,,,,1.139672,24556151
LastStandHeal,AutomaticExtractProperties,AutomaticExtractProperties,UIData.lua,defined,1,,,,,1.139672,24556151
MoonBeamCount,AutomaticExtractProperties,AutomaticExtractProperties,UIData.lua,defined,1,,,,,1.139672,24556151
MoonBeamDamage,AutomaticExtractProperties,AutomaticExtractProperties,UIData.lua,defined,1,,,,,1.139672,24556151
MoonBeamVulnerability,AutomaticExtractProperties,AutomaticExtractProperties,UIData.lua,defined,1,,MoonBeamVulnerability,闪耀,,1.139672,24556151
OverheatDuration,AutomaticExtractProperties,AutomaticExtractProperties,UIData.lua,defined,1,,,,,1.139672,24556151
PolymorphDamage,AutomaticExtractProperties,AutomaticExtractProperties,UIData.lua,defined,1,,,,,1.139672,24556151
PolymorphDuration,AutomaticExtractProperties,AutomaticExtractProperties,UIData.lua,defined,1,,,,,1.139672,24556151
IgnoreSpawnPreferences,BaseWaveOverrideValues,BaseWaveOverrideValues,EncounterData.lua,stub,0,,,,,1.139672,24556151
RequireNearPlayerDistance,BaseWaveOverrideValues,BaseWaveOverrideValues,EncounterData.lua,stub,0,,,,,1.139672,24556151
SpawnAggroed,BaseWaveOverrideValues,BaseWaveOverrideValues,EncounterData.lua,stub,0,,,,,1.139672,24556151
BiomeStates,BiomeStateData,BiomeStateData,BiomeStateData.lua,defined,2,,,,,1.139672,24556151
DefaultBiomeState,BiomeStateData,BiomeStateData,BiomeStateData.lua,stub,0,,,,,1.139672,24556151
DefaultBiomeStateChance,BiomeStateData,BiomeStateData,BiomeStateData.lua,stub,0,,,,,1.139672,24556151
DefaultBiomeStateRequirements,BiomeStateData,BiomeStateData,BiomeStateData.lua,stub,0,,,,,1.139672,24556151
ForceGameStateRequirements,BiomeStateData,BiomeStateData,BiomeStateData.lua,stub,0,,,,,1.139672,24556151
GameStateRequirements,BiomeStateData,BiomeStateData,BiomeStateData.lua,stub,0,,,,,1.139672,24556151
NoBiomeStateChanceIncrement,BiomeStateData,BiomeStateData,BiomeStateData.lua,stub,0,,,,,1.139672,24556151
Penalty,BiomeTimeLimits,BiomeTimeLimits,ShrineData.lua,defined,2,,,,,1.139672,24556151
F,BossDifficultyShrineEncounterBiomeMap,BossDifficultyShrineEncounterBiomeMap,ShrineData.lua,stub,0,,F,F,,1.139672,24556151
G,BossDifficultyShrineEncounterBiomeMap,BossDifficultyShrineEncounterBiomeMap,ShrineData.lua,stub,0,,G,G,,1.139672,24556151
H,BossDifficultyShrineEncounterBiomeMap,BossDifficultyShrineEncounterBiomeMap,ShrineData.lua,stub,0,,H,H,,1.139672,24556151
I,BossDifficultyShrineEncounterBiomeMap,BossDifficultyShrineEncounterBiomeMap,ShrineData.lua,stub,0,,I,I,,1.139672,24556151
N,BossDifficultyShrineEncounterBiomeMap,BossDifficultyShrineEncounterBiomeMap,ShrineData.lua,stub,0,,N,N,,1.139672,24556151
O,BossDifficultyShrineEncounterBiomeMap,BossDifficultyShrineEncounterBiomeMap,ShrineData.lua,stub,0,,O,O,,1.139672,24556151
P,BossDifficultyShrineEncounterBiomeMap,BossDifficultyShrineEncounterBiomeMap,ShrineData.lua,stub,0,,P,P,,1.139672,24556151
Q,BossDifficultyShrineEncounterBiomeMap,BossDifficultyShrineEncounterBiomeMap,ShrineData.lua,stub,0,,Q,Q,,1.139672,24556151
Chronos,BossDifficultyShrineEncounterMap,BossDifficultyShrineEncounterMap,ShrineData.lua,defined,2,,Chronos,克洛诺斯,,1.139672,24556151
Eris,BossDifficultyShrineEncounterMap,BossDifficultyShrineEncounterMap,ShrineData.lua,defined,2,,Eris,厄里斯,,1.139672,24556151
Hecate,BossDifficultyShrineEncounterMap,BossDifficultyShrineEncounterMap,ShrineData.lua,defined,2,,Hecate,赫卡忒,,1.139672,24556151
InfestedCerberus,BossDifficultyShrineEncounterMap,BossDifficultyShrineEncounterMap,ShrineData.lua,defined,2,,InfestedCerberus,渊狱魔兽,,1.139672,24556151
Polyphemus,BossDifficultyShrineEncounterMap,BossDifficultyShrineEncounterMap,ShrineData.lua,defined,2,,Polyphemus,波吕斐摩斯,,1.139672,24556151
Prometheus,BossDifficultyShrineEncounterMap,BossDifficultyShrineEncounterMap,ShrineData.lua,defined,2,,Prometheus,普罗米修斯,,1.139672,24556151
Scylla,BossDifficultyShrineEncounterMap,BossDifficultyShrineEncounterMap,ShrineData.lua,defined,2,,Scylla,斯库拉,,1.139672,24556151
TyphonHead,BossDifficultyShrineEncounterMap,BossDifficultyShrineEncounterMap,ShrineData.lua,defined,2,,TyphonHead,提丰,,1.139672,24556151
Biomes,CodexData,CodexData,CodexData.lua,defined,3,,,,,1.139672,24556151
ChthonicGods,CodexData,CodexData,CodexData.lua,defined,3,,,,,1.139672,24556151
EnemiesSF,CodexData,CodexData,CodexData.lua,defined,4,,,,,1.139672,24556151
EnemiesUW,CodexData,CodexData,CodexData.lua,defined,4,,,,,1.139672,24556151
Familiars,CodexData,CodexData,CodexData.lua,defined,3,,,,,1.139672,24556151
OlympianGods,CodexData,CodexData,CodexData.lua,defined,3,,,,,1.139672,24556151
OtherDenizens,CodexData,CodexData,CodexData.lua,defined,3,,,,,1.139672,24556151
Weapons,CodexData,CodexData,CodexData.lua,defined,3,,,,,1.139672,24556151
Biomes,CodexOrdering,CodexOrdering,CodexData.lua,stub,0,,,,,1.139672,24556151
ChthonicGods,CodexOrdering,CodexOrdering,CodexData.lua,stub,0,,,,,1.139672,24556151
EnemiesSF,CodexOrdering,CodexOrdering,CodexData.lua,stub,0,,,,,1.139672,24556151
EnemiesUW,CodexOrdering,CodexOrdering,CodexData.lua,stub,0,,,,,1.139672,24556151
Familiars,CodexOrdering,CodexOrdering,CodexData.lua,stub,0,,,,,1.139672,24556151
OlympianGods,CodexOrdering,CodexOrdering,CodexData.lua,stub,0,,,,,1.139672,24556151
Order,CodexOrdering,CodexOrdering,CodexData.lua,stub,0,,,,,1.139672,24556151
OtherDenizens,CodexOrdering,CodexOrdering,CodexData.lua,stub,0,,,,,1.139672,24556151
Weapons,CodexOrdering,CodexOrdering,CodexData.lua,stub,0,,,,,1.139672,24556151
WallSlam,CollisionReactionData,CollisionReactionData,EnemyData.lua,defined,3,,,,,1.139672,24556151
AchillesVoice,Color,Color,ColorData.lua,stub,0,,,,,1.139672,24556151
AliceBlue,Color,Color,ColorData.lua,stub,0,,,,,1.139672,24556151
AlliedArmorHealthBar,Color,Color,ColorData.lua,stub,0,,,,,1.139672,24556151
AlliedHealthBar,Color,Color,ColorData.lua,stub,0,,,,,1.139672,24556151
AlliedOutline,Color,Color,ColorData.lua,stub,0,,,,,1.139672,24556151
AntiqueWhite,Color,Color,ColorData.lua,stub,0,,,,,1.139672,24556151
AphroditeDamage,Color,Color,ColorData.lua,stub,0,,,,,1.139672,24556151
AphroditeDamageLight,Color,Color,ColorData.lua,stub,0,,,,,1.139672,24556151
AphroditeVoice,Color,Color,ColorData.lua,stub,0,,,,,1.139672,24556151
ApolloDamage,Color,Color,ColorData.lua,stub,0,,,,,1.139672,24556151
ApolloDamageLight,Color,Color,ColorData.lua,stub,0,,,,,1.139672,24556151
ApolloVoice,Color,Color,ColorData.lua,stub,0,,,,,1.139672,24556151
Aqua,Color,Color,ColorData.lua,stub,0,,,,,1.139672,24556151
Aquamarine,Color,Color,ColorData.lua,stub,0,,,,,1.139672,24556151
ArachneVoice,Color,Color,ColorData.lua,stub,0,,,,,1.139672,24556151
AresDamage,Color,Color,ColorData.lua,stub,0,,,,,1.139672,24556151
AresDamageLight,Color,Color,ColorData.lua,stub,0,,,,,1.139672,24556151
AresVoice,Color,Color,ColorData.lua,stub,0,,,,,1.139672,24556151
ArmorFlashGold,Color,Color,ColorData.lua,stub,0,,,,,1.139672,24556151
ArtemisDamage,Color,Color,ColorData.lua,stub,0,,,,,1.139672,24556151
ArtemisDamageLight,Color,Color,ColorData.lua,stub,0,,,,,1.139672,24556151
ArtemisVoice,Color,Color,ColorData.lua,stub,0,,,,,1.139672,24556151
AthenaDamage,Color,Color,ColorData.lua,stub,0,,,,,1.139672,24556151
AthenaDamageLight,Color,Color,ColorData.lua,stub,0,,,,,1.139672,24556151
AthenaVoice,Color,Color,ColorData.lua,stub,0,,,,,1.139672,24556151
Azure,Color,Color,ColorData.lua,stub,0,,,,,1.139672,24556151
Beige,Color,Color,ColorData.lua,stub,0,,,,,1.139672,24556151
Bisque,Color,Color,ColorData.lua,stub,0,,,,,1.139672,24556151
Black,Color,Color,ColorData.lua,stub,0,,,,,1.139672,24556151
BlanchedAlmond,Color,Color,ColorData.lua,stub,0,,,,,1.139672,24556151
Blue,Color,Color,ColorData.lua,stub,0,,,,,1.139672,24556151
BlueViolet,Color,Color,ColorData.lua,stub,0,,,,,1.139672,24556151
BonesActive,Color,Color,ColorData.lua,stub,0,,,,,1.139672,24556151
BonesInactive,Color,Color,ColorData.lua,stub,0,,,,,1.139672,24556151
BonesLocked,Color,Color,ColorData.lua,stub,0,,,,,1.139672,24556151
BonesNext,Color,Color,ColorData.lua,stub,0,,,,,1.139672,24556151
BonesUnaffordable,Color,Color,ColorData.lua,stub,0,,,,,1.139672,24556151
BoonBlessing,Color,Color,ColorData.lua,stub,0,,,,,1.139672,24556151
BoonGift,Color,Color,ColorData.lua,stub,0,,,,,1.139672,24556151
BoonInfoAcquired,Color,Color,ColorData.lua,stub,0,,,,,1.139672,24556151
BoonInfoUnacquired,Color,Color,ColorData.lua,stub,0,,,,,1.139672,24556151
BoonMelee,Color,Color,ColorData.lua,stub,0,,,,,1.139672,24556151
BoonPact,Color,Color,ColorData.lua,stub,0,,,,,1.139672,24556151
BoonPatchCommon,Color,Color,ColorData.lua,stub,0,,,,,1.139672,24556151
BoonPatchDuo,Color,Color,ColorData.lua,stub,0,,,,,1.139672,24556151
BoonPatchElemental,Color,Color,ColorData.lua,stub,0,,,,,1.139672,24556151
BoonPatchEpic,Color,Color,ColorData.lua,stub,0,,,,,1.139672,24556151
BoonPatchHeroic,Color,Color,ColorData.lua,stub,0,,,,,1.139672,24556151
BoonPatchLegacy,Color,Color,ColorData.lua,stub,0,,,,,1.139672,24556151
BoonPatchLegendary,Color,Color,ColorData.lua,stub,0,,,,,1.139672,24556151
BoonPatchPerfect,Color,Color,ColorData.lua,stub,0,,,,,1.139672,24556151
BoonPatchRare,Color,Color,ColorData.lua,stub,0,,,,,1.139672,24556151
BoonRanged,Color,Color,ColorData.lua,stub,0,,,,,1.139672,24556151
BoonRush,Color,Color,ColorData.lua,stub,0,,,,,1.139672,24556151
BoonTitle,Color,Color,ColorData.lua,stub,0,,,,,1.139672,24556151
BouldyVoice,Color,Color,ColorData.lua,stub,0,,,,,1.139672,24556151
Brown,Color,Color,ColorData.lua,stub,0,,,,,1.139672,24556151
BurlyWood,Color,Color,ColorData.lua,stub,0,,,,,1.139672,24556151
CadetBlue,Color,Color,ColorData.lua,stub,0,,,,,1.139672,24556151
ChaosVoice,Color,Color,ColorData.lua,stub,0,,,,,1.139672,24556151
CharmHealth,Color,Color,ColorData.lua,stub,0,,,,,1.139672,24556151
CharonVoice,Color,Color,ColorData.lua,stub,0,,,,,1.139672,24556151
Chartreuse,Color,Color,ColorData.lua,stub,0,,,,,1.139672,24556151
Chocolate,Color,Color,ColorData.lua,stub,0,,,,,1.139672,24556151
ChoiceText,Color,Color,ColorData.lua,stub,0,,,,,1.139672,24556151
ChronosSand,Color,Color,ColorData.lua,stub,0,,,,,1.139672,24556151
ChronosVoice,Color,Color,ColorData.lua,stub,0,,,,,1.139672,24556151
CirceVoice,Color,Color,ColorData.lua,stub,0,,,,,1.139672,24556151
CodexLocked,Color,Color,ColorData.lua,stub,0,,,,,1.139672,24556151
CodexText,Color,Color,ColorData.lua,stub,0,,,,,1.139672,24556151
CodexTitleUnselected,Color,Color,ColorData.lua,stub,0,,,,,1.139672,24556151
CodexUnread,Color,Color,ColorData.lua,stub,0,,,,,1.139672,24556151
ContextActionLabel,Color,Color,ColorData.lua,stub,0,,,,,1.139672,24556151
Coral,Color,Color,ColorData.lua,stub,0,,,,,1.139672,24556151
CornflowerBlue,Color,Color,ColorData.lua,stub,0,,,,,1.139672,24556151
Cornsilk,Color,Color,ColorData.lua,stub,0,,,,,1.139672,24556151
CostAffordable,Color,Color,ColorData.lua,stub,0,,,,,1.139672,24556151
CostAffordableDiscount,Color,Color,ColorData.lua,stub,0,,,,,1.139672,24556151
CostAffordableShop,Color,Color,ColorData.lua,stub,0,,,,,1.139672,24556151
CostCantPurchase,Color,Color,ColorData.lua,stub,0,,,,,1.139672,24556151
CostUnaffordable,Color,Color,ColorData.lua,stub,0,,,,,1.139672,24556151
CostUnaffordableDark,Color,Color,ColorData.lua,stub,0,,,,,1.139672,24556151
CostUnaffordableLight,Color,Color,ColorData.lua,stub,0,,,,,1.139672,24556151
CostUnffordableShop,Color,Color,ColorData.lua,stub,0,,,,,1.139672,24556151
Crimson,Color,Color,ColorData.lua,stub,0,,,,,1.139672,24556151
Cyan,Color,Color,ColorData.lua,stub,0,,,,,1.139672,24556151
DarkBlue,Color,Color,ColorData.lua,stub,0,,,,,1.139672,24556151
DarkCyan,Color,Color,ColorData.lua,stub,0,,,,,1.139672,24556151
DarkGoldenrod,Color,Color,ColorData.lua,stub,0,,,,,1.139672,24556151
DarkGray,Color,Color,ColorData.lua,stub,0,,,,,1.139672,24556151
DarkGreen,Color,Color,ColorData.lua,stub,0,,,,,1.139672,24556151
DarkKhaki,Color,Color,ColorData.lua,stub,0,,,,,1.139672,24556151
DarkMagenta,Color,Color,ColorData.lua,stub,0,,,,,1.139672,24556151
DarkOliveGreen,Color,Color,ColorData.lua,stub,0,,,,,1.139672,24556151
DarkOrange,Color,Color,ColorData.lua,stub,0,,,,,1.139672,24556151
DarkOrchid,Color,Color,ColorData.lua,stub,0,,,,,1.139672,24556151
DarkRed,Color,Color,ColorData.lua,stub,0,,,,,1.139672,24556151
DarkSalmon,Color,Color,ColorData.lua,stub,0,,,,,1.139672,24556151
DarkSeaGreen,Color,Color,ColorData.lua,stub,0,,,,,1.139672,24556151
DarkSlateBlue,Color,Color,ColorData.lua,stub,0,,,,,1.139672,24556151
DarkSlateGray,Color,Color,ColorData.lua,stub,0,,,,,1.139672,24556151
DarkTurquoise,Color,Color,ColorData.lua,stub,0,,,,,1.139672,24556151
DarkViolet,Color,Color,ColorData.lua,stub,0,,,,,1.139672,24556151
DarknessPoint,Color,Color,ColorData.lua,stub,0,,,,,1.139672,24556151
DeepPink,Color,Color,ColorData.lua,stub,0,,,,,1.139672,24556151
DeepSkyBlue,Color,Color,ColorData.lua,stub,0,,,,,1.139672,24556151
DefaultText,Color,Color,ColorData.lua,stub,0,,,,,1.139672,24556151
DemeterDamage,Color,Color,ColorData.lua,stub,0,,,,,1.139672,24556151
DemeterDamageLight,Color,Color,ColorData.lua,stub,0,,,,,1.139672,24556151
DemeterVoice,Color,Color,ColorData.lua,stub,0,,,,,1.139672,24556151
DialogueSpeakerName,Color,Color,ColorData.lua,stub,0,,,,,1.139672,24556151
DialogueSpeakerNameOlympian,Color,Color,ColorData.lua,stub,0,,,,,1.139672,24556151
DialogueText,Color,Color,ColorData.lua,stub,0,,,,,1.139672,24556151
DialogueTextLight,Color,Color,ColorData.lua,stub,0,,,,,1.139672,24556151
DimGray,Color,Color,ColorData.lua,stub,0,,,,,1.139672,24556151
DionysusDamage,Color,Color,ColorData.lua,stub,0,,,,,1.139672,24556151
DionysusDamageLight,Color,Color,ColorData.lua,stub,0,,,,,1.139672,24556151
DionysusVoice,Color,Color,ColorData.lua,stub,0,,,,,1.139672,24556151
DodgerBlue,Color,Color,ColorData.lua,stub,0,,,,,1.139672,24556151
DoraVoice,Color,Color,ColorData.lua,stub,0,,,,,1.139672,24556151
DusaVoice,Color,Color,ColorData.lua,stub,0,,,,,1.139672,24556151
EchoText1,Color,Color,ColorData.lua,stub,0,,,,,1.139672,24556151
EchoText2,Color,Color,ColorData.lua,stub,0,,,,,1.139672,24556151
EchoText3,Color,Color,ColorData.lua,stub,0,,,,,1.139672,24556151
EchoVoice,Color,Color,ColorData.lua,stub,0,,,,,1.139672,24556151
ErisVoice,Color,Color,ColorData.lua,stub,0,,,,,1.139672,24556151
FatesVoice,Color,Color,ColorData.lua,stub,0,,,,,1.139672,24556151
Firebrick,Color,Color,ColorData.lua,stub,0,,,,,1.139672,24556151
FlavorText,Color,Color,ColorData.lua,stub,0,,,,,1.139672,24556151
FlavorTextPurple,Color,Color,ColorData.lua,stub,0,,,,,1.139672,24556151
FloralWhite,Color,Color,ColorData.lua,stub,0,,,,,1.139672,24556151
ForestGreen,Color,Color,ColorData.lua,stub,0,,,,,1.139672,24556151
Fuchsia,Color,Color,ColorData.lua,stub,0,,,,,1.139672,24556151
Gainsboro,Color,Color,ColorData.lua,stub,0,,,,,1.139672,24556151
GhostWhite,Color,Color,ColorData.lua,stub,0,,,,,1.139672,24556151
Gold,Color,Color,ColorData.lua,stub,0,,,,,1.139672,24556151
Goldenrod,Color,Color,ColorData.lua,stub,0,,,,,1.139672,24556151
Gray,Color,Color,ColorData.lua,stub,0,,,,,1.139672,24556151
Green,Color,Color,ColorData.lua,stub,0,,,,,1.139672,24556151
GreenYellow,Color,Color,ColorData.lua,stub,0,,,,,1.139672,24556151
HadesVoice,Color,Color,ColorData.lua,stub,0,,,,,1.139672,24556151
HealthBuffer,Color,Color,ColorData.lua,stub,0,,,,,1.139672,24556151
HealthBufferFalloff,Color,Color,ColorData.lua,stub,0,,,,,1.139672,24556151
HealthFalloff,Color,Color,ColorData.lua,stub,0,,,,,1.139672,24556151
HealthScorch,Color,Color,ColorData.lua,stub,0,,,,,1.139672,24556151
HecateVoice,Color,Color,ColorData.lua,stub,0,,,,,1.139672,24556151
HephaestusDamage,Color,Color,ColorData.lua,stub,0,,,,,1.139672,24556151
HephaestusDamageLight,Color,Color,ColorData.lua,stub,0,,,,,1.139672,24556151
HephaestusVoice,Color,Color,ColorData.lua,stub,0,,,,,1.139672,24556151
HeraDamage,Color,Color,ColorData.lua,stub,0,,,,,1.139672,24556151
HeraDamageLight,Color,Color,ColorData.lua,stub,0,,,,,1.139672,24556151
HeraVoice,Color,Color,ColorData.lua,stub,0,,,,,1.139672,24556151
HeraclesVoice,Color,Color,ColorData.lua,stub,0,,,,,1.139672,24556151
HermesVoice,Color,Color,ColorData.lua,stub,0,,,,,1.139672,24556151
HestiaDamage,Color,Color,ColorData.lua,stub,0,,,,,1.139672,24556151
HestiaDamageLight,Color,Color,ColorData.lua,stub,0,,,,,1.139672,24556151
HestiaVoice,Color,Color,ColorData.lua,stub,0,,,,,1.139672,24556151
HitShield,Color,Color,ColorData.lua,stub,0,,,,,1.139672,24556151
Honeydew,Color,Color,ColorData.lua,stub,0,,,,,1.139672,24556151
HotPink,Color,Color,ColorData.lua,stub,0,,,,,1.139672,24556151
HypnosVoice,Color,Color,ColorData.lua,stub,0,,,,,1.139672,24556151
IcarusVoice,Color,Color,ColorData.lua,stub,0,,,,,1.139672,24556151
IndianRed,Color,Color,ColorData.lua,stub,0,,,,,1.139672,24556151
Indigo,Color,Color,ColorData.lua,stub,0,,,,,1.139672,24556151
Ivory,Color,Color,ColorData.lua,stub,0,,,,,1.139672,24556151
Khaki,Color,Color,ColorData.lua,stub,0,,,,,1.139672,24556151
Lavender,Color,Color,ColorData.lua,stub,0,,,,,1.139672,24556151
LavenderBlush,Color,Color,ColorData.lua,stub,0,,,,,1.139672,24556151
LawnGreen,Color,Color,ColorData.lua,stub,0,,,,,1.139672,24556151
LemonChiffon,Color,Color,ColorData.lua,stub,0,,,,,1.139672,24556151
LightBlue,Color,Color,ColorData.lua,stub,0,,,,,1.139672,24556151
LightCoral,Color,Color,ColorData.lua,stub,0,,,,,1.139672,24556151
LightCyan,Color,Color,ColorData.lua,stub,0,,,,,1.139672,24556151
LightGold,Color,Color,ColorData.lua,stub,0,,,,,1.139672,24556151
LightGoldenrodYellow,Color,Color,ColorData.lua,stub,0,,,,,1.139672,24556151
LightGray,Color,Color,ColorData.lua,stub,0,,,,,1.139672,24556151
LightGreen,Color,Color,ColorData.lua,stub,0,,,,,1.139672,24556151
LightPink,Color,Color,ColorData.lua,stub,0,,,,,1.139672,24556151
LightPurple,Color,Color,ColorData.lua,stub,0,,,,,1.139672,24556151
LightSalmon,Color,Color,ColorData.lua,stub,0,,,,,1.139672,24556151
LightSeaGreen,Color,Color,ColorData.lua,stub,0,,,,,1.139672,24556151
LightSkyBlue,Color,Color,ColorData.lua,stub,0,,,,,1.139672,24556151
LightSlateGray,Color,Color,ColorData.lua,stub,0,,,,,1.139672,24556151
LightSteelBlue,Color,Color,ColorData.lua,stub,0,,,,,1.139672,24556151
LightYellow,Color,Color,ColorData.lua,stub,0,,,,,1.139672,24556151
LightYellowGreen,Color,Color,ColorData.lua,stub,0,,,,,1.139672,24556151
Lime,Color,Color,ColorData.lua,stub,0,,,,,1.139672,24556151
LimeGreen,Color,Color,ColorData.lua,stub,0,,,,,1.139672,24556151
Linen,Color,Color,ColorData.lua,stub,0,,,,,1.139672,24556151
LocationTextGold,Color,Color,ColorData.lua,stub,0,,,,,1.139672,24556151
MEMBlue,Color,Color,ColorData.lua,stub,0,,,,,1.139672,24556151
MEMDark,Color,Color,ColorData.lua,stub,0,,,,,1.139672,24556151
MEMGreen,Color,Color,ColorData.lua,stub,0,,,,,1.139672,24556151
Magenta,Color,Color,ColorData.lua,stub,0,,,,,1.139672,24556151
ManaRestoreEligible,Color,Color,ColorData.lua,stub,0,,,,,1.139672,24556151
Maroon,Color,Color,ColorData.lua,stub,0,,,,,1.139672,24556151
MaxFlavorText,Color,Color,ColorData.lua,stub,0,,,,,1.139672,24556151
MedeaVoice,Color,Color,ColorData.lua,stub,0,,,,,1.139672,24556151
MediumAquamarine,Color,Color,ColorData.lua,stub,0,,,,,1.139672,24556151
MediumBlue,Color,Color,ColorData.lua,stub,0,,,,,1.139672,24556151
MediumOrchid,Color,Color,ColorData.lua,stub,0,,,,,1.139672,24556151
MediumPurple,Color,Color,ColorData.lua,stub,0,,,,,1.139672,24556151
MediumSeaGreen,Color,Color,ColorData.lua,stub,0,,,,,1.139672,24556151
MediumSlateBlue,Color,Color,ColorData.lua,stub,0,,,,,1.139672,24556151
MediumSpringGreen,Color,Color,ColorData.lua,stub,0,,,,,1.139672,24556151
MediumTurquoise,Color,Color,ColorData.lua,stub,0,,,,,1.139672,24556151
MediumVioletRed,Color,Color,ColorData.lua,stub,0,,,,,1.139672,24556151
MegVoice,Color,Color,ColorData.lua,stub,0,,,,,1.139672,24556151
MetaUpgradeAttribute,Color,Color,ColorData.lua,stub,0,,,,,1.139672,24556151
MetaUpgradeAttributeLocked,Color,Color,ColorData.lua,stub,0,,,,,1.139672,24556151
MetaUpgradeCardUpgradeInactive,Color,Color,ColorData.lua,stub,0,,,,,1.139672,24556151
MetaUpgradePointsCappedColor,Color,Color,ColorData.lua,stub,0,,,,,1.139672,24556151
MetaUpgradePointsDisplay,Color,Color,ColorData.lua,stub,0,,,,,1.139672,24556151
MetaUpgradePointsInvalid,Color,Color,ColorData.lua,stub,0,,,,,1.139672,24556151
MetaUpgradePointsInvalidPulseColor,Color,Color,ColorData.lua,stub,0,,,,,1.139672,24556151
MidnightBlue,Color,Color,ColorData.lua,stub,0,,,,,1.139672,24556151
MintCream,Color,Color,ColorData.lua,stub,0,,,,,1.139672,24556151
MirrorBAttribute,Color,Color,ColorData.lua,stub,0,,,,,1.139672,24556151
MistyRose,Color,Color,ColorData.lua,stub,0,,,,,1.139672,24556151
Moccasin,Color,Color,ColorData.lua,stub,0,,,,,1.139672,24556151
MorosVoice,Color,Color,ColorData.lua,stub,0,,,,,1.139672,24556151
MorriganDamage,Color,Color,ColorData.lua,stub,0,,,,,1.139672,24556151
MorriganDamageLight,Color,Color,ColorData.lua,stub,0,,,,,1.139672,24556151
NarcissusVoice,Color,Color,ColorData.lua,stub,0,,,,,1.139672,24556151
NarrationText,Color,Color,ColorData.lua,stub,0,,,,,1.139672,24556151
NarratorVoice,Color,Color,ColorData.lua,stub,0,,,,,1.139672,24556151
NavajoWhite,Color,Color,ColorData.lua,stub,0,,,,,1.139672,24556151
Navy,Color,Color,ColorData.lua,stub,0,,,,,1.139672,24556151
NemesisVoice,Color,Color,ColorData.lua,stub,0,,,,,1.139672,24556151
NyxVoice,Color,Color,ColorData.lua,stub,0,,,,,1.139672,24556151
OdysseusVoice,Color,Color,ColorData.lua,stub,0,,,,,1.139672,24556151
OldLace,Color,Color,ColorData.lua,stub,0,,,,,1.139672,24556151
Olive,Color,Color,ColorData.lua,stub,0,,,,,1.139672,24556151
OliveDrab,Color,Color,ColorData.lua,stub,0,,,,,1.139672,24556151
Orange,Color,Color,ColorData.lua,stub,0,,,,,1.139672,24556151
OrangeRed,Color,Color,ColorData.lua,stub,0,,,,,1.139672,24556151
Orchid,Color,Color,ColorData.lua,stub,0,,,,,1.139672,24556151
OrpheusVoice,Color,Color,ColorData.lua,stub,0,,,,,1.139672,24556151
PactOrange,Color,Color,ColorData.lua,stub,0,,,,,1.139672,24556151
PaleGoldenrod,Color,Color,ColorData.lua,stub,0,,,,,1.139672,24556151
PaleGreen,Color,Color,ColorData.lua,stub,0,,,,,1.139672,24556151
PaleTurquoise,Color,Color,ColorData.lua,stub,0,,,,,1.139672,24556151
PaleVioletRed,Color,Color,ColorData.lua,stub,0,,,,,1.139672,24556151
PapayaWhip,Color,Color,ColorData.lua,stub,0,,,,,1.139672,24556151
PeachPuff,Color,Color,ColorData.lua,stub,0,,,,,1.139672,24556151
PenaltyRed,Color,Color,ColorData.lua,stub,0,,,,,1.139672,24556151
PersephoneVoice,Color,Color,ColorData.lua,stub,0,,,,,1.139672,24556151
Peru,Color,Color,ColorData.lua,stub,0,,,,,1.139672,24556151
Pink,Color,Color,ColorData.lua,stub,0,,,,,1.139672,24556151
Plum,Color,Color,ColorData.lua,stub,0,,,,,1.139672,24556151
PolyphemusVoice,Color,Color,ColorData.lua,stub,0,,,,,1.139672,24556151
PoseidonDamage,Color,Color,ColorData.lua,stub,0,,,,,1.139672,24556151
PoseidonDamageLight,Color,Color,ColorData.lua,stub,0,,,,,1.139672,24556151
PoseidonVoice,Color,Color,ColorData.lua,stub,0,,,,,1.139672,24556151
PowderBlue,Color,Color,ColorData.lua,stub,0,,,,,1.139672,24556151
PrometheusVoice,Color,Color,ColorData.lua,stub,0,,,,,1.139672,24556151
Purple,Color,Color,ColorData.lua,stub,0,,,,,1.139672,24556151
RallyHealth,Color,Color,ColorData.lua,stub,0,,,,,1.139672,24556151
Red,Color,Color,ColorData.lua,stub,0,,,,,1.139672,24556151
RosyBrown,Color,Color,ColorData.lua,stub,0,,,,,1.139672,24556151
RoyalBlue,Color,Color,ColorData.lua,stub,0,,,,,1.139672,24556151
SaddleBrown,Color,Color,ColorData.lua,stub,0,,,,,1.139672,24556151
Salmon,Color,Color,ColorData.lua,stub,0,,,,,1.139672,24556151
SandyBrown,Color,Color,ColorData.lua,stub,0,,,,,1.139672,24556151
ScyllaVoice,Color,Color,ColorData.lua,stub,0,,,,,1.139672,24556151
SeaGreen,Color,Color,ColorData.lua,stub,0,,,,,1.139672,24556151
SeaShell,Color,Color,ColorData.lua,stub,0,,,,,1.139672,24556151
SeleneVoice,Color,Color,ColorData.lua,stub,0,,,,,1.139672,24556151
SemiTransparentAntiqueWhite,Color,Color,ColorData.lua,stub,0,,,,,1.139672,24556151
SemiTransparentBlack,Color,Color,ColorData.lua,stub,0,,,,,1.139672,24556151
SemiTransparentLightCoral,Color,Color,ColorData.lua,stub,0,,,,,1.139672,24556151
SemiTransparentLightGreen,Color,Color,ColorData.lua,stub,0,,,,,1.139672,24556151
ShrineAttribute,Color,Color,ColorData.lua,stub,0,,,,,1.139672,24556151
ShrineAttributeLocked,Color,Color,ColorData.lua,stub,0,,,,,1.139672,24556151
ShrinePoint,Color,Color,ColorData.lua,stub,0,,,,,1.139672,24556151
Sienna,Color,Color,ColorData.lua,stub,0,,,,,1.139672,24556151
Silver,Color,Color,ColorData.lua,stub,0,,,,,1.139672,24556151
SkellyVoice,Color,Color,ColorData.lua,stub,0,,,,,1.139672,24556151
SkyBlue,Color,Color,ColorData.lua,stub,0,,,,,1.139672,24556151
SlateBlue,Color,Color,ColorData.lua,stub,0,,,,,1.139672,24556151
SlateGray,Color,Color,ColorData.lua,stub,0,,,,,1.139672,24556151
Snow,Color,Color,ColorData.lua,stub,0,,,,,1.139672,24556151
SpringGreen,Color,Color,ColorData.lua,stub,0,,,,,1.139672,24556151
SteelBlue,Color,Color,ColorData.lua,stub,0,,,,,1.139672,24556151
SubTitle,Color,Color,ColorData.lua,stub,0,,,,,1.139672,24556151
SummonDamage,Color,Color,ColorData.lua,stub,0,,,,,1.139672,24556151
SummonDamageLight,Color,Color,ColorData.lua,stub,0,,,,,1.139672,24556151
Tan,Color,Color,ColorData.lua,stub,0,,,,,1.139672,24556151
Teal,Color,Color,ColorData.lua,stub,0,,,,,1.139672,24556151
ThanatosVoice,Color,Color,ColorData.lua,stub,0,,,,,1.139672,24556151
Thistle,Color,Color,ColorData.lua,stub,0,,,,,1.139672,24556151
Title,Color,Color,ColorData.lua,stub,0,,,,,1.139672,24556151
Title2,Color,Color,ColorData.lua,stub,0,,,,,1.139672,24556151
Tomato,Color,Color,ColorData.lua,stub,0,,,,,1.139672,24556151
TradeAffordable,Color,Color,ColorData.lua,stub,0,,,,,1.139672,24556151
TradeUnaffordable,Color,Color,ColorData.lua,stub,0,,,,,1.139672,24556151
Transparent,Color,Color,ColorData.lua,stub,0,,,,,1.139672,24556151
TransparentBlack,Color,Color,ColorData.lua,stub,0,,,,,1.139672,24556151
TransparentRed,Color,Color,ColorData.lua,stub,0,,,,,1.139672,24556151
TransparentWhite,Color,Color,ColorData.lua,stub,0,,,,,1.139672,24556151
TrapDamage,Color,Color,ColorData.lua,stub,0,,,,,1.139672,24556151
TrapDamageLight,Color,Color,ColorData.lua,stub,0,,,,,1.139672,24556151
Turquoise,Color,Color,ColorData.lua,stub,0,,,,,1.139672,24556151
TyphonVoice,Color,Color,ColorData.lua,stub,0,,,,,1.139672,24556151
UpgradeGold,Color,Color,ColorData.lua,stub,0,,,,,1.139672,24556151
UpgradeGreen,Color,Color,ColorData.lua,stub,0,,,,,1.139672,24556151
UpgradeGreenDark,Color,Color,ColorData.lua,stub,0,,,,,1.139672,24556151
UpgradePreview,Color,Color,ColorData.lua,stub,0,,,,,1.139672,24556151
Violet,Color,Color,ColorData.lua,stub,0,,,,,1.139672,24556151
VitalStats,Color,Color,ColorData.lua,stub,0,,,,,1.139672,24556151
WallSlamDamage,Color,Color,ColorData.lua,stub,0,,,,,1.139672,24556151
WallSlamDamageLight,Color,Color,ColorData.lua,stub,0,,,,,1.139672,24556151
Wheat,Color,Color,ColorData.lua,stub,0,,,,,1.139672,24556151
White,Color,Color,ColorData.lua,stub,0,,,,,1.139672,24556151
WhiteSmoke,Color,Color,ColorData.lua,stub,0,,,,,1.139672,24556151
Yellow,Color,Color,ColorData.lua,stub,0,,,,,1.139672,24556151
YellowGreen,Color,Color,ColorData.lua,stub,0,,,,,1.139672,24556151
ZagreusVoice,Color,Color,ColorData.lua,stub,0,,,,,1.139672,24556151
ZeusDamage,Color,Color,ColorData.lua,stub,0,,,,,1.139672,24556151
ZeusDamageLight,Color,Color,ColorData.lua,stub,0,,,,,1.139672,24556151
ZeusVoice,Color,Color,ColorData.lua,stub,0,,,,,1.139672,24556151
AmmoPipMaxWidth,CombatUI,CombatUI,UIData.lua,stub,0,,,,,1.139672,24556151
AmmoPipSpacing,CombatUI,CombatUI,UIData.lua,stub,0,,,,,1.139672,24556151
AutoHideEnabled,CombatUI,CombatUI,UIData.lua,stub,0,,,,,1.139672,24556151
DamageTextCoalesceAll,CombatUI,CombatUI,UIData.lua,stub,0,,,,,1.139672,24556151
DamageTextHoldTime,CombatUI,CombatUI,UIData.lua,stub,0,,,,,1.139672,24556151
DamageTweenSpeed,CombatUI,CombatUI,UIData.lua,stub,0,,,,,1.139672,24556151
DeathHoldDuration,CombatUI,CombatUI,UIData.lua,stub,0,,,,,1.139672,24556151
ExtraLargeHealthBarScale,CombatUI,CombatUI,UIData.lua,stub,0,,,,,1.139672,24556151
FadeDistance,CombatUI,CombatUI,UIData.lua,defined,11,,,,,1.139672,24556151
FadeDuration,CombatUI,CombatUI,UIData.lua,stub,0,,,,,1.139672,24556151
FadeInDuration,CombatUI,CombatUI,UIData.lua,stub,0,,,,,1.139672,24556151
HealthBarFalloffDelay,CombatUI,CombatUI,UIData.lua,stub,0,,,,,1.139672,24556151
HideDelay,CombatUI,CombatUI,UIData.lua,stub,0,,,,,1.139672,24556151
HideThreadName,CombatUI,CombatUI,UIData.lua,stub,0,,,,,1.139672,24556151
LargeHealthBarScale,CombatUI,CombatUI,UIData.lua,stub,0,,,,,1.139672,24556151
MaxDamageDistance,CombatUI,CombatUI,UIData.lua,stub,0,,,,,1.139672,24556151
MediumHealthBarScale,CombatUI,CombatUI,UIData.lua,stub,0,,,,,1.139672,24556151
MediumHealthBarThreshold,CombatUI,CombatUI,UIData.lua,stub,0,,,,,1.139672,24556151
MediumLargeHealthBarScale,CombatUI,CombatUI,UIData.lua,stub,0,,,,,1.139672,24556151
MediumLargeHealthBarThreshold,CombatUI,CombatUI,UIData.lua,stub,0,,,,,1.139672,24556151
PoisonPipBossSpacing,CombatUI,CombatUI,UIData.lua,stub,0,,,,,1.139672,24556151
PoisonPipMaxWidth,CombatUI,CombatUI,UIData.lua,stub,0,,,,,1.139672,24556151
PoisonPipSpacing,CombatUI,CombatUI,UIData.lua,stub,0,,,,,1.139672,24556151
SmallHealthBarScale,CombatUI,CombatUI,UIData.lua,stub,0,,,,,1.139672,24556151
SmallHeathBarThreshold,CombatUI,CombatUI,UIData.lua,stub,0,,,,,1.139672,24556151
TraitFadeDuration,CombatUI,CombatUI,UIData.lua,stub,0,,,,,1.139672,24556151
TraitUIStart,CombatUI,CombatUI,UIData.lua,stub,0,,,,,1.139672,24556151
CreditsGroup,CreditsData,CreditsData,CreditsData.lua,stub,0,,,,,1.139672,24556151
Formats,CreditsData,CreditsData,CreditsData.lua,defined,16,ColumnCenter,,,,1.139672,24556151
NumericTokens,CreditsData,CreditsData,CreditsData.lua,defined,6,,,,,1.139672,24556151
PreSongDelay,CreditsData,CreditsData,CreditsData.lua,stub,0,,,,,1.139672,24556151
ScrollingCredits,CreditsData,CreditsData,CreditsData.lua,stub,0,,,,,1.139672,24556151
SongDuration,CreditsData,CreditsData,CreditsData.lua,stub,0,,,,,1.139672,24556151
AcidDoT,EffectData,EffectData,EffectData.lua,stub,1,NoSlowFrameEffect;NoShakeEffect,,,,1.139672,24556151
AddHitShields,EffectData,EffectData,EffectData.lua,defined,1,,,,,1.139672,24556151
AmplifyKnockbackEffect,EffectData,EffectData,EffectData.lua,defined,11,,,,,1.139672,24556151
ApolloColorProjectile,EffectData,EffectData,EffectData.lua,defined,2,,,,,1.139672,24556151
AresStatus,EffectData,EffectData,EffectData.lua,defined,7,,,,,1.139672,24556151
ArtemisBoonHuntersMark,EffectData,EffectData,EffectData.lua,defined,5,,,,,1.139672,24556151
ArtemisHuntersMark,EffectData,EffectData,EffectData.lua,defined,5,,,,,1.139672,24556151
AthenaDeflect,EffectData,EffectData,EffectData.lua,defined,2,InvulnerableEffect,,,,1.139672,24556151
AthenaInvulnerable,EffectData,EffectData,EffectData.lua,defined,5,,,,,1.139672,24556151
AthenaProjectileDefense,EffectData,EffectData,EffectData.lua,defined,1,,,,,1.139672,24556151
AutomatonMark,EffectData,EffectData,EffectData.lua,defined,5,,,,,1.139672,24556151
AxeSpinAttackDisable,EffectData,EffectData,EffectData.lua,defined,2,,,,,1.139672,24556151
BigDisable,EffectData,EffectData,EffectData.lua,defined,2,,,,,1.139672,24556151
BlindDash,EffectData,EffectData,EffectData.lua,defined,2,BlindEffect,,,,1.139672,24556151
BlindEffect,EffectData,EffectData,EffectData.lua,defined,6,ApolloColorProjectile,,,,1.139672,24556151
BlindPrimary,EffectData,EffectData,EffectData.lua,stub,1,BlindEffect,,,,1.139672,24556151
BlindRetaliate,EffectData,EffectData,EffectData.lua,stub,1,BlindEffect,,,,1.139672,24556151
BlindSecondary,EffectData,EffectData,EffectData.lua,stub,1,BlindEffect,,,,1.139672,24556151
BlockEffect,EffectData,EffectData,EffectData.lua,defined,1,,,,,1.139672,24556151
BlockEmpower,EffectData,EffectData,EffectData.lua,defined,3,,,,,1.139672,24556151
BlockReloadEffect,EffectData,EffectData,EffectData.lua,defined,1,,,,,1.139672,24556151
BlockStun,EffectData,EffectData,EffectData.lua,defined,7,StunEffect,,,,1.139672,24556151
BuffInvulnerable,EffectData,EffectData,EffectData.lua,stub,1,InvulnerableEffect,,,,1.139672,24556151
BurnBlind,EffectData,EffectData,EffectData.lua,defined,1,,,,,1.139672,24556151
BurnCast,EffectData,EffectData,EffectData.lua,stub,1,BurnEffect,,,,1.139672,24556151
BurnDeath,EffectData,EffectData,EffectData.lua,stub,1,BurnEffect,,,,1.139672,24556151
BurnEffect,EffectData,EffectData,EffectData.lua,defined,40,NoSlowFrameEffect;NoShakeEffect;HestiaColorProjectile,,,,1.139672,24556151
BurnPrimary,EffectData,EffectData,EffectData.lua,stub,1,BurnEffect,,,,1.139672,24556151
BurnSecondary,EffectData,EffectData,EffectData.lua,stub,1,BurnEffect,,,,1.139672,24556151
BurnSprint,EffectData,EffectData,EffectData.lua,stub,1,BurnEffect,,,,1.139672,24556151
CastGripEffect,EffectData,EffectData,EffectData.lua,defined,2,,,,,1.139672,24556151
CastInvulnerable,EffectData,EffectData,EffectData.lua,stub,1,InvulnerableEffect,,,,1.139672,24556151
CastSpeedBoostEffect,EffectData,EffectData,EffectData.lua,defined,1,,,,,1.139672,24556151
CastVacuumStun,EffectData,EffectData,EffectData.lua,defined,3,,,,,1.139672,24556151
ChaosStun,EffectData,EffectData,EffectData.lua,defined,2,,,,,1.139672,24556151
Charm,EffectData,EffectData,EffectData.lua,defined,1,,Charm,魅惑,,1.139672,24556151
ChillCast,EffectData,EffectData,EffectData.lua,stub,1,ChillEffect,,,,1.139672,24556151
ChillCastBonus,EffectData,EffectData,EffectData.lua,stub,1,ChillEffect,,,,1.139672,24556151
ChillEffect,EffectData,EffectData,EffectData.lua,defined,16,,,,,1.139672,24556151
ChillPrimary,EffectData,EffectData,EffectData.lua,stub,1,ChillEffect,,,,1.139672,24556151
ChillSecondary,EffectData,EffectData,EffectData.lua,stub,1,ChillEffect,,,,1.139672,24556151
ChillSprint,EffectData,EffectData,EffectData.lua,stub,1,ChillEffect,,,,1.139672,24556151
ChillStatueEffect,EffectData,EffectData,EffectData.lua,stub,1,ChillEffect,,,,1.139672,24556151
ChronosPolymorphStun,EffectData,EffectData,EffectData.lua,defined,3,,,,,1.139672,24556151
ClearCast,EffectData,EffectData,EffectData.lua,defined,5,,,,,1.139672,24556151
ClearCastPoseidon,EffectData,EffectData,EffectData.lua,defined,3,ClearCast,,,,1.139672,24556151
ComboAttackExIndicator,EffectData,EffectData,EffectData.lua,defined,5,,,,,1.139672,24556151
ComboAttackIndicator,EffectData,EffectData,EffectData.lua,defined,6,,,,,1.139672,24556151
ComboExIndicator,EffectData,EffectData,EffectData.lua,defined,6,,,,,1.139672,24556151
ComboSpecialExIndicator,EffectData,EffectData,EffectData.lua,defined,5,,,,,1.139672,24556151
ComboSpecialIndicator,EffectData,EffectData,EffectData.lua,defined,6,,,,,1.139672,24556151
DaggerBlockInvincibubble,EffectData,EffectData,EffectData.lua,defined,4,InvulnerableEffect,,,,1.139672,24556151
DaggerSpecial1Disable,EffectData,EffectData,EffectData.lua,defined,2,,,,,1.139672,24556151
DamageEchoEffect,EffectData,EffectData,EffectData.lua,defined,9,ZeusColorProjectile,,,,1.139672,24556151
DamageEchoPrimary,EffectData,EffectData,EffectData.lua,stub,1,DamageEchoEffect,,,,1.139672,24556151
DamageEchoSecondary,EffectData,EffectData,EffectData.lua,stub,1,DamageEchoEffect,,,,1.139672,24556151
DamageEchoSprint,EffectData,EffectData,EffectData.lua,stub,1,DamageEchoEffect,,,,1.139672,24556151
DamageEchoVulnerabilityPlaceholder,EffectData,EffectData,EffectData.lua,defined,1,,,,,1.139672,24556151
DamageOverTime,EffectData,EffectData,EffectData.lua,defined,14,NoSlowFrameEffect;NoShakeEffect,DamageOverTime,醉酒,,1.139672,24556151
DamageShareDeath,EffectData,EffectData,EffectData.lua,defined,2,,,,,1.139672,24556151
DamageShareEffect,EffectData,EffectData,EffectData.lua,defined,20,,,,,1.139672,24556151
DelayedDamageEffect,EffectData,EffectData,EffectData.lua,defined,2,,,,,1.139672,24556151
DelayedKnockbackEffect,EffectData,EffectData,EffectData.lua,defined,7,,,,,1.139672,24556151
DemeterSlow,EffectData,EffectData,EffectData.lua,defined,4,,,,,1.139672,24556151
DemeterStun,EffectData,EffectData,EffectData.lua,defined,4,StunEffect,,,,1.139672,24556151
DemeterTickEffect,EffectData,EffectData,EffectData.lua,defined,8,,,,,1.139672,24556151
DoraSlow,EffectData,EffectData,EffectData.lua,defined,2,,,,,1.139672,24556151
DrainStun,EffectData,EffectData,EffectData.lua,defined,5,StunEffect,,,,1.139672,24556151
DrainVulnerabilityEffect,EffectData,EffectData,EffectData.lua,defined,3,,,,,1.139672,24556151
EliteAttributeStun,EffectData,EffectData,EffectData.lua,defined,2,,,,,1.139672,24556151
EliteManaDrain,EffectData,EffectData,EffectData.lua,defined,2,,,,,1.139672,24556151
EncounterStartInvulnerableBuff,EffectData,EffectData,EffectData.lua,defined,2,InvulnerableEffect,,,,1.139672,24556151
EncounterStartOffense,EffectData,EffectData,EffectData.lua,defined,2,,,,,1.139672,24556151
ErisSelfBuff,EffectData,EffectData,EffectData.lua,defined,4,,,,,1.139672,24556151
ExAttackSuitDefense,EffectData,EffectData,EffectData.lua,defined,2,BlockEffect,,,,1.139672,24556151
ExAttackSuitShield,EffectData,EffectData,EffectData.lua,defined,3,BlockEffect,,,,1.139672,24556151
ExecuteIndicator,EffectData,EffectData,EffectData.lua,defined,3,,,,,1.139672,24556151
FreezeStun,EffectData,EffectData,EffectData.lua,defined,1,,,,,1.139672,24556151
Frenzy,EffectData,EffectData,EffectData.lua,defined,6,,Frenzy,{!Icons.PerkFrenzy} 身手迅捷,,1.139672,24556151
GhostEffect,EffectData,EffectData,EffectData.lua,defined,1,,,,,1.139672,24556151
GhostWallHalt,EffectData,EffectData,EffectData.lua,defined,2,,,,,1.139672,24556151
HadesInvisible,EffectData,EffectData,EffectData.lua,defined,2,,,,,1.139672,24556151
HadesSweepEffect,EffectData,EffectData,EffectData.lua,defined,3,,,,,1.139672,24556151
HecateDarkSide,EffectData,EffectData,EffectData.lua,defined,4,,,,,1.139672,24556151
HecatePolymorphStun,EffectData,EffectData,EffectData.lua,defined,2,,,,,1.139672,24556151
HelOverheat,EffectData,EffectData,EffectData.lua,defined,4,,,,,1.139672,24556151
HeraColorProjectile,EffectData,EffectData,EffectData.lua,defined,2,,,,,1.139672,24556151
HeroOnHitStun,EffectData,EffectData,EffectData.lua,defined,1,,,,,1.139672,24556151
HestiaColorProjectile,EffectData,EffectData,EffectData.lua,defined,2,,,,,1.139672,24556151
HostilePolymorphSpeed,EffectData,EffectData,EffectData.lua,defined,1,,,,,1.139672,24556151
HoundStun,EffectData,EffectData,EffectData.lua,defined,5,StunEffect,,,,1.139672,24556151
IcarusInvulnerable,EffectData,EffectData,EffectData.lua,defined,2,InvulnerableEffect,,,,1.139672,24556151
IcedEffect,EffectData,EffectData,EffectData.lua,defined,2,,,,,1.139672,24556151
ImpactGrip,EffectData,EffectData,EffectData.lua,defined,2,,,,,1.139672,24556151
ImpactSlow,EffectData,EffectData,EffectData.lua,defined,5,,,,,1.139672,24556151
InsideCastBuff,EffectData,EffectData,EffectData.lua,defined,5,,,,,1.139672,24556151
InvulnerableEffect,EffectData,EffectData,EffectData.lua,defined,1,,,,,1.139672,24556151
LaserDisable,EffectData,EffectData,EffectData.lua,defined,2,,,,,1.139672,24556151
LaserFireCancelable,EffectData,EffectData,EffectData.lua,defined,2,,,,,1.139672,24556151
LaserFireEndCancelable,EffectData,EffectData,EffectData.lua,defined,1,,,,,1.139672,24556151
LavaVignette,EffectData,EffectData,EffectData.lua,defined,2,,,,,1.139672,24556151
LegacyChillEffect,EffectData,EffectData,EffectData.lua,defined,9,,,,,1.139672,24556151
Lob1Disable,EffectData,EffectData,EffectData.lua,defined,2,,,,,1.139672,24556151
LobWeaponInvulnerable,EffectData,EffectData,EffectData.lua,defined,4,,,,,1.139672,24556151
LobWeaponShortInvulnerable,EffectData,EffectData,EffectData.lua,defined,3,,,,,1.139672,24556151
LobWeaponSpecialDisable,EffectData,EffectData,EffectData.lua,defined,4,,,,,1.139672,24556151
LobWeaponSpecialDisableCancellable,EffectData,EffectData,EffectData.lua,defined,4,,,,,1.139672,24556151
LobWeaponSpecialRotateLock,EffectData,EffectData,EffectData.lua,defined,2,,,,,1.139672,24556151
ManaSpendBuff,EffectData,EffectData,EffectData.lua,defined,1,,,,,1.139672,24556151
MatiHypnosis,EffectData,EffectData,EffectData.lua,defined,3,,,,,1.139672,24556151
MedeaPoison,EffectData,EffectData,EffectData.lua,defined,16,,,,,1.139672,24556151
MedeaPoisonAllyBoost,EffectData,EffectData,EffectData.lua,defined,2,,,,,1.139672,24556151
MeteorGripEffect,EffectData,EffectData,EffectData.lua,defined,2,,,,,1.139672,24556151
MeteorInvincibubble,EffectData,EffectData,EffectData.lua,defined,2,InvulnerableEffect,,,,1.139672,24556151
MeteorSlowEffect,EffectData,EffectData,EffectData.lua,defined,2,,,,,1.139672,24556151
MeteorVulnerabilityEffect,EffectData,EffectData,EffectData.lua,defined,2,,,,,1.139672,24556151
MiasmaSlow,EffectData,EffectData,EffectData.lua,defined,4,,,,,1.139672,24556151
MoonBeamVulnerability,EffectData,EffectData,EffectData.lua,defined,5,,MoonBeamVulnerability,闪耀,,1.139672,24556151
NoShakeEffect,EffectData,EffectData,EffectData.lua,defined,1,,,,,1.139672,24556151
NoSlowFrameEffect,EffectData,EffectData,EffectData.lua,defined,1,,,,,1.139672,24556151
NyxBlastReady,EffectData,EffectData,EffectData.lua,defined,1,,,,,1.139672,24556151
NyxHitBuff,EffectData,EffectData,EffectData.lua,defined,3,,,,,1.139672,24556151
OmegaDamageBuffEffect,EffectData,EffectData,EffectData.lua,defined,5,,,,,1.139672,24556151
OnHitStun,EffectData,EffectData,EffectData.lua,defined,2,,,,,1.139672,24556151
OnHitStunAxeBlock,EffectData,EffectData,EffectData.lua,defined,3,OnHitStun,,,,1.139672,24556151
OnHitStunHeavy,EffectData,EffectData,EffectData.lua,defined,3,,,,,1.139672,24556151
OnSprintHitStun,EffectData,EffectData,EffectData.lua,defined,5,OnHitStun,,,,1.139672,24556151
PolymorphCastDisable,EffectData,EffectData,EffectData.lua,defined,2,,,,,1.139672,24556151
PolymorphDamageTaken,EffectData,EffectData,EffectData.lua,defined,2,,,,,1.139672,24556151
PolymorphStun,EffectData,EffectData,EffectData.lua,defined,2,,,,,1.139672,24556151
PolymorphTag,EffectData,EffectData,EffectData.lua,defined,6,,,,,1.139672,24556151
PolyphemusPlayerGrab,EffectData,EffectData,EffectData.lua,defined,4,,,,,1.139672,24556151
PolyphemusStomachAche,EffectData,EffectData,EffectData.lua,defined,3,NoSlowFrameEffect;NoShakeEffect,,,,1.139672,24556151
PoseidonStun,EffectData,EffectData,EffectData.lua,defined,3,StunEffect,,,,1.139672,24556151
PotionBuff,EffectData,EffectData,EffectData.lua,defined,6,,,,,1.139672,24556151
RavenFamiliarMark,EffectData,EffectData,EffectData.lua,defined,5,,,,,1.139672,24556151
ReserveManaInvulnerability,EffectData,EffectData,EffectData.lua,defined,4,,,,,1.139672,24556151
Rooted,EffectData,EffectData,EffectData.lua,defined,3,,,,,1.139672,24556151
RushWeaponInvulnerable,EffectData,EffectData,EffectData.lua,defined,3,,,,,1.139672,24556151
RushWeaponInvulnerableCharge,EffectData,EffectData,EffectData.lua,defined,3,,,,,1.139672,24556151
SafeZone,EffectData,EffectData,EffectData.lua,defined,2,InvulnerableEffect,SafeZone,防护结界,,1.139672,24556151
SatyrEnlarge,EffectData,EffectData,EffectData.lua,defined,4,,,,,1.139672,24556151
SelfBuffOutput,EffectData,EffectData,EffectData.lua,defined,4,,,,,1.139672,24556151
SheepSickSlow,EffectData,EffectData,EffectData.lua,defined,5,,,,,1.139672,24556151
ShieldSelfInvulnerableRush,EffectData,EffectData,EffectData.lua,stub,1,BlockEffect,,,,1.139672,24556151
ShieldSelfReflectRush,EffectData,EffectData,EffectData.lua,stub,1,BlockEffect,,,,1.139672,24556151
ShivaAttackBoost,EffectData,EffectData,EffectData.lua,defined,6,,,,,1.139672,24556151
ShoutSelfSlow,EffectData,EffectData,EffectData.lua,defined,1,,,,,1.139672,24556151
Special1Disable,EffectData,EffectData,EffectData.lua,defined,2,,,,,1.139672,24556151
Special1DisableMoveHold,EffectData,EffectData,EffectData.lua,defined,1,,,,,1.139672,24556151
SpeedBoostEffect,EffectData,EffectData,EffectData.lua,defined,1,,,,,1.139672,24556151
SpellHealDisable,EffectData,EffectData,EffectData.lua,defined,2,,,,,1.139672,24556151
SprintStasisEffect,EffectData,EffectData,EffectData.lua,defined,3,,,,,1.139672,24556151
StaffSelfBuff,EffectData,EffectData,EffectData.lua,defined,5,,,,,1.139672,24556151
StasisStun,EffectData,EffectData,EffectData.lua,defined,3,,,,,1.139672,24556151
SteamEffect,EffectData,EffectData,EffectData.lua,defined,3,NoSlowFrameEffect;NoShakeEffect,,,,1.139672,24556151
StunEffect,EffectData,EffectData,EffectData.lua,defined,1,,,,,1.139672,24556151
Suit2DisableCancellable,EffectData,EffectData,EffectData.lua,defined,2,,,,,1.139672,24556151
SuitAttackDashDisable,EffectData,EffectData,EffectData.lua,defined,1,,,,,1.139672,24556151
SuitSpecialLock,EffectData,EffectData,EffectData.lua,defined,1,,,,,1.139672,24556151
Swing1Disable,EffectData,EffectData,EffectData.lua,defined,2,,,,,1.139672,24556151
Swing2Disable,EffectData,EffectData,EffectData.lua,defined,2,,,,,1.139672,24556151
Swing3Disable,EffectData,EffectData,EffectData.lua,defined,2,,,,,1.139672,24556151
Swing5Disable,EffectData,EffectData,EffectData.lua,defined,2,,,,,1.139672,24556151
SwingDashDisable,EffectData,EffectData,EffectData.lua,defined,2,,,,,1.139672,24556151
SwingDoubleDisable,EffectData,EffectData,EffectData.lua,defined,2,,,,,1.139672,24556151
SwingMultiDisable,EffectData,EffectData,EffectData.lua,defined,2,,,,,1.139672,24556151
TimeElementalHeal,EffectData,EffectData,EffectData.lua,defined,1,,,,,1.139672,24556151
TimeElementalSpeedBoost,EffectData,EffectData,EffectData.lua,defined,2,,,,,1.139672,24556151
TorchSpecialDisable,EffectData,EffectData,EffectData.lua,defined,2,,,,,1.139672,24556151
VulnerabilityIndicator,EffectData,EffectData,EffectData.lua,defined,5,,,,,1.139672,24556151
WeakCast,EffectData,EffectData,EffectData.lua,stub,1,WeakEffect,,,,1.139672,24556151
WeakDamageOutput,EffectData,EffectData,EffectData.lua,defined,1,,,,,1.139672,24556151
WeakDamageTaken,EffectData,EffectData,EffectData.lua,defined,1,,,,,1.139672,24556151
WeakDash,EffectData,EffectData,EffectData.lua,stub,1,WeakEffect,,,,1.139672,24556151
WeakEffect,EffectData,EffectData,EffectData.lua,defined,8,,,,,1.139672,24556151
WeakPrimary,EffectData,EffectData,EffectData.lua,stub,1,WeakEffect,,,,1.139672,24556151
WeakSecondary,EffectData,EffectData,EffectData.lua,stub,1,WeakEffect,,,,1.139672,24556151
WeaponDaggerMorriganThrowEXDisable,EffectData,EffectData,EffectData.lua,defined,3,,,,,1.139672,24556151
WeaponDaggerMorriganThrowEXDisableCancellable,EffectData,EffectData,EffectData.lua,defined,1,,,,,1.139672,24556151
WeaponDaggerMorriganThrowEXDisableMoveHold,EffectData,EffectData,EffectData.lua,defined,1,,,,,1.139672,24556151
WeaponDaggerThrowEXDisable,EffectData,EffectData,EffectData.lua,defined,3,,,,,1.139672,24556151
WeaponDaggerThrowEXDisableCancellable,EffectData,EffectData,EffectData.lua,defined,1,,,,,1.139672,24556151
WeaponDaggerThrowEXDisableMoveHold,EffectData,EffectData,EffectData.lua,defined,1,,,,,1.139672,24556151
WeaponLeapDisable,EffectData,EffectData,EffectData.lua,defined,2,,,,,1.139672,24556151
WeaponLobHelAttackEXDisable,EffectData,EffectData,EffectData.lua,defined,1,,,,,1.139672,24556151
WeaponLobHelAttackEXDisableCancellable,EffectData,EffectData,EffectData.lua,defined,1,,,,,1.139672,24556151
WebSlow,EffectData,EffectData,EffectData.lua,defined,3,,,,,1.139672,24556151
ZeusColorProjectile,EffectData,EffectData,EffectData.lua,defined,2,,,,,1.139672,24556151
ZeusRepeatedStun,EffectData,EffectData,EffectData.lua,defined,2,,,,,1.139672,24556151
ZeusStun,EffectData,EffectData,EffectData.lua,defined,4,StunEffect,,,,1.139672,24556151
AnomalyEncountersB,EncounterSets,EncounterSets,EncounterSets.lua,stub,0,,,,,1.139672,24556151
EliteChallengeOptions,EncounterSets,EncounterSets,EncounterSets.lua,stub,0,,,,,1.139672,24556151
EncounterEventsAnomaly,EncounterSets,EncounterSets,EncounterSets.lua,stub,0,,,,,1.139672,24556151
EncounterEventsArachneCombat,EncounterSets,EncounterSets,EncounterSets.lua,stub,0,,,,,1.139672,24556151
EncounterEventsArtemisCombat,EncounterSets,EncounterSets,EncounterSets.lua,stub,0,,,,,1.139672,24556151
EncounterEventsAthenaCombat,EncounterSets,EncounterSets,EncounterSets.lua,stub,0,,,,,1.139672,24556151
EncounterEventsBossSpawnedEncounter,EncounterSets,EncounterSets,EncounterSets.lua,stub,0,,,,,1.139672,24556151
EncounterEventsCapturePoint,EncounterSets,EncounterSets,EncounterSets.lua,stub,0,,,,,1.139672,24556151
EncounterEventsCharonFight,EncounterSets,EncounterSets,EncounterSets.lua,stub,0,,,,,1.139672,24556151
EncounterEventsDefault,EncounterSets,EncounterSets,EncounterSets.lua,stub,0,,,,,1.139672,24556151
EncounterEventsEliteChallenge,EncounterSets,EncounterSets,EncounterSets.lua,stub,0,,,,,1.139672,24556151
EncounterEventsExtraDoorUnlock,EncounterSets,EncounterSets,EncounterSets.lua,stub,0,,,,,1.139672,24556151
EncounterEventsH,EncounterSets,EncounterSets,EncounterSets.lua,stub,0,,,,,1.139672,24556151
EncounterEventsHMiniboss,EncounterSets,EncounterSets,EncounterSets.lua,stub,0,,,,,1.139672,24556151
EncounterEventsHeraclesCombat,EncounterSets,EncounterSets,EncounterSets.lua,stub,0,,,,,1.139672,24556151
EncounterEventsHeraclesCombatO,EncounterSets,EncounterSets,EncounterSets.lua,stub,0,,,,,1.139672,24556151
EncounterEventsIcarusCombat,EncounterSets,EncounterSets,EncounterSets.lua,stub,0,,,,,1.139672,24556151
EncounterEventsIcarusShipsCombat,EncounterSets,EncounterSets,EncounterSets.lua,stub,0,,,,,1.139672,24556151
EncounterEventsMiniBossCrawler,EncounterSets,EncounterSets,EncounterSets.lua,stub,0,,,,,1.139672,24556151
EncounterEventsMiniBossJellyfish,EncounterSets,EncounterSets,EncounterSets.lua,stub,0,,,,,1.139672,24556151
EncounterEventsMiniBossRatCatcher,EncounterSets,EncounterSets,EncounterSets.lua,stub,0,,,,,1.139672,24556151
EncounterEventsMiniBossTyphonTail,EncounterSets,EncounterSets,EncounterSets.lua,stub,0,,,,,1.139672,24556151
EncounterEventsMiniBossWaterUnit,EncounterSets,EncounterSets,EncounterSets.lua,stub,0,,,,,1.139672,24556151
EncounterEventsNemesisCombat,EncounterSets,EncounterSets,EncounterSets.lua,stub,0,,,,,1.139672,24556151
EncounterEventsNemesisCombatFields,EncounterSets,EncounterSets,EncounterSets.lua,stub,0,,,,,1.139672,24556151
EncounterEventsNonCombat,EncounterSets,EncounterSets,EncounterSets.lua,stub,0,,,,,1.139672,24556151
EncounterEventsPerfectClear,EncounterSets,EncounterSets,EncounterSets.lua,stub,0,,,,,1.139672,24556151
EncounterEventsPerfectClearChallenge,EncounterSets,EncounterSets,EncounterSets.lua,stub,0,,,,,1.139672,24556151
EncounterEventsShipsCombat,EncounterSets,EncounterSets,EncounterSets.lua,stub,0,,,,,1.139672,24556151
EncounterEventsTimeChallenge,EncounterSets,EncounterSets,EncounterSets.lua,stub,0,,,,,1.139672,24556151
FEncountersDefault,EncounterSets,EncounterSets,EncounterSets.lua,stub,0,,,,,1.139672,24556151
GEncountersDefault,EncounterSets,EncounterSets,EncounterSets.lua,stub,0,,,,,1.139672,24556151
HEncountersDefault,EncounterSets,EncounterSets,EncounterSets.lua,stub,0,,,,,1.139672,24556151
HEncountersPassive,EncounterSets,EncounterSets,EncounterSets.lua,stub,0,,,,,1.139672,24556151
HEncountersPassiveSmall,EncounterSets,EncounterSets,EncounterSets.lua,stub,0,,,,,1.139672,24556151
IEncountersDefault,EncounterSets,EncounterSets,EncounterSets.lua,stub,0,,,,,1.139672,24556151
IEncountersSmaller,EncounterSets,EncounterSets,EncounterSets.lua,stub,0,,,,,1.139672,24556151
NEncountersBigger,EncounterSets,EncounterSets,EncounterSets.lua,stub,0,,,,,1.139672,24556151
NEncountersDefault,EncounterSets,EncounterSets,EncounterSets.lua,stub,0,,,,,1.139672,24556151
NEncountersSmaller,EncounterSets,EncounterSets,EncounterSets.lua,stub,0,,,,,1.139672,24556151
NEncountersSubRoom,EncounterSets,EncounterSets,EncounterSets.lua,stub,0,,,,,1.139672,24556151
NEncountersSubRoomHeavy,EncounterSets,EncounterSets,EncounterSets.lua,stub,0,,,,,1.139672,24556151
NEncountersSubRoomLight,EncounterSets,EncounterSets,EncounterSets.lua,stub,0,,,,,1.139672,24556151
OEncountersDefault,EncounterSets,EncounterSets,EncounterSets.lua,stub,0,,,,,1.139672,24556151
OEncountersIntros,EncounterSets,EncounterSets,EncounterSets.lua,stub,0,,,,,1.139672,24556151
PEncountersDefault,EncounterSets,EncounterSets,EncounterSets.lua,stub,0,,,,,1.139672,24556151
PEncountersIntros,EncounterSets,EncounterSets,EncounterSets.lua,stub,0,,,,,1.139672,24556151
PerfectClearOptions,EncounterSets,EncounterSets,EncounterSets.lua,stub,0,,,,,1.139672,24556151
QEncountersDefault,EncounterSets,EncounterSets,EncounterSets.lua,stub,0,,,,,1.139672,24556151
QEncountersIslands,EncounterSets,EncounterSets,EncounterSets.lua,stub,0,,,,,1.139672,24556151
QEncountersPreBoss,EncounterSets,EncounterSets,EncounterSets.lua,stub,0,,,,,1.139672,24556151
ShopRoomEvents,EncounterSets,EncounterSets,EncounterSets.lua,stub,0,,,,,1.139672,24556151
ShopRoomEvents_N,EncounterSets,EncounterSets,EncounterSets.lua,stub,0,,,,,1.139672,24556151
TimeChallengeOptions,EncounterSets,EncounterSets,EncounterSets.lua,stub,0,,,,,1.139672,24556151
AliceTestEnemy,EnemyData,UnitSetData.Enemies,EnemyData.lua,defined,14,BaseVulnerableEnemy,,,,1.139672,24556151
AphroditeUpgradeRoomWeapon,EnemyData,UnitSetData.Enemies,EnemyData.lua,defined,4,PassiveRoomWeapon,,,,1.139672,24556151
ApolloUpgradeRoomWeapon,EnemyData,UnitSetData.Enemies,EnemyData.lua,defined,4,PassiveRoomWeapon,,,,1.139672,24556151
AresUpgradeRoomWeapon,EnemyData,UnitSetData.Enemies,EnemyData.lua,defined,4,PassiveRoomWeapon,,,,1.139672,24556151
AutomatonBeamer,EnemyData,UnitSetData.AutomatonBeamer,EnemyData_AutomatonBeamer.lua,defined,36,BasePEnemy;BaseAutomaton;BaseVulnerableEnemy,AutomatonBeamer,自动监视机,,1.139672,24556151
AutomatonBeamer_Elite,EnemyData,UnitSetData.AutomatonBeamer,EnemyData_AutomatonBeamer.lua,defined,8,Elite;AutomatonBeamer,AutomatonBeamer_Elite,{!Icons.BountySkull} 自动监视机,,1.139672,24556151
AutomatonBeamer_Shadow,EnemyData,UnitSetData.AutomatonBeamer,EnemyData_AutomatonBeamer.lua,defined,4,Shadow;AutomatonBeamer,,,,1.139672,24556151
AutomatonEnforcer,EnemyData,UnitSetData.AutomatonEnforcer,EnemyData_AutomatonEnforcer.lua,defined,31,BasePEnemy;BaseAutomaton;BaseVulnerableEnemy,AutomatonEnforcer,自动执行机,,1.139672,24556151
AutomatonEnforcer_Elite,EnemyData,UnitSetData.AutomatonEnforcer,EnemyData_AutomatonEnforcer.lua,defined,8,Elite;AutomatonEnforcer,AutomatonEnforcer_Elite,{!Icons.BountySkull} 自动执行机,,1.139672,24556151
AutomatonEnforcer_Fiend,EnemyData,UnitSetData.AutomatonEnforcer,EnemyData_AutomatonEnforcer.lua,defined,6,AutomatonEnforcer_Elite,,,,1.139672,24556151
AutomatonEnforcer_Shadow,EnemyData,UnitSetData.AutomatonEnforcer,EnemyData_AutomatonEnforcer.lua,defined,4,Shadow;AutomatonEnforcer,,,,1.139672,24556151
BaseAlly,EnemyData,UnitSetData.Allies,AllyData.lua,defined,23,,,,,1.139672,24556151
BaseAutomaton,EnemyData,UnitSetData.Enemies,EnemyData.lua,defined,13,,,,,1.139672,24556151
BaseBossEnemy,EnemyData,UnitSetData.Enemies,EnemyData.lua,defined,13,,,,,1.139672,24556151
BaseChronosForces,EnemyData,UnitSetData.Enemies,EnemyData.lua,defined,7,,,,,1.139672,24556151
BaseFEnemy,EnemyData,UnitSetData.Enemies,EnemyData.lua,defined,1,,,,,1.139672,24556151
BaseGEnemy,EnemyData,UnitSetData.Enemies,EnemyData.lua,defined,1,,,,,1.139672,24556151
BaseHEnemy,EnemyData,UnitSetData.Enemies,EnemyData.lua,defined,1,,,,,1.139672,24556151
BaseIEnemy,EnemyData,UnitSetData.Enemies,EnemyData.lua,defined,1,,,,,1.139672,24556151
BaseNEnemy,EnemyData,UnitSetData.Enemies,EnemyData.lua,defined,1,,,,,1.139672,24556151
BaseOEnemy,EnemyData,UnitSetData.Enemies,EnemyData.lua,defined,2,,,,,1.139672,24556151
BasePEnemy,EnemyData,UnitSetData.Enemies,EnemyData.lua,defined,2,,,,,1.139672,24556151
BaseQEnemy,EnemyData,UnitSetData.Enemies,EnemyData.lua,defined,2,,,,,1.139672,24556151
BaseSpawner,EnemyData,UnitSetData.Enemies,EnemyData.lua,defined,8,,,,,1.139672,24556151
BaseTrap,EnemyData,UnitSetData.Traps,EnemyData_Traps.lua,defined,14,IsNeutral,,,,1.139672,24556151
BaseVulnerableEnemy,EnemyData,UnitSetData.Enemies,EnemyData.lua,defined,63,,,,,1.139672,24556151
BattleStandard,EnemyData,UnitSetData.Traps,EnemyData_Traps.lua,defined,24,BaseTrap,,,,1.139672,24556151
BattleStandardChronos,EnemyData,UnitSetData.Traps,EnemyData_Traps.lua,defined,4,BattleStandard,,,,1.139672,24556151
BeamTrap,EnemyData,UnitSetData.Traps,EnemyData_Traps.lua,defined,25,BaseTrap,,,,1.139672,24556151
BlastCubeFused,EnemyData,UnitSetData.Enemies,EnemyData.lua,defined,18,BaseTrap,,,,1.139672,24556151
BloodMine,EnemyData,UnitSetData.Traps,EnemyData_Traps.lua,defined,20,BaseTrap,,,,1.139672,24556151
BloodMinePreFused,EnemyData,UnitSetData.Traps,EnemyData_Traps.lua,defined,3,BloodMine,,,,1.139672,24556151
BloodlessBerserker,EnemyData,UnitSetData.BloodlessNaked,EnemyData_BloodlessNaked.lua,defined,9,BloodlessNaked,BloodlessBerserker,碎骨者,,1.139672,24556151
BloodlessBerserker_Elite,EnemyData,UnitSetData.BloodlessNaked,EnemyData_BloodlessNaked.lua,defined,6,Elite;BloodlessBerserker,BloodlessBerserker_Elite,{!Icons.BountySkull} 碎骨者,,1.139672,24556151
BloodlessGrenadier,EnemyData,UnitSetData.BloodlessGrenadier,EnemyData_BloodlessGrenadier.lua,defined,21,BaseGEnemy;BaseVulnerableEnemy,BloodlessGrenadier,炼狱投弹者,,1.139672,24556151
BloodlessGrenadier_Elite,EnemyData,UnitSetData.BloodlessGrenadier,EnemyData_BloodlessGrenadier.lua,defined,5,Elite;BloodlessGrenadier,BloodlessGrenadier_Elite,{!Icons.BountySkull} 炼狱投弹者,,1.139672,24556151
BloodlessNaked,EnemyData,UnitSetData.BloodlessNaked,EnemyData_BloodlessNaked.lua,defined,16,BaseGEnemy;BaseVulnerableEnemy,BloodlessNaked,无血者,,1.139672,24556151
BloodlessNaked_Elite,EnemyData,UnitSetData.BloodlessNaked,EnemyData_BloodlessNaked.lua,defined,5,Elite;BloodlessNaked,BloodlessNaked_Elite,{!Icons.BountySkull} 无血者,,1.139672,24556151
BloodlessPitcher,EnemyData,UnitSetData.BloodlessGrenadier,EnemyData_BloodlessGrenadier.lua,defined,7,BloodlessGrenadier,BloodlessPitcher,掷焰者,,1.139672,24556151
BloodlessPitcher_Elite,EnemyData,UnitSetData.BloodlessGrenadier,EnemyData_BloodlessGrenadier.lua,defined,7,Elite;BloodlessPitcher,BloodlessPitcher_Elite,{!Icons.BountySkull} 掷焰者,,1.139672,24556151
BloodlessSelfDestruct,EnemyData,UnitSetData.BloodlessGrenadier,EnemyData_BloodlessGrenadier.lua,defined,9,BloodlessGrenadier,BloodlessSelfDestruct,爆舞者,,1.139672,24556151
BloodlessSelfDestruct_Elite,EnemyData,UnitSetData.BloodlessGrenadier,EnemyData_BloodlessGrenadier.lua,defined,7,Elite;BloodlessSelfDestruct,BloodlessSelfDestruct_Elite,{!Icons.BountySkull} 爆舞者,,1.139672,24556151
BloodlessWaveFist,EnemyData,UnitSetData.BloodlessNaked,EnemyData_BloodlessNaked.lua,defined,7,BloodlessNaked,BloodlessWaveFist,造浪者,,1.139672,24556151
BloodlessWaveFist_Elite,EnemyData,UnitSetData.BloodlessNaked,EnemyData_BloodlessNaked.lua,defined,6,Elite;BloodlessWaveFist,BloodlessWaveFist_Elite,{!Icons.BountySkull} 造浪者,,1.139672,24556151
Boar,EnemyData,UnitSetData.Boar,EnemyData_Boar.lua,defined,27,BaseBossEnemy;BaseNEnemy;BaseVulnerableEnemy,Boar,厄律曼托斯野猪,,1.139672,24556151
Boar_Shadow,EnemyData,UnitSetData.Boar,EnemyData_Boar.lua,defined,13,Shadow;Boar,,,,1.139672,24556151
Boar_SuperElite,EnemyData,UnitSetData.Boar,EnemyData_Boar.lua,defined,23,SuperElite;BaseQEnemy;BaseVulnerableEnemy,Boar_SuperElite,厄律曼托斯野猪,,1.139672,24556151
BrambleTrap,EnemyData,UnitSetData.Traps,EnemyData_Traps.lua,defined,6,BaseTrap,,,,1.139672,24556151
BrambleTrapBush,EnemyData,UnitSetData.Traps,EnemyData_Traps.lua,stub,1,BrambleTrap,,,,1.139672,24556151
Brawler,EnemyData,UnitSetData.Brawler,EnemyData_Brawler.lua,defined,21,BaseFEnemy;BaseVulnerableEnemy,Brawler,蹉跎者,,1.139672,24556151
Brawler_Elite,EnemyData,UnitSetData.Brawler,EnemyData_Brawler.lua,defined,7,Elite;Brawler,Brawler_Elite,{!Icons.BountySkull} 蹉跎者,,1.139672,24556151
BrokenHearted,EnemyData,UnitSetData.BrokenHearted,EnemyData_BrokenHearted.lua,defined,27,BaseHEnemy;BaseVulnerableEnemy;LowPolyEnemy,BrokenHearted,裂口心,,1.139672,24556151
BrokenHearted_Elite,EnemyData,UnitSetData.BrokenHearted,EnemyData_BrokenHearted.lua,defined,8,Elite;BrokenHearted,BrokenHearted_Elite,{!Icons.BountySkull} 裂口心,,1.139672,24556151
Brute,EnemyData,UnitSetData.Brute,EnemyData_Brute.lua,defined,33,BaseQEnemy;BaseVulnerableEnemy;LowPolyEnemy,Brute,震慑魔,,1.139672,24556151
Brute2,EnemyData,UnitSetData.Brute,EnemyData_Brute.lua,defined,8,Brute_Elite,,,,1.139672,24556151
Brute_Elite,EnemyData,UnitSetData.Brute,EnemyData_Brute.lua,defined,8,Elite;Brute,Brute_Elite,{!Icons.BountySkull} 震慑魔,,1.139672,24556151
Brute_Miniboss,EnemyData,UnitSetData.Brute,EnemyData_Brute.lua,defined,29,BaseBossEnemy;Brute,Brute_Miniboss,提丰之子,,1.139672,24556151
Brute_Shadow,EnemyData,UnitSetData.Brute,EnemyData_Brute.lua,defined,16,Shadow;Brute,Brute_Shadow,震慑魔,,1.139672,24556151
Captain,EnemyData,UnitSetData.Captain,EnemyData_Captain.lua,defined,31,Elite;BaseOEnemy;BaseVulnerableEnemy,Captain,阿尔戈海盗,,1.139672,24556151
Captain_Shadow,EnemyData,UnitSetData.Captain,EnemyData_Captain.lua,defined,7,Shadow;Captain,,,,1.139672,24556151
Captain_SuperElite,EnemyData,UnitSetData.Captain,EnemyData_Captain.lua,defined,14,SuperElite;BaseQEnemy;Captain,Captain_SuperElite,阿尔戈海盗,,1.139672,24556151
Carrion,EnemyData,UnitSetData.Carrion,EnemyData_Carrion.lua,defined,36,BaseNEnemy;BaseVulnerableEnemy,Carrion,铜喙鸟,,1.139672,24556151
Carrion_Elite,EnemyData,UnitSetData.Carrion,EnemyData_Carrion.lua,defined,8,Elite;Carrion,Carrion_Elite,{!Icons.BountySkull} 铜喙鸟,,1.139672,24556151
Carrion_Passive,EnemyData,UnitSetData.Carrion,EnemyData_Carrion.lua,defined,11,Carrion,,,,1.139672,24556151
Charybdis,EnemyData,UnitSetData.Charybdis,EnemyData_Charybdis.lua,defined,28,BaseBossEnemy;BaseOEnemy;BaseVulnerableEnemy,Charybdis,卡律布狄斯,,1.139672,24556151
CharybdisTentacle,EnemyData,UnitSetData.Charybdis,EnemyData_Charybdis.lua,defined,24,BaseBossEnemy;BaseOEnemy;BaseVulnerableEnemy,CharybdisTentacle,卡律布狄斯,,1.139672,24556151
CharybdisTentacle2,EnemyData,UnitSetData.Charybdis,EnemyData_Charybdis.lua,defined,40,BaseBossEnemy;BaseGEnemy;BaseVulnerableEnemy,,,,1.139672,24556151
Charybdis_ScyllaFight,EnemyData,UnitSetData.Charybdis,EnemyData_Charybdis.lua,defined,17,Charybdis,,,,1.139672,24556151
Chronos,EnemyData,UnitSetData.Chronos,EnemyData_Chronos.lua,defined,66,BaseBossEnemy;BaseIEnemy;BaseVulnerableEnemy,Chronos,克洛诺斯,,1.139672,24556151
ChronosCover,EnemyData,UnitSetData.Traps,EnemyData_Traps.lua,defined,15,BaseTrap,,,,1.139672,24556151
Chronos_EMShadow,EnemyData,UnitSetData.Chronos,EnemyData_Chronos.lua,defined,28,BaseVulnerableEnemy,,,,1.139672,24556151
Chronos_TyphonFight,EnemyData,UnitSetData.Chronos,EnemyData_Chronos.lua,defined,33,BaseVulnerableEnemy,Chronos_TyphonFight,克洛诺斯,,1.139672,24556151
ClockworkHeavyMelee,EnemyData,UnitSetData.ClockworkHeavyMelee,EnemyData_ClockworkHeavyMelee.lua,defined,24,BaseIEnemy;BaseVulnerableEnemy,ClockworkHeavyMelee,暴徒残魂,,1.139672,24556151
ClockworkHeavyMelee_Elite,EnemyData,UnitSetData.ClockworkHeavyMelee,EnemyData_ClockworkHeavyMelee.lua,defined,7,Elite;ClockworkHeavyMelee,ClockworkHeavyMelee_Elite,{!Icons.BountySkull} 暴徒残魂,,1.139672,24556151
ClockworkHeavyMelee_SuperElite,EnemyData,UnitSetData.ClockworkHeavyMelee,EnemyData_ClockworkHeavyMelee.lua,defined,3,SuperElite;ClockworkHeavyMelee_Elite,ClockworkHeavyMelee_SuperElite,{!Icons.BountySkull} 暴徒残魂,,1.139672,24556151
CorruptedShadeLarge,EnemyData,UnitSetData.CorruptedShadeLarge,EnemyData_CorruptedShadeLarge.lua,defined,32,BaseHEnemy;BaseVulnerableEnemy,CorruptedShadeLarge,祸劫灵,,1.139672,24556151
CorruptedShadeLarge_Elite,EnemyData,UnitSetData.CorruptedShadeLarge,EnemyData_CorruptedShadeLarge.lua,defined,7,Elite;CorruptedShadeLarge,CorruptedShadeLarge_Elite,{!Icons.BountySkull} 祸劫灵,,1.139672,24556151
CorruptedShadeMedium,EnemyData,UnitSetData.CorruptedShadeMedium,EnemyData_CorruptedShadeMedium.lua,defined,33,BaseHEnemy;BaseVulnerableEnemy;LowPolyEnemy,CorruptedShadeMedium,堕血灵,,1.139672,24556151
CorruptedShadeMedium_Elite,EnemyData,UnitSetData.CorruptedShadeMedium,EnemyData_CorruptedShadeMedium.lua,defined,5,Elite;CorruptedShadeMedium,CorruptedShadeMedium_Elite,{!Icons.BountySkull} 堕血灵,,1.139672,24556151
CorruptedShadeSmall,EnemyData,UnitSetData.CorruptedShadeSmall,EnemyData_CorruptedShadeSmall.lua,defined,31,BaseHEnemy;BaseVulnerableEnemy;LowPolyEnemy,CorruptedShadeSmall,破灭灵,,1.139672,24556151
CorruptedShadeSmall_Elite,EnemyData,UnitSetData.CorruptedShadeSmall,EnemyData_CorruptedShadeSmall.lua,defined,7,Elite;CorruptedShadeSmall,CorruptedShadeSmall_Elite,{!Icons.BountySkull} 破灭灵,,1.139672,24556151
Crawler,EnemyData,UnitSetData.Crawler,EnemyData_Crawler.lua,defined,24,BaseVulnerableEnemy,Crawler,鼠兽,,1.139672,24556151
CrawlerMiniboss,EnemyData,UnitSetData.Crawler,EnemyData_Crawler.lua,defined,35,BaseBossEnemy;BaseGEnemy;BaseVulnerableEnemy,CrawlerMiniboss,“糟糕”,,1.139672,24556151
Crawler_Elite,EnemyData,UnitSetData.Crawler,EnemyData_Crawler.lua,defined,4,Elite;Crawler,Crawler_Elite,{!Icons.BountySkull} 鼠兽,,1.139672,24556151
Crawler_Shadow,EnemyData,UnitSetData.Crawler,EnemyData_Crawler.lua,defined,13,Shadow;BaseGEnemy;BaseVulnerableEnemy,,,,1.139672,24556151
DemeterUpgradeRoomWeapon,EnemyData,UnitSetData.Enemies,EnemyData.lua,defined,4,PassiveRoomWeapon,,,,1.139672,24556151
DespairElemental,EnemyData,UnitSetData.DespairElemental,EnemyData_DespairElemental.lua,defined,38,BaseHEnemy;BaseVulnerableEnemy,DespairElemental,怪石,,1.139672,24556151
DespairElemental_Elite,EnemyData,UnitSetData.DespairElemental,EnemyData_DespairElemental.lua,defined,6,Elite;DespairElemental,DespairElemental_Elite,{!Icons.BountySkull} 怪石,,1.139672,24556151
DestructibleMast,EnemyData,UnitSetData.Traps,EnemyData_Traps.lua,defined,23,BaseTrap,,,,1.139672,24556151
DestructibleTree,EnemyData,UnitSetData.Traps,EnemyData_Traps.lua,defined,23,BaseTrap,,,,1.139672,24556151
Dragon,EnemyData,UnitSetData.Dragon,EnemyData_Dragon.lua,defined,33,BasePEnemy;BaseChronosForces;BaseVulnerableEnemy,Dragon,飞龙,,1.139672,24556151
DragonBurrower,EnemyData,UnitSetData.DragonBurrower,EnemyData_DragonBurrower.lua,defined,27,BaseQEnemy;BaseVulnerableEnemy,DragonBurrower,地龙,,1.139672,24556151
DragonBurrower_Elite,EnemyData,UnitSetData.DragonBurrower,EnemyData_DragonBurrower.lua,defined,7,Elite;DragonBurrower,DragonBurrower_Elite,{!Icons.BountySkull} 地龙,,1.139672,24556151
DragonBurrower_Shadow,EnemyData,UnitSetData.DragonBurrower,EnemyData_DragonBurrower.lua,defined,4,Shadow;DragonBurrower,DragonBurrower_Shadow,地龙,,1.139672,24556151
Dragon_Elite,EnemyData,UnitSetData.Dragon,EnemyData_Dragon.lua,defined,8,Elite;Dragon,Dragon_Elite,{!Icons.BountySkull} 飞龙,,1.139672,24556151
Dragon_MiniBoss,EnemyData,UnitSetData.Dragon,EnemyData_Dragon.lua,defined,20,Elite;Dragon,Dragon_MiniBoss,巨龙,,1.139672,24556151
Dragon_Shadow,EnemyData,UnitSetData.Dragon,EnemyData_Dragon.lua,defined,11,Shadow;Dragon,Dragon_Shadow,飞龙,,1.139672,24556151
Dragon_SuperElite,EnemyData,UnitSetData.Dragon,EnemyData_Dragon.lua,defined,16,SuperElite;BaseQEnemy;Dragon,Dragon_SuperElite,{!Icons.BountySkull} 飞龙,,1.139672,24556151
Drunk,EnemyData,UnitSetData.Drunk,EnemyData_Drunk.lua,defined,33,BaseOEnemy;BaseVulnerableEnemy,Drunk,滚筒兵,,1.139672,24556151
Drunk_Elite,EnemyData,UnitSetData.Drunk,EnemyData_Drunk.lua,defined,8,Elite;Drunk,Drunk_Elite,{!Icons.BountySkull} 滚筒兵,,1.139672,24556151
DummyOlympusTarget,EnemyData,UnitSetData.Enemies,EnemyData.lua,defined,6,IsNeutral,,,,1.139672,24556151
Eagle,EnemyData,UnitSetData.Eagle,EnemyData_Eagle.lua,defined,19,BasePEnemy;BaseVulnerableEnemy,Eagle,艾托斯,,1.139672,24556151
EarthElemental,EnemyData,UnitSetData.EarthElemental,EnemyData_EarthElemental.lua,defined,35,BaseQEnemy;BaseVulnerableEnemy;LowPolyEnemy,EarthElemental,石颅,,1.139672,24556151
EarthElemental_Elite,EnemyData,UnitSetData.EarthElemental,EnemyData_EarthElemental.lua,defined,6,Elite;EarthElemental,EarthElemental_Elite,{!Icons.BountySkull} 石颅,,1.139672,24556151
EarthElemental_Shadow,EnemyData,UnitSetData.EarthElemental,EnemyData_EarthElemental.lua,defined,5,Shadow;EarthElemental,EarthElemental_Shadow,石颅,,1.139672,24556151
Elite,EnemyData,UnitSetData.Enemies,EnemyData.lua,defined,7,,,,,1.139672,24556151
Eris,EnemyData,UnitSetData.Eris,EnemyData_Eris.lua,defined,62,BaseBossEnemy;BaseOEnemy;BaseVulnerableEnemy,Eris,厄里斯,,1.139672,24556151
EyeBomb,EnemyData,UnitSetData.Traps,EnemyData_Traps.lua,defined,15,,,,,1.139672,24556151
Eyeball,EnemyData,UnitSetData.Eyeball,EnemyData_Eyeball.lua,defined,41,BaseQEnemy;BaseVulnerableEnemy,,,,1.139672,24556151
FireBarrel,EnemyData,UnitSetData.Traps,EnemyData_Traps.lua,defined,22,BaseTrap,,,,1.139672,24556151
FireBarrelShips,EnemyData,UnitSetData.Traps,EnemyData_Traps.lua,defined,5,FireBarrel,,,,1.139672,24556151
FishSwarmer,EnemyData,UnitSetData.FishSwarmer,EnemyData_FishSwarmer.lua,defined,34,OceanusUnitData;BaseGEnemy;BaseVulnerableEnemy;LowPolyEnemy,FishSwarmer,刺头鱼,,1.139672,24556151
FishSwarmerSquad,EnemyData,UnitSetData.FishSwarmer,EnemyData_FishSwarmer.lua,defined,8,,FishSwarmerSquad,刺头鱼,,1.139672,24556151
FishSwarmerSquad_Elite,EnemyData,UnitSetData.FishSwarmer,EnemyData_FishSwarmer.lua,defined,3,Elite;FishSwarmerSquad,FishSwarmerSquad_Elite,{!Icons.BountySkull} 刺头鱼,,1.139672,24556151
FishSwarmer_Elite,EnemyData,UnitSetData.FishSwarmer,EnemyData_FishSwarmer.lua,defined,11,Elite;FishSwarmer,FishSwarmer_Elite,{!Icons.BountySkull} 刺头鱼,,1.139672,24556151
FishmanMelee,EnemyData,UnitSetData.FishmanMelee,EnemyData_FishmanMelee.lua,defined,21,OceanusUnitData;BaseGEnemy;BaseVulnerableEnemy,FishmanMelee,潜伏者,,1.139672,24556151
FishmanMelee2,EnemyData,UnitSetData.FishmanMelee,EnemyData_FishmanMelee.lua,defined,12,Elite;BaseQEnemy;FishmanMelee,,,,1.139672,24556151
FishmanMelee_Elite,EnemyData,UnitSetData.FishmanMelee,EnemyData_FishmanMelee.lua,defined,6,Elite;FishmanMelee,FishmanMelee_Elite,{!Icons.BountySkull} 潜伏者,,1.139672,24556151
FishmanRanged,EnemyData,UnitSetData.FishmanRanged,EnemyData_FishmanRanged.lua,defined,21,OceanusUnitData;BaseGEnemy;BaseVulnerableEnemy,FishmanRanged,海河马,,1.139672,24556151
FishmanRanged_Elite,EnemyData,UnitSetData.FishmanRanged,EnemyData_FishmanRanged.lua,defined,6,Elite;FishmanRanged,FishmanRanged_Elite,{!Icons.BountySkull} 海河马,,1.139672,24556151
FloodTrap,EnemyData,UnitSetData.Traps,EnemyData_Traps.lua,defined,8,BaseTrap,,,,1.139672,24556151
FogEmitter,EnemyData,UnitSetData.FogEmitter,EnemyData_FogEmitter.lua,defined,25,BaseFEnemy;BaseVulnerableEnemy,FogEmitter,泼影者,,1.139672,24556151
FogEmitter2,EnemyData,UnitSetData.FogEmitter,EnemyData_FogEmitter.lua,defined,26,BaseHEnemy;FogEmitter,FogEmitter2,悲痛泼影者,,1.139672,24556151
FogEmitter_Elite,EnemyData,UnitSetData.FogEmitter,EnemyData_FogEmitter.lua,defined,9,Elite;FogEmitter,FogEmitter_Elite,{!Icons.BountySkull} 泼影者,,1.139672,24556151
FogEmitter_Shadow,EnemyData,UnitSetData.FogEmitter,EnemyData_FogEmitter.lua,defined,4,FogEmitter_Elite,FogEmitter_Shadow,{!Icons.BountySkull} 泼影者,,1.139672,24556151
GasTrapPassive,EnemyData,UnitSetData.Traps,EnemyData_Traps.lua,defined,8,BaseTrap,,,,1.139672,24556151
GoldElemental,EnemyData,UnitSetData.GoldElemental,EnemyData_GoldElemental.lua,defined,26,BaseIEnemy;BaseVulnerableEnemy;LowPolyEnemy,GoldElemental,财奴,,1.139672,24556151
GoldElemental_Elite,EnemyData,UnitSetData.GoldElemental,EnemyData_GoldElemental.lua,defined,7,Elite;GoldElemental,GoldElemental_Elite,{!Icons.BountySkull} 财奴,,1.139672,24556151
GoldElemental_MiniBoss,EnemyData,UnitSetData.GoldElemental,EnemyData_GoldElemental.lua,defined,15,Elite;GoldElemental,GoldElemental_MiniBoss,暴怒财奴,,1.139672,24556151
GoldElemental_Shadow,EnemyData,UnitSetData.GoldElemental,EnemyData_GoldElemental.lua,defined,7,Shadow;GoldElemental,GoldElemental_Shadow,财奴,,1.139672,24556151
Guard,EnemyData,UnitSetData.Guard,EnemyData_Guard.lua,defined,24,BaseFEnemy;BaseVulnerableEnemy,Guard,呢喃者,,1.139672,24556151
Guard2,EnemyData,UnitSetData.Guard,EnemyData_Guard.lua,defined,12,OceanusUnitData;BaseGEnemy;Guard,Guard2,潮湿呢喃者,,1.139672,24556151
Guard2_Elite,EnemyData,UnitSetData.Guard,EnemyData_Guard.lua,defined,4,Elite;Guard2,Guard2_Elite,{!Icons.BountySkull} 潮湿呢喃者,,1.139672,24556151
Guard_Elite,EnemyData,UnitSetData.Guard,EnemyData_Guard.lua,defined,6,Elite;Guard,Guard_Elite,{!Icons.BountySkull} 呢喃者,,1.139672,24556151
GunBombUnit,EnemyData,UnitSetData.Traps,EnemyData_Traps.lua,defined,20,BaseTrap,,,,1.139672,24556151
HadesTombstone,EnemyData,UnitSetData.Enemies,EnemyData.lua,defined,14,IsNeutral;BaseVulnerableEnemy,,,,1.139672,24556151
HarpyCutter,EnemyData,UnitSetData.Harpy,EnemyData_Harpy.lua,defined,35,BaseOEnemy;BaseVulnerableEnemy,HarpyCutter,利爪女妖,,1.139672,24556151
HarpyCutter_Elite,EnemyData,UnitSetData.Harpy,EnemyData_Harpy.lua,defined,8,Elite;HarpyCutter,HarpyCutter_Elite,{!Icons.BountySkull} 利爪女妖,,1.139672,24556151
HarpyDropper,EnemyData,UnitSetData.Harpy,EnemyData_Harpy.lua,defined,16,BasePEnemy;BaseChronosForces;HarpyCutter,HarpyDropper,猛禽女妖,,1.139672,24556151
HarpyDropper_Elite,EnemyData,UnitSetData.Harpy,EnemyData_Harpy.lua,defined,9,Elite;HarpyDropper,HarpyDropper_Elite,{!Icons.BountySkull} 猛禽女妖,,1.139672,24556151
HazardPoint,EnemyData,UnitSetData.Enemies,EnemyData.lua,stub,1,BaseTrap,,,,1.139672,24556151
Hecate,EnemyData,UnitSetData.Hecate,EnemyData_Hecate.lua,defined,57,BaseBossEnemy;BaseFEnemy;BaseVulnerableEnemy,Hecate,赫卡忒,,1.139672,24556151
HecateCopy,EnemyData,UnitSetData.Hecate,EnemyData_Hecate.lua,defined,24,BaseVulnerableEnemy,,,,1.139672,24556151
HecateCopyEM,EnemyData,UnitSetData.Hecate,EnemyData_Hecate.lua,defined,7,HecateCopy,,,,1.139672,24556151
HephaestusUpgradeRoomWeapon,EnemyData,UnitSetData.Enemies,EnemyData.lua,defined,4,PassiveRoomWeapon,,,,1.139672,24556151
HeraUpgradeRoomWeapon,EnemyData,UnitSetData.Enemies,EnemyData.lua,defined,4,PassiveRoomWeapon,,,,1.139672,24556151
Heracles,EnemyData,UnitSetData.Heracles,EnemyData_Heracles.lua,defined,34,BaseBossEnemy;BasePEnemy;BaseVulnerableEnemy,Heracles,赫拉克勒斯,,1.139672,24556151
HestiaUpgradeRoomWeapon,EnemyData,UnitSetData.Enemies,EnemyData.lua,defined,4,PassiveRoomWeapon,,,,1.139672,24556151
InfestedCerberus,EnemyData,UnitSetData.InfestedCerberus,EnemyData_InfestedCerberus.lua,defined,41,BaseBossEnemy;BaseHEnemy;BaseVulnerableEnemy,InfestedCerberus,渊狱魔兽,,1.139672,24556151
IsNeutral,EnemyData,UnitSetData.Enemies,EnemyData.lua,defined,18,,,,,1.139672,24556151
Jellyfish,EnemyData,UnitSetData.Jellyfish,EnemyData_Jellyfish.lua,defined,21,OceanusUnitData;BaseGEnemy;BaseVulnerableEnemy,Jellyfish,小地狱水母,,1.139672,24556151
Jellyfish_Elite,EnemyData,UnitSetData.Jellyfish,EnemyData_Jellyfish.lua,defined,4,Elite;Jellyfish,Jellyfish_Elite,{!Icons.BountySkull} 小地狱水母,,1.139672,24556151
Jellyfish_Scylla,EnemyData,UnitSetData.Jellyfish,EnemyData_Jellyfish.lua,defined,6,Jellyfish_Elite,,,,1.139672,24556151
Lamia,EnemyData,UnitSetData.Lamia,EnemyData_Lamia.lua,defined,33,BaseHEnemy;BaseVulnerableEnemy,Lamia,拉米亚,,1.139672,24556151
Lamia_Elite,EnemyData,UnitSetData.Lamia,EnemyData_Lamia.lua,defined,7,Elite;Lamia,Lamia_Elite,{!Icons.BountySkull} 拉米亚,,1.139672,24556151
Lamia_Miniboss,EnemyData,UnitSetData.Lamia,EnemyData_Lamia.lua,defined,16,Elite;Lamia,Lamia_Miniboss,拉米亚女王,,1.139672,24556151
Lamia_SuperElite,EnemyData,UnitSetData.Lamia,EnemyData_Lamia.lua,defined,5,SuperElite;BaseIEnemy;Lamia_Miniboss,Lamia_SuperElite,{!Icons.BountySkull} 拉米亚,,1.139672,24556151
Lamia_Support,EnemyData,UnitSetData.Lamia,EnemyData_Lamia.lua,defined,10,Elite;Lamia,Lamia_Support,拉米亚,,1.139672,24556151
LavaSplash,EnemyData,UnitSetData.Traps,EnemyData_Traps.lua,defined,11,BaseTrap,,,,1.139672,24556151
LavaTile,EnemyData,UnitSetData.Traps,EnemyData_Traps.lua,defined,7,BaseTrap,,,,1.139672,24556151
LavaTileTriangle01,EnemyData,UnitSetData.Traps,EnemyData_Traps.lua,defined,2,LavaTile,,,,1.139672,24556151
LavaTileTriangle02,EnemyData,UnitSetData.Traps,EnemyData_Traps.lua,defined,2,LavaTile,,,,1.139672,24556151
LightRanged,EnemyData,UnitSetData.LightRanged,EnemyData_LightRanged.lua,defined,24,BaseFEnemy;BaseVulnerableEnemy,LightRanged,亡者女巫,,1.139672,24556151
LightRanged_Elite,EnemyData,UnitSetData.LightRanged,EnemyData_LightRanged.lua,defined,3,Elite;LightRanged,LightRanged_Elite,{!Icons.BountySkull} 亡者女巫,,1.139672,24556151
Lovesick,EnemyData,UnitSetData.Lovesick,EnemyData_Lovesick.lua,defined,33,BaseHEnemy;BaseVulnerableEnemy,Lovesick,空心人,,1.139672,24556151
LovesickHeart,EnemyData,UnitSetData.Lovesick,EnemyData_Lovesick.lua,defined,21,BaseTrap,,,,1.139672,24556151
LovesickHeart_Elite,EnemyData,UnitSetData.Lovesick,EnemyData_Lovesick.lua,defined,5,LovesickHeart,,,,1.139672,24556151
Lovesick_Elite,EnemyData,UnitSetData.Lovesick,EnemyData_Lovesick.lua,defined,7,Elite;Lovesick,Lovesick_Elite,{!Icons.BountySkull} 空心人,,1.139672,24556151
Lovesick_Shadow,EnemyData,UnitSetData.Lovesick,EnemyData_Lovesick.lua,defined,5,Shadow;Lovesick,Lovesick_Shadow,空心人,,1.139672,24556151
LowPolyEnemy,EnemyData,UnitSetData.Enemies,EnemyData.lua,defined,1,,,,,1.139672,24556151
LycanSwarmer,EnemyData,UnitSetData.LycanSwarmer,EnemyData_LycanSwarmer.lua,defined,30,BaseHEnemy;BaseVulnerableEnemy;LowPolyEnemy,LycanSwarmer,犬魔,,1.139672,24556151
LycanSwarmer2,EnemyData,UnitSetData.LycanSwarmer,EnemyData_LycanSwarmer.lua,defined,9,BaseQEnemy;LycanSwarmer_Elite,,,,1.139672,24556151
LycanSwarmer_Elite,EnemyData,UnitSetData.LycanSwarmer,EnemyData_LycanSwarmer.lua,defined,8,Elite;LycanSwarmer,LycanSwarmer_Elite,{!Icons.BountySkull} 犬魔,,1.139672,24556151
Lycanthrope,EnemyData,UnitSetData.Lycanthrope,EnemyData_Lycanthrope.lua,defined,32,BaseHEnemy;BaseVulnerableEnemy,Lycanthrope,兽化人,,1.139672,24556151
Lycanthrope_Elite,EnemyData,UnitSetData.Lycanthrope,EnemyData_Lycanthrope.lua,defined,12,Elite;Lycanthrope,Lycanthrope_Elite,{!Icons.BountySkull} 兽化人,,1.139672,24556151
Mage,EnemyData,UnitSetData.Mage,EnemyData_Mage.lua,defined,27,BaseFEnemy;BaseVulnerableEnemy,Mage,送葬者,,1.139672,24556151
Mage2,EnemyData,UnitSetData.Mage,EnemyData_Mage.lua,defined,17,BaseOEnemy;Mage,Mage2,海洋送葬者,,1.139672,24556151
Mage2_Elite,EnemyData,UnitSetData.Mage,EnemyData_Mage.lua,defined,8,Elite;Mage2,Mage2_Elite,{!Icons.BountySkull} 海洋送葬者,,1.139672,24556151
Mage_Elite,EnemyData,UnitSetData.Mage,EnemyData_Mage.lua,defined,7,Elite;Mage,Mage_Elite,{!Icons.BountySkull} 送葬者,,1.139672,24556151
Mati,EnemyData,UnitSetData.Mati,EnemyData_Mati.lua,defined,37,BaseQEnemy;BaseVulnerableEnemy;LowPolyEnemy,Mati,飞目,,1.139672,24556151
Mati_Elite,EnemyData,UnitSetData.Mati,EnemyData_Mati.lua,defined,6,Elite;Mati,Mati_Elite,{!Icons.BountySkull} 飞目,,1.139672,24556151
Medea,EnemyData,UnitSetData.Medea,EnemyData_Medea.lua,defined,34,BaseNEnemy;BaseVulnerableEnemy,Medea,美狄亚,,1.139672,24556151
MiasmaGeyser,EnemyData,UnitSetData.Traps,EnemyData_Traps.lua,defined,8,BaseTrap,,,,1.139672,24556151
Mourner,EnemyData,UnitSetData.Mourner,EnemyData_Mourner.lua,defined,35,BaseHEnemy;BaseVulnerableEnemy,Mourner,追悼者,,1.139672,24556151
Mourner_Elite,EnemyData,UnitSetData.Mourner,EnemyData_Mourner.lua,defined,9,Elite;Mourner,Mourner_Elite,{!Icons.BountySkull} 追悼者,,1.139672,24556151
Mourner_Shadow,EnemyData,UnitSetData.Mourner,EnemyData_Mourner.lua,defined,9,Shadow;Mourner,Mourner_Shadow,追悼者,,1.139672,24556151
Mudman,EnemyData,UnitSetData.Mudman,EnemyData_Mudman.lua,defined,30,BaseNEnemy;BaseVulnerableEnemy,Mudman,眼灵,,1.139672,24556151
Mudman2,EnemyData,UnitSetData.Mudman,EnemyData_Mudman.lua,defined,13,BaseQEnemy;Mudman_Elite,,,,1.139672,24556151
MudmanEye,EnemyData,UnitSetData.Mudman,EnemyData_Mudman.lua,defined,25,BaseNEnemy;BaseVulnerableEnemy;LowPolyEnemy,MudmanEye,眼灵,,1.139672,24556151
MudmanEye2,EnemyData,UnitSetData.Mudman,EnemyData_Mudman.lua,defined,6,BaseQEnemy;MudmanEye_Elite,,,,1.139672,24556151
MudmanEye_Elite,EnemyData,UnitSetData.Mudman,EnemyData_Mudman.lua,defined,6,Elite;MudmanEye,MudmanEye_Elite,{!Icons.BountySkull} 眼灵,,1.139672,24556151
Mudman_Elite,EnemyData,UnitSetData.Mudman,EnemyData_Mudman.lua,defined,11,Elite;Mudman,Mudman_Elite,{!Icons.BountySkull} 眼灵,,1.139672,24556151
Mudman_Shadow,EnemyData,UnitSetData.Mudman,EnemyData_Mudman.lua,defined,15,Shadow;Mudman,,,,1.139672,24556151
NPC_3DGhostAlt,EnemyData,UnitSetData.NPCs,NPCData.lua,defined,4,NPC_Neutral,,,,1.139672,24556151
NPC_Achilles_01,EnemyData,UnitSetData.NPCs,NPCData.lua,defined,12,NPC_Neutral,NPC_Achilles_01,阿喀琉斯,,1.139672,24556151
NPC_Apollo_Story_01,EnemyData,UnitSetData.NPCs,NPCData.lua,defined,22,NPC_Neutral,NPC_Apollo_Story_01,阿波罗,,1.139672,24556151
NPC_Arachne_01,EnemyData,UnitSetData.NPC_Arachne,NPCData_Arachne.lua,defined,34,NPC_Neutral;NPC_Giftable,NPC_Arachne_01,阿拉克涅,,1.139672,24556151
NPC_Arachne_Home_01,EnemyData,UnitSetData.NPC_Arachne,NPCData_Arachne.lua,defined,4,NPC_Arachne_01,NPC_Arachne_Home_01,阿拉克涅,,1.139672,24556151
NPC_Artemis_01,EnemyData,UnitSetData.NPC_Artemis,NPCData_Artemis.lua,defined,39,NPC_Neutral;NPC_Giftable,NPC_Artemis_01,阿尔忒弥斯,,1.139672,24556151
NPC_Artemis_Field_01,EnemyData,UnitSetData.NPC_Artemis,NPCData_Artemis.lua,defined,55,NPC_Artemis_01,NPC_Artemis_Field_01,阿尔忒弥斯,UseLoot,1.139672,24556151
NPC_Athena_01,EnemyData,UnitSetData.NPC_Athena,NPCData_Athena.lua,defined,55,NPC_Neutral;NPC_Giftable,NPC_Athena_01,雅典娜,AthenaUse,1.139672,24556151
NPC_Bouldy_01,EnemyData,UnitSetData.NPC_Hades,NPCData_Hades.lua,defined,13,NPC_Neutral;NPC_Giftable,NPC_Bouldy_01,怪石,,1.139672,24556151
NPC_Cerberus_Field_01,EnemyData,UnitSetData.NPC_Hades,NPCData_Hades.lua,defined,19,NPC_Neutral,NPC_Cerberus_Field_01,刻耳柏洛斯,,1.139672,24556151
NPC_Cerberus_Story_01,EnemyData,UnitSetData.NPC_Hades,NPCData_Hades.lua,defined,15,NPC_Neutral,,,,1.139672,24556151
NPC_Charon_01,EnemyData,UnitSetData.NPC_Charon,NPCData_Charon.lua,defined,25,NPC_Neutral;NPC_Giftable,NPC_Charon_01,卡戎,,1.139672,24556151
NPC_Chronos_01,EnemyData,UnitSetData.NPC_Chronos,NPCData_Chronos.lua,defined,24,NPC_Neutral;NPC_Giftable,NPC_Chronos_01,克洛诺斯,,1.139672,24556151
NPC_Chronos_02,EnemyData,UnitSetData.NPC_Chronos,NPCData_Chronos.lua,defined,19,NPC_Chronos_01,NPC_Chronos_02,克洛诺斯,,1.139672,24556151
NPC_Chronos_Story_01,EnemyData,UnitSetData.NPC_Chronos,NPCData_Chronos.lua,defined,7,NPC_Chronos_01,NPC_Chronos_Story_01,克洛诺斯,,1.139672,24556151
NPC_Circe_01,EnemyData,UnitSetData.NPC_Circe,NPCData_Circe.lua,defined,35,NPC_Neutral;NPC_Giftable,NPC_Circe_01,喀耳刻,,1.139672,24556151
NPC_Demeter_Story_01,EnemyData,UnitSetData.NPCs,NPCData.lua,defined,26,NPC_Neutral,NPC_Demeter_Story_01,得墨忒尔,,1.139672,24556151
NPC_Dionysus_01,EnemyData,UnitSetData.NPC_Dionysus,NPCData_Dionysus.lua,defined,49,NPC_Neutral;NPC_Giftable,NPC_Dionysus_01,迪奥尼索司,UseLoot,1.139672,24556151
NPC_Dora_01,EnemyData,UnitSetData.NPC_Dora,NPCData_Dora.lua,defined,32,NPC_Neutral;NPC_Giftable,NPC_Dora_01,朵拉,,1.139672,24556151
NPC_Echo_01,EnemyData,UnitSetData.NPC_Echo,NPCData_Echo.lua,defined,37,NPC_Neutral;NPC_Giftable,NPC_Echo_01,回声,,1.139672,24556151
NPC_Eris_01,EnemyData,UnitSetData.NPC_Eris,NPCData_Eris.lua,defined,31,NPC_Neutral;NPC_Giftable,NPC_Eris_01,厄里斯,,1.139672,24556151
NPC_Giftable,EnemyData,UnitSetData.NPCs,NPCData.lua,defined,4,,,,,1.139672,24556151
NPC_Hades_02,EnemyData,UnitSetData.NPC_Hades,NPCData_Hades.lua,defined,13,NPC_Neutral,NPC_Hades_02,哈迪斯,,1.139672,24556151
NPC_Hades_Field_01,EnemyData,UnitSetData.NPC_Hades,NPCData_Hades.lua,defined,45,NPC_Neutral;NPC_Giftable,NPC_Hades_Field_01,哈迪斯,UseLoot,1.139672,24556151
NPC_Hades_Story_01,EnemyData,UnitSetData.NPC_Hades,NPCData_Hades.lua,defined,10,NPC_Neutral,NPC_Hades_Story_01,哈迪斯,,1.139672,24556151
NPC_Hecate_01,EnemyData,UnitSetData.NPC_Hecate,NPCData_Hecate.lua,defined,28,NPC_Neutral;NPC_Giftable,NPC_Hecate_01,赫卡忒,,1.139672,24556151
NPC_Hecate_Story_01,EnemyData,UnitSetData.NPC_Hecate,NPCData_Hecate.lua,defined,4,NPC_Hecate_01,NPC_Hecate_Story_01,赫卡忒,,1.139672,24556151
NPC_Hera_Story_01,EnemyData,UnitSetData.NPCs,NPCData.lua,defined,24,NPC_Neutral,NPC_Hera_Story_01,赫拉,,1.139672,24556151
NPC_Heracles_01,EnemyData,UnitSetData.NPC_Heracles,NPCData_Heracles.lua,defined,62,NPC_Neutral;NPC_Giftable,NPC_Heracles_01,赫拉克勒斯,,1.139672,24556151
NPC_Hermes_01,EnemyData,UnitSetData.NPC_Hermes,NPCData_Hermes.lua,defined,32,NPC_Neutral;NPC_Giftable,NPC_Hermes_01,赫尔墨斯,,1.139672,24556151
NPC_HorseAndChariot_01,EnemyData,UnitSetData.NPC_Selene,NPCData_Selene.lua,stub,1,NPC_Neutral,,,,1.139672,24556151
NPC_Hypnos_01,EnemyData,UnitSetData.NPC_Hypnos,NPCData_Hypnos.lua,defined,18,NPC_Neutral;NPC_Giftable,NPC_Hypnos_01,修普诺斯,,1.139672,24556151
NPC_Hypnos_02,EnemyData,UnitSetData.NPC_Hypnos,NPCData_Hypnos.lua,defined,17,NPC_Neutral;NPC_Giftable,NPC_Hypnos_02,修普诺斯,,1.139672,24556151
NPC_Hypnos_03,EnemyData,UnitSetData.NPC_Hypnos,NPCData_Hypnos.lua,defined,17,NPC_Neutral;NPC_Giftable,NPC_Hypnos_03,修普诺斯,,1.139672,24556151
NPC_Hypnos_04,EnemyData,UnitSetData.NPC_Hypnos,NPCData_Hypnos.lua,defined,16,NPC_Neutral;NPC_Giftable,NPC_Hypnos_04,修普诺斯,,1.139672,24556151
NPC_Hypnos_DreamRun,EnemyData,UnitSetData.NPC_Hypnos,NPCData_Hypnos.lua,defined,20,NPC_Neutral;NPC_Giftable,NPC_Hypnos_DreamRun,修普诺斯,,1.139672,24556151
NPC_Icarus_01,EnemyData,UnitSetData.NPC_Icarus,NPCData_Icarus.lua,defined,50,NPC_Neutral;NPC_Giftable,NPC_Icarus_01,伊卡洛斯,,1.139672,24556151
NPC_LeopardGuest,EnemyData,UnitSetData.NPCs,NPCData.lua,defined,2,NPC_Neutral,,,,1.139672,24556151
NPC_LightRanged,EnemyData,UnitSetData.NPCs,NPCData.lua,defined,5,NPC_Neutral,,,,1.139672,24556151
NPC_Medea_01,EnemyData,UnitSetData.NPC_Medea,NPCData_Medea.lua,defined,33,NPC_Neutral;NPC_Giftable,NPC_Medea_01,美狄亚,,1.139672,24556151
NPC_Melinoe_Story_01,EnemyData,UnitSetData.NPCs,NPCData.lua,defined,14,NPC_Neutral,,,,1.139672,24556151
NPC_Moros_01,EnemyData,UnitSetData.NPC_Moros,NPCData_Moros.lua,defined,30,NPC_Neutral;NPC_Giftable,NPC_Moros_01,摩罗斯,,1.139672,24556151
NPC_Narcissus_01,EnemyData,UnitSetData.NPC_Narcissus,NPCData_Narcissus.lua,defined,29,NPC_Neutral;NPC_Giftable,NPC_Narcissus_01,纳西索斯,,1.139672,24556151
NPC_Narcissus_Field_01,EnemyData,UnitSetData.NPC_Narcissus,NPCData_Narcissus.lua,defined,3,NPC_Narcissus_01,NPC_Narcissus_Field_01,纳西索斯,,1.139672,24556151
NPC_Neutral,EnemyData,UnitSetData.NPCs,NPCData.lua,defined,4,IsNeutral,,,UseNPC,1.139672,24556151
NPC_Nyx_01,EnemyData,UnitSetData.NPCs,NPCData.lua,defined,8,NPC_Neutral;NPC_Giftable,NPC_Nyx_01,倪克斯,,1.139672,24556151
NPC_Nyx_Story_01,EnemyData,UnitSetData.NPCs,NPCData.lua,defined,17,NPC_Neutral;NPC_Giftable,NPC_Nyx_Story_01,倪克斯,,1.139672,24556151
NPC_Odysseus_01,EnemyData,UnitSetData.NPC_Odysseus,NPCData_Odysseus.lua,defined,27,NPC_Neutral;NPC_Giftable,NPC_Odysseus_01,奥德修斯,,1.139672,24556151
NPC_Persephone_01,EnemyData,UnitSetData.NPC_Hades,NPCData_Hades.lua,defined,17,NPC_Neutral,NPC_Persephone_01,珀尔塞福涅,,1.139672,24556151
NPC_Selene_01,EnemyData,UnitSetData.NPC_Selene,NPCData_Selene.lua,defined,17,NPC_Neutral;NPC_Giftable,NPC_Selene_01,塞勒涅,,1.139672,24556151
NPC_Zagreus_01,EnemyData,UnitSetData.NPCs,NPCData.lua,defined,13,NPC_Neutral,NPC_Zagreus_01,扎格列欧斯,,1.139672,24556151
NPC_Zagreus_Past_01,EnemyData,UnitSetData.NPCs,NPCData.lua,defined,11,NPC_Neutral,NPC_Zagreus_Past_01,扎格列欧斯,,1.139672,24556151
NPC_Zeus_01,EnemyData,UnitSetData.NPCs,NPCData.lua,defined,8,NPC_Neutral,NPC_Zeus_01,宙斯,,1.139672,24556151
NPC_Zeus_Story_01,EnemyData,UnitSetData.NPCs,NPCData.lua,defined,25,NPC_Neutral,NPC_Zeus_Story_01,宙斯,,1.139672,24556151
OceanusUnitData,EnemyData,UnitSetData.Enemies,EnemyData.lua,defined,14,,,,,1.139672,24556151
Octofish,EnemyData,UnitSetData.Octofish,EnemyData_Octofish.lua,defined,21,OceanusUnitData;BaseGEnemy;BaseVulnerableEnemy,,,,1.139672,24556151
Octofish_Elite,EnemyData,UnitSetData.Octofish,EnemyData_Octofish.lua,defined,4,Elite;Octofish,,,,1.139672,24556151
Octofish_Miniboss,EnemyData,UnitSetData.Octofish,EnemyData_Octofish.lua,defined,15,Elite;Octofish,Octofish_Miniboss,地狱水母,,1.139672,24556151
Octofish_Shadow,EnemyData,UnitSetData.Octofish,EnemyData_Octofish.lua,stub,1,Shadow;Octofish_Miniboss,Octofish_Shadow,地狱水母,,1.139672,24556151
Octofish_SuperElite,EnemyData,UnitSetData.Octofish,EnemyData_Octofish.lua,defined,5,SuperElite;BaseIEnemy;Octofish_Miniboss,Octofish_SuperElite,地狱水母,,1.139672,24556151
OilPuddle,EnemyData,UnitSetData.Traps,EnemyData_Traps.lua,defined,8,BaseTrap,,,,1.139672,24556151
OilPuddle02,EnemyData,UnitSetData.Traps,EnemyData_Traps.lua,defined,2,OilPuddle,,,,1.139672,24556151
OilPuddle03,EnemyData,UnitSetData.Traps,EnemyData_Traps.lua,defined,2,OilPuddle,,,,1.139672,24556151
OilPuddle04,EnemyData,UnitSetData.Traps,EnemyData_Traps.lua,defined,2,OilPuddle,,,,1.139672,24556151
PassiveRoomWeapon,EnemyData,UnitSetData.Enemies,EnemyData.lua,defined,7,IsNeutral,,,,1.139672,24556151
Pig,EnemyData,UnitSetData.Pig,EnemyData_Pig.lua,defined,22,IsNeutral;BaseVulnerableEnemy,,,,1.139672,24556151
PigAngry,EnemyData,UnitSetData.Pig,EnemyData_Pig.lua,stub,1,Pig,,,,1.139672,24556151
PigSad,EnemyData,UnitSetData.Pig,EnemyData_Pig.lua,stub,1,Pig,,,,1.139672,24556151
Polyphemus,EnemyData,UnitSetData.Polyphemus,EnemyData_Polyphemus.lua,defined,58,BaseBossEnemy;BaseNEnemy;BaseVulnerableEnemy,Polyphemus,波吕斐摩斯,,1.139672,24556151
PolyphemusBoulders,EnemyData,UnitSetData.Enemies,EnemyData.lua,defined,4,PassiveRoomWeapon,,,,1.139672,24556151
PolyphemusCorpse,EnemyData,UnitSetData.Polyphemus,EnemyData_Polyphemus.lua,defined,15,BaseVulnerableEnemy,,,,1.139672,24556151
PoseidonUpgradeRoomWeapon,EnemyData,UnitSetData.Enemies,EnemyData.lua,defined,4,PassiveRoomWeapon,,,,1.139672,24556151
Prometheus,EnemyData,UnitSetData.Prometheus,EnemyData_Prometheus.lua,defined,65,BaseBossEnemy;BasePEnemy;BaseVulnerableEnemy,Prometheus,普罗米修斯,,1.139672,24556151
Radiator,EnemyData,UnitSetData.Radiator,EnemyData_Radiator.lua,defined,28,BaseFEnemy;BaseVulnerableEnemy;LowPolyEnemy,Radiator,回旋者,,1.139672,24556151
Radiator2,EnemyData,UnitSetData.Radiator,EnemyData_Radiator.lua,defined,13,OceanusUnitData;BaseGEnemy;Radiator,Radiator2,潮湿回旋者,,1.139672,24556151
Radiator2_Elite,EnemyData,UnitSetData.Radiator,EnemyData_Radiator.lua,defined,4,Elite;Radiator2,Radiator2_Elite,{!Icons.BountySkull} 潮湿回旋者,,1.139672,24556151
Radiator_Elite,EnemyData,UnitSetData.Radiator,EnemyData_Radiator.lua,defined,6,Elite;Radiator,Radiator_Elite,{!Icons.BountySkull} 回旋者,,1.139672,24556151
SafeZone,EnemyData,UnitSetData.Traps,EnemyData_Traps.lua,defined,8,BaseTrap,SafeZone,防护结界,,1.139672,24556151
SatyrCrossbow,EnemyData,UnitSetData.SatyrCrossbow,EnemyData_SatyrCrossbow.lua,defined,23,BaseNEnemy;BaseVulnerableEnemy,SatyrCrossbow,萨提尔斗士,,1.139672,24556151
SatyrCrossbow2,EnemyData,UnitSetData.SatyrCrossbow,EnemyData_SatyrCrossbow.lua,defined,28,BasePEnemy;BaseChronosForces;SatyrCrossbow,SatyrCrossbow2,萨提尔劫掠者,,1.139672,24556151
SatyrCrossbow2_Elite,EnemyData,UnitSetData.SatyrCrossbow,EnemyData_SatyrCrossbow.lua,defined,8,Elite;SatyrCrossbow2,SatyrCrossbow2_Elite,{!Icons.BountySkull} 萨提尔劫掠者,,1.139672,24556151
SatyrCrossbow_Shadow,EnemyData,UnitSetData.SatyrCrossbow,EnemyData_SatyrCrossbow.lua,defined,3,Shadow;SatyrCrossbow,SatyrCrossbow_Shadow,萨提尔斗士,,1.139672,24556151
SatyrCultist,EnemyData,UnitSetData.SatyrCultist,EnemyData_SatyrCultist.lua,defined,23,BaseIEnemy;BaseVulnerableEnemy,SatyrCultist,萨提尔祈求者,,1.139672,24556151
SatyrCultist_Elite,EnemyData,UnitSetData.SatyrCultist,EnemyData_SatyrCultist.lua,defined,7,Elite;SatyrCultist,SatyrCultist_Elite,{!Icons.BountySkull} 萨提尔祈求者,,1.139672,24556151
SatyrLancer,EnemyData,UnitSetData.SatyrLancer,EnemyData_SatyrLancer.lua,defined,29,BaseIEnemy;BaseVulnerableEnemy,SatyrLancer,萨提尔盾兵,,1.139672,24556151
SatyrLancer2,EnemyData,UnitSetData.SatyrLancer,EnemyData_SatyrLancer.lua,defined,23,BasePEnemy;BaseChronosForces;SatyrLancer,SatyrLancer2,萨提尔金枪兵,,1.139672,24556151
SatyrLancer2_Elite,EnemyData,UnitSetData.SatyrLancer,EnemyData_SatyrLancer.lua,defined,8,Elite;SatyrLancer2,SatyrLancer2_Elite,{!Icons.BountySkull} 萨提尔金枪兵,,1.139672,24556151
SatyrLancer_Elite,EnemyData,UnitSetData.SatyrLancer,EnemyData_SatyrLancer.lua,defined,9,Elite;SatyrLancer,SatyrLancer_Elite,{!Icons.BountySkull} 萨提尔盾兵,,1.139672,24556151
SatyrLancer_Prometheus,EnemyData,UnitSetData.SatyrLancer,EnemyData_SatyrLancer.lua,defined,7,SatyrLancer2,,,,1.139672,24556151
SatyrLancer_Shadow,EnemyData,UnitSetData.SatyrLancer,EnemyData_SatyrLancer.lua,defined,5,Shadow;SatyrLancer,SatyrLancer_Shadow,萨提尔盾兵,,1.139672,24556151
SatyrRatCatcher,EnemyData,UnitSetData.SatyrRatCatcher,EnemyData_SatyrRatCatcher.lua,defined,26,BaseIEnemy;BaseVulnerableEnemy,SatyrRatCatcher,萨提尔祭鼠者,,1.139672,24556151
SatyrRatCatcher_Elite,EnemyData,UnitSetData.SatyrRatCatcher,EnemyData_SatyrRatCatcher.lua,defined,8,Elite;SatyrRatCatcher,SatyrRatCatcher_Elite,{!Icons.BountySkull} 萨提尔祭鼠者,,1.139672,24556151
SatyrRatCatcher_Miniboss,EnemyData,UnitSetData.SatyrRatCatcher,EnemyData_SatyrRatCatcher.lua,defined,16,Elite;SatyrRatCatcher,SatyrRatCatcher_Miniboss,御鼠大师,,1.139672,24556151
SatyrRatCatcher_SuperElite,EnemyData,UnitSetData.SatyrRatCatcher,EnemyData_SatyrRatCatcher.lua,defined,4,SuperElite;SatyrRatCatcher_Miniboss,SatyrRatCatcher_SuperElite,{!Icons.BountySkull} 萨提尔祭鼠者,,1.139672,24556151
SatyrSapper,EnemyData,UnitSetData.SatyrSapper,EnemyData_SatyrSapper.lua,defined,39,BasePEnemy;BaseChronosForces;BaseVulnerableEnemy,SatyrSapper,萨提尔工兵,,1.139672,24556151
SatyrSapper_Elite,EnemyData,UnitSetData.SatyrSapper,EnemyData_SatyrSapper.lua,defined,7,Elite;SatyrSapper,SatyrSapper_Elite,{!Icons.BountySkull} 萨提尔工兵,,1.139672,24556151
SatyrSapper_Prometheus,EnemyData,UnitSetData.SatyrSapper,EnemyData_SatyrSapper.lua,defined,7,SatyrSapper,,,,1.139672,24556151
Scimiterror,EnemyData,UnitSetData.Scimiterror,EnemyData_Scimiterror.lua,defined,34,BaseOEnemy;BaseVulnerableEnemy;LowPolyEnemy,Scimiterror,眼刃,,1.139672,24556151
Scimiterror_Elite,EnemyData,UnitSetData.Scimiterror,EnemyData_Scimiterror.lua,defined,7,Elite;Scimiterror,Scimiterror_Elite,{!Icons.BountySkull} 眼刃,,1.139672,24556151
Screamer,EnemyData,UnitSetData.Screamer,EnemyData_Screamer.lua,defined,27,BaseFEnemy;BaseVulnerableEnemy,Screamer,哀嚎者,,1.139672,24556151
Screamer2,EnemyData,UnitSetData.Screamer,EnemyData_Screamer.lua,defined,24,Elite;BaseHEnemy;Screamer,Screamer2,狂嚎者,,1.139672,24556151
Screamer2_SuperElite,EnemyData,UnitSetData.Screamer,EnemyData_Screamer.lua,defined,7,SuperElite;BaseIEnemy;Screamer2,Screamer2_SuperElite,{!Icons.BountySkull} 狂嚎者,,1.139672,24556151
Screamer_Elite,EnemyData,UnitSetData.Screamer,EnemyData_Screamer.lua,defined,7,Elite;Screamer,Screamer_Elite,{!Icons.BountySkull} 哀嚎者,,1.139672,24556151
Screamer_Shadow,EnemyData,UnitSetData.Screamer,EnemyData_Screamer.lua,defined,6,Shadow;Screamer,Screamer_Shadow,哀嚎者,,1.139672,24556151
Scylla,EnemyData,UnitSetData.Scylla,EnemyData_Scylla.lua,defined,58,BaseBossEnemy;BaseGEnemy;BaseVulnerableEnemy,Scylla,斯库拉,,1.139672,24556151
SentryBot,EnemyData,UnitSetData.SentryBot,EnemyData_SentryBot.lua,defined,34,BasePEnemy;BaseAutomaton;BaseVulnerableEnemy,SentryBot,自动搜寻机,,1.139672,24556151
SentryBot_Elite,EnemyData,UnitSetData.SentryBot,EnemyData_SentryBot.lua,defined,7,Elite;SentryBot,SentryBot_Elite,{!Icons.BountySkull} 自动搜寻机,,1.139672,24556151
ShadeMerc,EnemyData,UnitSetData.Allies,AllyData.lua,defined,10,BaseAlly;BaseTrap,ShadeMerc,孤独暗灵,,1.139672,24556151
ShadeMercAspect,EnemyData,UnitSetData.Allies,AllyData.lua,defined,6,ShadeMerc,,,,1.139672,24556151
Shadow,EnemyData,UnitSetData.Enemies,EnemyData.lua,defined,3,,,,,1.139672,24556151
Sheep,EnemyData,UnitSetData.Sheep,EnemyData_Sheep.lua,defined,20,IsNeutral;BaseVulnerableEnemy,,,,1.139672,24556151
Sheep_Explosive,EnemyData,UnitSetData.Sheep,EnemyData_Sheep.lua,defined,10,Sheep,Sheep_Explosive,黑色的羊,,1.139672,24556151
Sheep_Intro,EnemyData,UnitSetData.Sheep,EnemyData_Sheep.lua,defined,4,Sheep,,,,1.139672,24556151
Sheep_Passive,EnemyData,UnitSetData.Sheep,EnemyData_Sheep.lua,defined,6,Sheep,,,,1.139672,24556151
Sheep_Sick,EnemyData,UnitSetData.Sheep,EnemyData_Sheep.lua,defined,12,Sheep,,,,1.139672,24556151
Sheep_Zombie,EnemyData,UnitSetData.Sheep,EnemyData_Sheep.lua,defined,11,Sheep,Sheep_Zombie,蹒跚的羊,,1.139672,24556151
ShipsBombardment,EnemyData,UnitSetData.Enemies,EnemyData.lua,defined,4,PassiveRoomWeapon,,,,1.139672,24556151
ShovelPointTrap,EnemyData,UnitSetData.Traps,EnemyData_Traps.lua,defined,6,PassiveRoomWeapon,,,,1.139672,24556151
SiegeVine,EnemyData,UnitSetData.SiegeVine,EnemyData_SiegeVine.lua,defined,26,BaseFEnemy;BaseVulnerableEnemy,SiegeVine,涕泣者,,1.139672,24556151
SiegeVine_Elite,EnemyData,UnitSetData.SiegeVine,EnemyData_SiegeVine.lua,defined,8,Elite;SiegeVine,SiegeVine_Elite,{!Icons.BountySkull} 涕泣者,,1.139672,24556151
Simple,EnemyData,UnitSetData.Simple,EnemyData_Simple.lua,defined,34,BaseQEnemy;BaseVulnerableEnemy;LowPolyEnemy,Simple,眼梗,,1.139672,24556151
Simple2,EnemyData,UnitSetData.Simple,EnemyData_Simple.lua,defined,7,Simple_Elite,,,,1.139672,24556151
SimpleSquad,EnemyData,UnitSetData.Simple,EnemyData_Simple.lua,defined,6,,SimpleSquad,眼梗,,1.139672,24556151
SimpleSquad_Elite,EnemyData,UnitSetData.Simple,EnemyData_Simple.lua,defined,3,Elite;SimpleSquad,SimpleSquad_Elite,{!Icons.BountySkull} 眼梗,,1.139672,24556151
Simple_Elite,EnemyData,UnitSetData.Simple,EnemyData_Simple.lua,defined,9,Elite;Simple,Simple_Elite,{!Icons.BountySkull} 眼梗,,1.139672,24556151
SirenDrummer,EnemyData,UnitSetData.SirenDrummer,EnemyData_SirenDrummer.lua,defined,37,BaseBossEnemy;BaseGEnemy;BaseVulnerableEnemy,SirenDrummer,罗茜,,1.139672,24556151
SirenKeytarist,EnemyData,UnitSetData.SirenKeytarist,EnemyData_SirenKeytarist.lua,defined,35,BaseBossEnemy;BaseGEnemy;BaseVulnerableEnemy,SirenKeytarist,杰蒂,,1.139672,24556151
SoulPylon,EnemyData,UnitSetData.Traps,EnemyData_Traps.lua,defined,35,BaseTrap,,,,1.139672,24556151
SpikeTrap,EnemyData,UnitSetData.Enemies,EnemyData.lua,defined,6,BaseTrap,,,,1.139672,24556151
SpikeTrapClockwork,EnemyData,UnitSetData.Traps,EnemyData_Traps.lua,defined,10,BaseTrap,,,,1.139672,24556151
SpreadShotUnit,EnemyData,UnitSetData.LightRanged,EnemyData_LightRanged.lua,defined,9,BaseGEnemy;LightRanged,SpreadShotUnit,巫女残魂,,1.139672,24556151
SpreadShotUnit_Elite,EnemyData,UnitSetData.LightRanged,EnemyData_LightRanged.lua,defined,5,Elite;SpreadShotUnit,SpreadShotUnit_Elite,{!Icons.BountySkull} 女巫残魂,,1.139672,24556151
Stalker,EnemyData,UnitSetData.Stalker,EnemyData_Stalker.lua,defined,30,BaseQEnemy;BaseVulnerableEnemy;LowPolyEnemy,Stalker,穴行魔,,1.139672,24556151
Stalker_Elite,EnemyData,UnitSetData.Stalker,EnemyData_Stalker.lua,defined,7,Elite;Stalker,Stalker_Elite,{!Icons.BountySkull} 穴行魔,,1.139672,24556151
Stalker_Miniboss,EnemyData,UnitSetData.Stalker,EnemyData_Stalker.lua,defined,28,BaseBossEnemy;Stalker,Stalker_Miniboss,提丰的孪生子,,1.139672,24556151
SteamCubeFused,EnemyData,UnitSetData.Traps,EnemyData_Traps.lua,defined,25,BaseTrap,,,,1.139672,24556151
SteamTrap,EnemyData,UnitSetData.Traps,EnemyData_Traps.lua,defined,9,BaseTrap,,,,1.139672,24556151
SteamWallTrap,EnemyData,UnitSetData.Traps,EnemyData_Traps.lua,defined,17,BaseTrap,,,,1.139672,24556151
Stickler,EnemyData,UnitSetData.Stickler,EnemyData_Stickler.lua,defined,29,BaseOEnemy;BaseVulnerableEnemy,Stickler,标枪兵,,1.139672,24556151
Stickler_Elite,EnemyData,UnitSetData.Stickler,EnemyData_Stickler.lua,defined,7,Elite;Stickler,Stickler_Elite,{!Icons.BountySkull} 标枪兵,,1.139672,24556151
SuperElite,EnemyData,UnitSetData.Enemies,EnemyData.lua,defined,2,,,,,1.139672,24556151
Swab,EnemyData,UnitSetData.Swab,EnemyData_Swab.lua,defined,35,BaseOEnemy;BaseVulnerableEnemy,Swab,巨锚兵,,1.139672,24556151
Swab_Elite,EnemyData,UnitSetData.Swab,EnemyData_Swab.lua,defined,8,Elite;Swab,Swab_Elite,{!Icons.BountySkull} 巨锚兵,,1.139672,24556151
Swab_Shadow,EnemyData,UnitSetData.Swab,EnemyData_Swab.lua,defined,4,Shadow;Swab,,,,1.139672,24556151
Swarmer,EnemyData,UnitSetData.Swarmer,EnemyData_Swarmer.lua,defined,24,BaseGEnemy;BaseVulnerableEnemy,Swarmer,骷髅头,,1.139672,24556151
SwarmerClockwork,EnemyData,UnitSetData.Swarmer,EnemyData_Swarmer.lua,defined,11,BaseIEnemy;Swarmer,SwarmerClockwork,流沙骷髅头,,1.139672,24556151
SwarmerClockwork_Elite,EnemyData,UnitSetData.Swarmer,EnemyData_Swarmer.lua,defined,6,Elite;SwarmerClockwork,SwarmerClockwork_Elite,{!Icons.BountySkull} 流沙骷髅头,,1.139672,24556151
SwarmerSummon,EnemyData,UnitSetData.Allies,AllyData.lua,defined,12,BaseAlly;BaseVulnerableEnemy,,,,1.139672,24556151
Swarmer_Elite,EnemyData,UnitSetData.Swarmer,EnemyData_Swarmer.lua,defined,5,Elite;Swarmer,Swarmer_Elite,{!Icons.BountySkull} 骷髅头,,1.139672,24556151
Talos,EnemyData,UnitSetData.Talos,EnemyData_Talos.lua,defined,31,BaseBossEnemy;BaseAutomaton;BasePEnemy;BaseVulnerableEnemy,Talos,塔罗斯,,1.139672,24556151
Template,EnemyData,UnitSetData.Template,EnemyData_Template.lua,defined,6,BaseVulnerableEnemy,,,,1.139672,24556151
TestCharacter,EnemyData,UnitSetData.Enemies,EnemyData.lua,defined,11,BaseVulnerableEnemy,,,,1.139672,24556151
TestEnemy1,EnemyData,UnitSetData.Enemies,EnemyData.lua,defined,10,BaseVulnerableEnemy,,,,1.139672,24556151
TestEnemy2,EnemyData,UnitSetData.Enemies,EnemyData.lua,stub,1,TestEnemy1;BaseVulnerableEnemy,,,,1.139672,24556151
TestEnemy3,EnemyData,UnitSetData.Enemies,EnemyData.lua,stub,1,TestEnemy1;BaseVulnerableEnemy,,,,1.139672,24556151
ThiefMineLayer,EnemyData,UnitSetData.Enemies,EnemyData.lua,defined,18,BaseVulnerableEnemy,ThiefMineLayer,害兽残魂,,1.139672,24556151
ThiefMineLayer_Elite,EnemyData,UnitSetData.Enemies,EnemyData.lua,defined,6,Elite;ThiefMineLayer,,,,1.139672,24556151
ThornTree,EnemyData,UnitSetData.Traps,EnemyData_Traps.lua,defined,21,BaseTrap,,,,1.139672,24556151
TimeElemental,EnemyData,UnitSetData.TimeElemental,EnemyData_TimeElemental.lua,defined,25,BaseIEnemy;BaseVulnerableEnemy,TimeElemental,沙漏,,1.139672,24556151
TimeElemental2,EnemyData,UnitSetData.TimeElemental,EnemyData_TimeElemental.lua,defined,10,TimeElemental,,,,1.139672,24556151
TimeElemental2_EM,EnemyData,UnitSetData.TimeElemental,EnemyData_TimeElemental.lua,defined,8,TimeElemental2,,,,1.139672,24556151
TimeElemental2_Typhon,EnemyData,UnitSetData.TimeElemental,EnemyData_TimeElemental.lua,defined,8,TimeElemental2,,,,1.139672,24556151
TimeElemental_Elite,EnemyData,UnitSetData.TimeElemental,EnemyData_TimeElemental.lua,defined,5,Elite;TimeElemental,TimeElemental_Elite,{!Icons.BountySkull} 沙漏,,1.139672,24556151
TrapFissureDisabled,EnemyData,UnitSetData.Enemies,EnemyData.lua,stub,1,BaseTrap,,,,1.139672,24556151
TrapPadDisabled,EnemyData,UnitSetData.Enemies,EnemyData.lua,stub,1,BaseTrap,,,,1.139672,24556151
Treant,EnemyData,UnitSetData.Treant,EnemyData_Treant.lua,defined,27,Elite;BaseFEnemy;BaseVulnerableEnemy,Treant,尾随者,,1.139672,24556151
Treant2,EnemyData,UnitSetData.Treant,EnemyData_Treant.lua,defined,23,BaseHEnemy;Treant;Elite;BaseVulnerableEnemy,Treant2,枯草尾随者,,1.139672,24556151
Treant2_SuperElite,EnemyData,UnitSetData.Treant,EnemyData_Treant.lua,defined,7,SuperElite;BaseIEnemy;Treant2,Treant2_SuperElite,{!Icons.BountySkull} 枯草尾随者,,1.139672,24556151
TreantTail,EnemyData,UnitSetData.Treant,EnemyData_Treant.lua,defined,25,BaseFEnemy;BaseVulnerableEnemy,TreantTail,尾随者,,1.139672,24556151
TreantTail2,EnemyData,UnitSetData.Treant,EnemyData_Treant.lua,defined,6,BaseHEnemy;TreantTail,,,,1.139672,24556151
TreantTail2_SuperElite,EnemyData,UnitSetData.Treant,EnemyData_Treant.lua,defined,6,BaseIEnemy;TreantTail2,,,,1.139672,24556151
TreantTail_Shadow,EnemyData,UnitSetData.Treant,EnemyData_Treant.lua,defined,2,Shadow;TreantTail,TreantTail_Shadow,尾随者,,1.139672,24556151
Treant_Shadow,EnemyData,UnitSetData.Treant,EnemyData_Treant.lua,defined,3,Treant,Treant_Shadow,尾随者,,1.139672,24556151
Turtle,EnemyData,UnitSetData.Turtle,EnemyData_Turtle.lua,defined,24,OceanusUnitData;BaseGEnemy;BaseVulnerableEnemy,Turtle,硬壳蟹,,1.139672,24556151
Turtle_Elite,EnemyData,UnitSetData.Turtle,EnemyData_Turtle.lua,defined,6,Elite;Turtle,Turtle_Elite,{!Icons.BountySkull} 硬壳蟹,,1.139672,24556151
TyphonArm,EnemyData,UnitSetData.TyphonArm,EnemyData_TyphonArm.lua,defined,19,BaseBossEnemy;BaseVulnerableEnemy,TyphonArm,提丰之手,,1.139672,24556151
TyphonArm_Incursion,EnemyData,UnitSetData.TyphonArm,EnemyData_TyphonArm.lua,defined,13,BaseQEnemy,,,,1.139672,24556151
TyphonEgg,EnemyData,UnitSetData.Traps,EnemyData_Traps.lua,defined,21,BaseTrap,,,,1.139672,24556151
TyphonEggLarge,EnemyData,UnitSetData.Traps,EnemyData_Traps.lua,defined,12,TyphonEgg,,,,1.139672,24556151
TyphonEye,EnemyData,UnitSetData.TyphonEye,EnemyData_TyphonEye.lua,defined,33,BaseBossEnemy;BaseQEnemy;BaseVulnerableEnemy,TyphonEye,提丰之眼,,1.139672,24556151
TyphonHead,EnemyData,UnitSetData.TyphonHead,EnemyData_TyphonHead.lua,defined,57,BaseBossEnemy;BaseQEnemy;BaseVulnerableEnemy,TyphonHead,提丰,,1.139672,24556151
TyphonHeadAdd,EnemyData,UnitSetData.TyphonHeadAdd,EnemyData_TyphonHeadAdd.lua,defined,28,BaseQEnemy;BaseVulnerableEnemy,,,,1.139672,24556151
TyphonHeadEgg01,EnemyData,UnitSetData.TyphonHead,EnemyData_TyphonHead.lua,defined,23,BaseQEnemy;BaseVulnerableEnemy,,,,1.139672,24556151
TyphonHeadEgg02,EnemyData,UnitSetData.TyphonHead,EnemyData_TyphonHead.lua,defined,5,TyphonHeadEgg01,,,,1.139672,24556151
TyphonHeadEgg03,EnemyData,UnitSetData.TyphonHead,EnemyData_TyphonHead.lua,defined,5,TyphonHeadEgg01,,,,1.139672,24556151
TyphonHeadEgg04,EnemyData,UnitSetData.TyphonHead,EnemyData_TyphonHead.lua,defined,4,TyphonHeadEgg01,,,,1.139672,24556151
TyphonHeadEgg05,EnemyData,UnitSetData.TyphonHead,EnemyData_TyphonHead.lua,defined,5,TyphonHeadEgg01,,,,1.139672,24556151
TyphonHeadEggBoar,EnemyData,UnitSetData.TyphonHead,EnemyData_TyphonHead.lua,defined,6,TyphonHeadEgg01,,,,1.139672,24556151
TyphonHeadEggCaptain,EnemyData,UnitSetData.TyphonHead,EnemyData_TyphonHead.lua,defined,6,TyphonHeadEgg01,,,,1.139672,24556151
TyphonHeadEggDragon,EnemyData,UnitSetData.TyphonHead,EnemyData_TyphonHead.lua,defined,6,TyphonHeadEgg01,,,,1.139672,24556151
TyphonHeadStaggeredDummy,EnemyData,UnitSetData.TyphonHead,EnemyData_TyphonHead.lua,defined,10,BaseVulnerableEnemy,,,,1.139672,24556151
TyphonMine,EnemyData,UnitSetData.Traps,EnemyData_Traps.lua,defined,9,BaseTrap,,,,1.139672,24556151
TyphonTail,EnemyData,UnitSetData.TyphonTail,EnemyData_TyphonTail.lua,defined,30,BaseBossEnemy;BaseQEnemy;BaseVulnerableEnemy,TyphonTail,提丰之尾,,1.139672,24556151
TyphonTailMine,EnemyData,UnitSetData.TyphonTail,EnemyData_TyphonTail.lua,defined,18,BaseTrap,,,,1.139672,24556151
TyphonTail_Incursion,EnemyData,UnitSetData.TyphonTail,EnemyData_TyphonTail.lua,defined,15,BaseQEnemy,,,,1.139672,24556151
Vampire,EnemyData,UnitSetData.Vampire,EnemyData_Vampire.lua,defined,19,BaseHEnemy;BaseVulnerableEnemy,Vampire,魅影,,1.139672,24556151
Vampire_Elite,EnemyData,UnitSetData.Vampire,EnemyData_Vampire.lua,defined,10,Elite;Vampire,Vampire_Elite,{!Icons.BountySkull} 魅影,,1.139672,24556151
Vampire_SuperElite,EnemyData,UnitSetData.Vampire,EnemyData_Vampire.lua,defined,3,SuperElite;Vampire,Vampire_SuperElite,{!Icons.BountySkull} 魅影,,1.139672,24556151
WaterElemental,EnemyData,UnitSetData.WaterElemental,EnemyData_WaterElemental.lua,defined,32,BaseOEnemy;BaseVulnerableEnemy;LowPolyEnemy,WaterElemental,进水骷髅头,,1.139672,24556151
WaterElemental_Elite,EnemyData,UnitSetData.WaterElemental,EnemyData_WaterElemental.lua,defined,7,Elite;WaterElemental,WaterElemental_Elite,{!Icons.BountySkull} 进水骷髅头,,1.139672,24556151
WaterUnit,EnemyData,UnitSetData.WaterUnit,EnemyData_WaterUnit.lua,defined,38,BaseGEnemy;BaseVulnerableEnemy,WaterUnit,海蛇,,1.139672,24556151
WaterUnitMiniboss,EnemyData,UnitSetData.WaterUnit,EnemyData_WaterUnit.lua,defined,15,Elite;WaterUnit,WaterUnitMiniboss,巨海蛇,,1.139672,24556151
WaterUnitMiniboss_Shadow,EnemyData,UnitSetData.WaterUnit,EnemyData_WaterUnit.lua,defined,2,Shadow;WaterUnitMiniboss,WaterUnitMiniboss_Shadow,巨海蛇,,1.139672,24556151
WaterUnit_Elite,EnemyData,UnitSetData.WaterUnit,EnemyData_WaterUnit.lua,defined,7,Elite;WaterUnit,WaterUnit_Elite,{!Icons.BountySkull} 海蛇,,1.139672,24556151
Wisp,EnemyData,UnitSetData.Wisp,EnemyData_Wisp.lua,defined,29,BaseFEnemy;BaseVulnerableEnemy,Wisp,鬼火,,1.139672,24556151
Wisp_Elite,EnemyData,UnitSetData.Wisp,EnemyData_Wisp.lua,defined,6,Elite;Wisp,Wisp_Elite,{!Icons.BountySkull} 鬼火,,1.139672,24556151
Wringer,EnemyData,UnitSetData.Wringer,EnemyData_Wringer.lua,defined,13,BaseIEnemy;BaseVulnerableEnemy,Wringer,碾碎者,,1.139672,24556151
Wringer_Elite,EnemyData,UnitSetData.Wringer,EnemyData_Wringer.lua,defined,6,Elite;Wringer,Wringer_Elite,{!Icons.BountySkull} 碾碎者,,1.139672,24556151
Zagreus,EnemyData,UnitSetData.Zagreus,EnemyData_Zagreus.lua,defined,48,BaseBossEnemy;BaseVulnerableEnemy,Zagreus,扎格列欧斯,,1.139672,24556151
ZeusUpgradeRoomWeapon,EnemyData,UnitSetData.Enemies,EnemyData.lua,defined,4,PassiveRoomWeapon,,,,1.139672,24556151
ZombieAssassin,EnemyData,UnitSetData.Zombie,EnemyData_ZombieAssassin.lua,defined,31,BaseNEnemy;BaseVulnerableEnemy,ZombieAssassin,割喉者,,1.139672,24556151
ZombieAssassin_Elite,EnemyData,UnitSetData.Zombie,EnemyData_ZombieAssassin.lua,defined,9,ZombieAssassin,ZombieAssassin_Elite,{!Icons.BountySkull} 割喉者,,1.139672,24556151
ZombieAssassin_Miniboss,EnemyData,UnitSetData.Zombie,EnemyData_ZombieAssassin.lua,defined,24,BaseFEnemy;ZombieAssassin,ZombieAssassin_Miniboss,刺客大师,,1.139672,24556151
ZombieAssassin_Shadow,EnemyData,UnitSetData.Zombie,EnemyData_ZombieAssassin.lua,defined,4,BaseFEnemy;Shadow;ZombieAssassin,,,,1.139672,24556151
ZombieHeavyRanged,EnemyData,UnitSetData.ZombieHeavyRanged,EnemyData_ZombieHeavyRanged.lua,defined,31,BaseNEnemy;BaseVulnerableEnemy,ZombieHeavyRanged,投掷者,,1.139672,24556151
ZombieHeavyRanged_EM,EnemyData,UnitSetData.ZombieHeavyRanged,EnemyData_ZombieHeavyRanged.lua,defined,4,ZombieHeavyRanged,,,,1.139672,24556151
ZombieHeavyRanged_Elite,EnemyData,UnitSetData.ZombieHeavyRanged,EnemyData_ZombieHeavyRanged.lua,defined,8,Elite;ZombieHeavyRanged,ZombieHeavyRanged_Elite,{!Icons.BountySkull} 投掷者,,1.139672,24556151
ZombieSpawner,EnemyData,UnitSetData.ZombieSpawner,EnemyData_ZombieSpawner.lua,defined,33,BaseNEnemy;BaseVulnerableEnemy,ZombieSpawner,墓碑,,1.139672,24556151
ZombieSpawner_Elite,EnemyData,UnitSetData.ZombieSpawner,EnemyData_ZombieSpawner.lua,defined,9,Elite;ZombieSpawner,ZombieSpawner_Elite,{!Icons.BountySkull} 墓碑,,1.139672,24556151
Automatons,EnemySets,EnemySets,EnemySets.lua,stub,0,,,,,1.139672,24556151
BiomeB,EnemySets,EnemySets,EnemySets.lua,stub,0,,BiomeB,水仙花平原,,1.139672,24556151
BiomeF,EnemySets,EnemySets,EnemySets.lua,stub,0,,BiomeF,厄瑞玻斯,,1.139672,24556151
BiomeF_EliteChallenge,EnemySets,EnemySets,EnemySets.lua,stub,0,,,,,1.139672,24556151
BiomeG,EnemySets,EnemySets,EnemySets.lua,stub,0,,BiomeG,俄刻阿诺斯,,1.139672,24556151
BiomeGLockedDoor,EnemySets,EnemySets,EnemySets.lua,stub,0,,,,,1.139672,24556151
BiomeG_EliteChallenge,EnemySets,EnemySets,EnemySets.lua,stub,0,,,,,1.139672,24556151
BiomeH,EnemySets,EnemySets,EnemySets.lua,stub,0,,BiomeH,哀悼原野,,1.139672,24556151
BiomeHDebugSpawnScreen,EnemySets,EnemySets,EnemySets.lua,stub,0,,,,,1.139672,24556151
BiomeHPassive,EnemySets,EnemySets,EnemySets.lua,stub,0,,,,,1.139672,24556151
BiomeH_EliteChallenge,EnemySets,EnemySets,EnemySets.lua,stub,0,,,,,1.139672,24556151
BiomeI,EnemySets,EnemySets,EnemySets.lua,stub,0,,BiomeI,塔耳塔罗斯,,1.139672,24556151
BiomeIOptional,EnemySets,EnemySets,EnemySets.lua,stub,0,,,,,1.139672,24556151
BiomeI_EliteChallenge,EnemySets,EnemySets,EnemySets.lua,stub,0,,,,,1.139672,24556151
BiomeN,EnemySets,EnemySets,EnemySets.lua,stub,0,,BiomeN,埃费拉城,,1.139672,24556151
BiomeN_EliteChallenge,EnemySets,EnemySets,EnemySets.lua,stub,0,,,,,1.139672,24556151
BiomeO,EnemySets,EnemySets,EnemySets.lua,stub,0,,BiomeO,色萨利裂谷,,1.139672,24556151
BiomeOIntro,EnemySets,EnemySets,EnemySets.lua,stub,0,,,,,1.139672,24556151
BiomeO_EliteChallenge,EnemySets,EnemySets,EnemySets.lua,stub,0,,,,,1.139672,24556151
BiomeP,EnemySets,EnemySets,EnemySets.lua,stub,0,,BiomeP,奥林匹斯山,,1.139672,24556151
BiomePIntro,EnemySets,EnemySets,EnemySets.lua,stub,0,,,,,1.139672,24556151
BiomeP_EliteChallenge,EnemySets,EnemySets,EnemySets.lua,stub,0,,,,,1.139672,24556151
BiomeQ,EnemySets,EnemySets,EnemySets.lua,stub,0,,BiomeQ,山顶,,1.139672,24556151
BiomeQIslands,EnemySets,EnemySets,EnemySets.lua,stub,0,,,,,1.139672,24556151
BiomeQ_EliteChallenge,EnemySets,EnemySets,EnemySets.lua,stub,0,,,,,1.139672,24556151
ChronosForces,EnemySets,EnemySets,EnemySets.lua,stub,0,,,,,1.139672,24556151
CocoonSpawnsEasy,EnemySets,EnemySets,EnemySets.lua,stub,0,,,,,1.139672,24556151
CocoonSpawnsEasy_G,EnemySets,EnemySets,EnemySets.lua,stub,0,,,,,1.139672,24556151
CocoonSpawnsEasy_N,EnemySets,EnemySets,EnemySets.lua,stub,0,,,,,1.139672,24556151
CocoonSpawnsHard,EnemySets,EnemySets,EnemySets.lua,stub,0,,,,,1.139672,24556151
CocoonSpawnsHard_G,EnemySets,EnemySets,EnemySets.lua,stub,0,,,,,1.139672,24556151
CocoonSpawnsHard_N,EnemySets,EnemySets,EnemySets.lua,stub,0,,,,,1.139672,24556151
CocoonSpawnsMedium,EnemySets,EnemySets,EnemySets.lua,stub,0,,,,,1.139672,24556151
CocoonSpawnsMedium_G,EnemySets,EnemySets,EnemySets.lua,stub,0,,,,,1.139672,24556151
CocoonSpawnsMedium_N,EnemySets,EnemySets,EnemySets.lua,stub,0,,,,,1.139672,24556151
EliteAttributesRunBanOptions,EnemySets,EnemySets,EnemySets.lua,stub,0,,,,,1.139672,24556151
GenericEliteAttributes,EnemySets,EnemySets,EnemySets.lua,stub,0,,,,,1.139672,24556151
HeraclesDummyUnitsN,EnemySets,EnemySets,EnemySets.lua,stub,0,,,,,1.139672,24556151
HeraclesDummyUnitsO,EnemySets,EnemySets,EnemySets.lua,stub,0,,,,,1.139672,24556151
TestEnemies,EnemySets,EnemySets,EnemySets.lua,stub,0,,,,,1.139672,24556151
TyphonEggSpawnOptions,EnemySets,EnemySets,EnemySets.lua,stub,0,,,,,1.139672,24556151
DefaultGameStateRequirements,ExorcismData,ExorcismData,HarvestData.lua,stub,0,,,,,1.139672,24556151
HarvestPointName,ExorcismData,ExorcismData,HarvestData.lua,stub,0,,,,,1.139672,24556151
RoomChanceName,ExorcismData,ExorcismData,HarvestData.lua,stub,0,,,,,1.139672,24556151
SpawnChance,ExorcismData,ExorcismData,HarvestData.lua,stub,0,,,,,1.139672,24556151
SpawnLimitPerBiome,ExorcismData,ExorcismData,HarvestData.lua,stub,0,,,,,1.139672,24556151
ToolName,ExorcismData,ExorcismData,HarvestData.lua,stub,0,,,,,1.139672,24556151
WeightedOptions,ExorcismData,ExorcismData,HarvestData.lua,stub,0,,,,,1.139672,24556151
BaseCatUpgrade,FamiliarShopItemData,FamiliarShopItemData,FamiliarShopData.lua,debug_only,2,,,,,1.139672,24556151
BaseFrogUpgrade,FamiliarShopItemData,FamiliarShopItemData,FamiliarShopData.lua,debug_only,2,,,,,1.139672,24556151
BaseHoundUpgrade,FamiliarShopItemData,FamiliarShopItemData,FamiliarShopData.lua,debug_only,2,,,,,1.139672,24556151
BasePolecatUpgrade,FamiliarShopItemData,FamiliarShopItemData,FamiliarShopData.lua,debug_only,2,,,,,1.139672,24556151
BaseRavenUpgrade,FamiliarShopItemData,FamiliarShopItemData,FamiliarShopData.lua,debug_only,2,,,,,1.139672,24556151
CatAttack,FamiliarShopItemData,FamiliarShopItemData,FamiliarShopData.lua,defined,4,BaseCatUpgrade,CatAttack,利爪纽带,,1.139672,24556151
CatAttack2,FamiliarShopItemData,FamiliarShopItemData,FamiliarShopData.lua,defined,3,CatAttack,CatAttack2,利爪纽带,,1.139672,24556151
CatAttack3,FamiliarShopItemData,FamiliarShopItemData,FamiliarShopData.lua,defined,3,CatAttack,CatAttack3,利爪纽带,,1.139672,24556151
CatLastStandHeal,FamiliarShopItemData,FamiliarShopItemData,FamiliarShopData.lua,defined,4,BaseCatUpgrade,CatLastStandHeal,强心纽带,,1.139672,24556151
CatLastStandHeal2,FamiliarShopItemData,FamiliarShopItemData,FamiliarShopData.lua,defined,3,CatLastStandHeal,CatLastStandHeal2,强心纽带,,1.139672,24556151
CatLastStandHeal3,FamiliarShopItemData,FamiliarShopItemData,FamiliarShopData.lua,defined,3,CatLastStandHeal,CatLastStandHeal3,强心纽带,,1.139672,24556151
CatUses,FamiliarShopItemData,FamiliarShopItemData,FamiliarShopData.lua,defined,4,BaseCatUpgrade,CatUses,感官纽带,,1.139672,24556151
CatUses2,FamiliarShopItemData,FamiliarShopItemData,FamiliarShopData.lua,defined,3,CatUses,CatUses2,感官纽带,,1.139672,24556151
CatUses3,FamiliarShopItemData,FamiliarShopItemData,FamiliarShopData.lua,defined,3,CatUses,CatUses3,感官纽带,,1.139672,24556151
FrogDamage,FamiliarShopItemData,FamiliarShopItemData,FamiliarShopData.lua,defined,4,BaseFrogUpgrade,FrogDamage,驱动纽带,,1.139672,24556151
FrogDamage2,FamiliarShopItemData,FamiliarShopItemData,FamiliarShopData.lua,defined,3,FrogDamage,FrogDamage2,驱动纽带,,1.139672,24556151
FrogDamage3,FamiliarShopItemData,FamiliarShopItemData,FamiliarShopData.lua,defined,3,FrogDamage,FrogDamage3,驱动纽带,,1.139672,24556151
FrogHealthBonus,FamiliarShopItemData,FamiliarShopItemData,FamiliarShopData.lua,defined,4,BaseFrogUpgrade,FrogHealthBonus,生命纽带,,1.139672,24556151
FrogHealthBonus2,FamiliarShopItemData,FamiliarShopItemData,FamiliarShopData.lua,defined,3,FrogHealthBonus,FrogHealthBonus2,生命纽带,,1.139672,24556151
FrogHealthBonus3,FamiliarShopItemData,FamiliarShopItemData,FamiliarShopData.lua,defined,3,FrogHealthBonus,FrogHealthBonus3,生命纽带,,1.139672,24556151
FrogUses,FamiliarShopItemData,FamiliarShopItemData,FamiliarShopData.lua,defined,4,BaseFrogUpgrade,FrogUses,灵魂纽带,,1.139672,24556151
FrogUses2,FamiliarShopItemData,FamiliarShopItemData,FamiliarShopData.lua,defined,3,FrogUses,FrogUses2,灵魂纽带,,1.139672,24556151
FrogUses3,FamiliarShopItemData,FamiliarShopItemData,FamiliarShopData.lua,defined,3,FrogUses,FrogUses3,灵魂纽带,,1.139672,24556151
HoundAttack,FamiliarShopItemData,FamiliarShopItemData,FamiliarShopData.lua,defined,4,BaseHoundUpgrade,HoundAttack,守护纽带,,1.139672,24556151
HoundAttack2,FamiliarShopItemData,FamiliarShopItemData,FamiliarShopData.lua,defined,3,HoundAttack,HoundAttack2,守护纽带,,1.139672,24556151
HoundAttack3,FamiliarShopItemData,FamiliarShopItemData,FamiliarShopData.lua,defined,3,HoundAttack,HoundAttack3,守护纽带,,1.139672,24556151
HoundManaBonus,FamiliarShopItemData,FamiliarShopItemData,FamiliarShopData.lua,defined,4,BaseHoundUpgrade,HoundManaBonus,灵魂纽带,,1.139672,24556151
HoundManaBonus2,FamiliarShopItemData,FamiliarShopItemData,FamiliarShopData.lua,defined,3,HoundManaBonus,HoundManaBonus2,灵魂纽带,,1.139672,24556151
HoundManaBonus3,FamiliarShopItemData,FamiliarShopItemData,FamiliarShopData.lua,defined,3,HoundManaBonus,HoundManaBonus3,灵魂纽带,,1.139672,24556151
HoundUses,FamiliarShopItemData,FamiliarShopItemData,FamiliarShopData.lua,defined,4,BaseHoundUpgrade,HoundUses,大地纽带,,1.139672,24556151
HoundUses2,FamiliarShopItemData,FamiliarShopItemData,FamiliarShopData.lua,defined,3,HoundUses,HoundUses2,大地纽带,,1.139672,24556151
HoundUses3,FamiliarShopItemData,FamiliarShopItemData,FamiliarShopData.lua,defined,3,HoundUses,HoundUses3,大地纽带,,1.139672,24556151
PolecatDamage,FamiliarShopItemData,FamiliarShopItemData,FamiliarShopData.lua,defined,4,BasePolecatUpgrade,PolecatDamage,荒野纽带,,1.139672,24556151
PolecatDamage2,FamiliarShopItemData,FamiliarShopItemData,FamiliarShopData.lua,defined,3,PolecatDamage,PolecatDamage2,荒野纽带,,1.139672,24556151
PolecatDamage3,FamiliarShopItemData,FamiliarShopItemData,FamiliarShopData.lua,defined,3,PolecatDamage,PolecatDamage3,荒野纽带,,1.139672,24556151
PolecatDodgeBonus,FamiliarShopItemData,FamiliarShopItemData,FamiliarShopData.lua,defined,4,BasePolecatUpgrade,PolecatDodgeBonus,暗幕纽带,,1.139672,24556151
PolecatDodgeBonus2,FamiliarShopItemData,FamiliarShopItemData,FamiliarShopData.lua,defined,3,PolecatDodgeBonus,PolecatDodgeBonus2,暗幕纽带,,1.139672,24556151
PolecatDodgeBonus3,FamiliarShopItemData,FamiliarShopItemData,FamiliarShopData.lua,defined,3,PolecatDodgeBonus,PolecatDodgeBonus3,暗幕纽带,,1.139672,24556151
PolecatUses,FamiliarShopItemData,FamiliarShopItemData,FamiliarShopData.lua,defined,4,BasePolecatUpgrade,PolecatUses,自然纽带,,1.139672,24556151
PolecatUses2,FamiliarShopItemData,FamiliarShopItemData,FamiliarShopData.lua,defined,3,PolecatUses,PolecatUses2,自然纽带,,1.139672,24556151
PolecatUses3,FamiliarShopItemData,FamiliarShopItemData,FamiliarShopData.lua,defined,3,PolecatUses,PolecatUses3,自然纽带,,1.139672,24556151
RavenAttack,FamiliarShopItemData,FamiliarShopItemData,FamiliarShopData.lua,defined,4,BaseRavenUpgrade,RavenAttack,飞翼纽带,,1.139672,24556151
RavenAttack2,FamiliarShopItemData,FamiliarShopItemData,FamiliarShopData.lua,defined,3,RavenAttack,RavenAttack2,飞翼纽带,,1.139672,24556151
RavenAttack3,FamiliarShopItemData,FamiliarShopItemData,FamiliarShopData.lua,defined,3,RavenAttack,RavenAttack3,飞翼纽带,,1.139672,24556151
RavenCritChanceBonus,FamiliarShopItemData,FamiliarShopItemData,FamiliarShopData.lua,defined,4,BaseRavenUpgrade,RavenCritChanceBonus,锐目纽带,,1.139672,24556151
RavenCritChanceBonus2,FamiliarShopItemData,FamiliarShopItemData,FamiliarShopData.lua,defined,3,RavenCritChanceBonus,RavenCritChanceBonus2,锐目纽带,,1.139672,24556151
RavenCritChanceBonus3,FamiliarShopItemData,FamiliarShopItemData,FamiliarShopData.lua,defined,3,RavenCritChanceBonus,RavenCritChanceBonus3,锐目纽带,,1.139672,24556151
RavenUses,FamiliarShopItemData,FamiliarShopItemData,FamiliarShopData.lua,defined,4,BaseRavenUpgrade,RavenUses,岩石纽带,,1.139672,24556151
RavenUses2,FamiliarShopItemData,FamiliarShopItemData,FamiliarShopData.lua,defined,3,RavenUses,RavenUses2,岩石纽带,,1.139672,24556151
RavenUses3,FamiliarShopItemData,FamiliarShopItemData,FamiliarShopData.lua,defined,3,RavenUses,RavenUses3,岩石纽带,,1.139672,24556151
AthenaEncounterKeepsake,FatedDisableKeepsakes,FatedDisableKeepsakes,MetaUpgradeData.lua,stub,0,,AthenaEncounterKeepsake,蛇发妖护符,,1.139672,24556151
ForceAphroditeBoonKeepsake,FatedDisableKeepsakes,FatedDisableKeepsakes,MetaUpgradeData.lua,stub,0,,ForceAphroditeBoonKeepsake,美丽妆镜,,1.139672,24556151
ForceApolloBoonKeepsake,FatedDisableKeepsakes,FatedDisableKeepsakes,MetaUpgradeData.lua,stub,0,,ForceApolloBoonKeepsake,和煦光子,,1.139672,24556151
ForceAresBoonKeepsake,FatedDisableKeepsakes,FatedDisableKeepsakes,MetaUpgradeData.lua,stub,0,,ForceAresBoonKeepsake,断剑之柄,,1.139672,24556151
ForceDemeterBoonKeepsake,FatedDisableKeepsakes,FatedDisableKeepsakes,MetaUpgradeData.lua,stub,0,,ForceDemeterBoonKeepsake,金穗麦束,,1.139672,24556151
ForceHephaestusBoonKeepsake,FatedDisableKeepsakes,FatedDisableKeepsakes,MetaUpgradeData.lua,stub,0,,ForceHephaestusBoonKeepsake,精金碎片,,1.139672,24556151
ForceHeraBoonKeepsake,FatedDisableKeepsakes,FatedDisableKeepsakes,MetaUpgradeData.lua,stub,0,,ForceHeraBoonKeepsake,华彩手扇,,1.139672,24556151
ForceHestiaBoonKeepsake,FatedDisableKeepsakes,FatedDisableKeepsakes,MetaUpgradeData.lua,stub,0,,ForceHestiaBoonKeepsake,长燃之烬,,1.139672,24556151
ForcePoseidonBoonKeepsake,FatedDisableKeepsakes,FatedDisableKeepsakes,MetaUpgradeData.lua,stub,0,,ForcePoseidonBoonKeepsake,波漾之海,,1.139672,24556151
ForceZeusBoonKeepsake,FatedDisableKeepsakes,FatedDisableKeepsakes,MetaUpgradeData.lua,stub,0,,ForceZeusBoonKeepsake,云纹手镯,,1.139672,24556151
DoorReroll,FatedDisableMetaUpgrades,FatedDisableMetaUpgrades,MetaUpgradeData.lua,stub,0,,DoorReroll,巫术师,,1.139672,24556151
ScreenReroll,FatedDisableMetaUpgrades,FatedDisableMetaUpgrades,MetaUpgradeData.lua,stub,0,,ScreenReroll,斗士,,1.139672,24556151
TradeOff,FatedDisableMetaUpgrades,FatedDisableMetaUpgrades,MetaUpgradeData.lua,stub,0,,TradeOff,命运,,1.139672,24556151
GoldifyKeepsake,FatedEnableKeepsakes,FatedEnableKeepsakes,MetaUpgradeData.lua,stub,0,,GoldifyKeepsake,时间腕饰,,1.139672,24556151
HadesAndPersephoneKeepsake,FatedEnableKeepsakes,FatedEnableKeepsakes,MetaUpgradeData.lua,stub,0,,HadesAndPersephoneKeepsake,璀璨石榴,,1.139672,24556151
RarifyKeepsake,FatedEnableKeepsakes,FatedEnableKeepsakes,MetaUpgradeData.lua,stub,0,,RarifyKeepsake,求神卡,,1.139672,24556151
ClearAllSurfaceStoryRooms,GameData,GameData.RunClearMessageData,RunClearData.lua,defined,2,DefaultMessage,ClearAllSurfaceStoryRooms,{!Icons.RunClearDotsLeft}地表朋友多{!Icons.RunClearDotsRight},,1.139672,24556151
ClearAllUnderworldReprieveRooms,GameData,GameData.RunClearMessageData,RunClearData.lua,defined,2,DefaultMessage,ClearAllUnderworldReprieveRooms,{!Icons.RunClearDotsLeft}找泉水冠军{!Icons.RunClearDotsRight},,1.139672,24556151
ClearAllUnderworldStoryRooms,GameData,GameData.RunClearMessageData,RunClearData.lua,defined,2,DefaultMessage,ClearAllUnderworldStoryRooms,{!Icons.RunClearDotsLeft}冥界朋友多{!Icons.RunClearDotsRight},,1.139672,24556151
ClearElementalTraits,GameData,GameData.RunClearMessageData,RunClearData.lua,defined,2,DefaultMessage,ClearElementalTraits,{!Icons.RunClearDotsLeft}究极赋能形态{!Icons.RunClearDotsRight},,1.139672,24556151
ClearFullHealth,GameData,GameData.RunClearMessageData,RunClearData.lua,defined,2,DefaultMessage,ClearFullHealth,{!Icons.RunClearDotsLeft}超级健康{!Icons.RunClearDotsRight},,1.139672,24556151
ClearHighArmor,GameData,GameData.RunClearMessageData,RunClearData.lua,defined,2,DefaultMessage,ClearHighArmor,{!Icons.RunClearDotsLeft}重甲护身{!Icons.RunClearDotsRight},,1.139672,24556151
ClearHighFear,GameData,GameData.RunClearMessageData,RunClearData.lua,defined,3,DefaultMessage,ClearHighFear,{!Icons.RunClearDotsLeft}恐怖之夜{!Icons.RunClearDotsRight},,1.139672,24556151
ClearHighHammerCount,GameData,GameData.RunClearMessageData,RunClearData.lua,defined,2,DefaultMessage,ClearHighHammerCount,{!Icons.RunClearDotsLeft}锤子收集者{!Icons.RunClearDotsRight},,1.139672,24556151
ClearHighMaxHealth,GameData,GameData.RunClearMessageData,RunClearData.lua,defined,2,DefaultMessage,ClearHighMaxHealth,{!Icons.RunClearDotsLeft}皮糙肉厚{!Icons.RunClearDotsRight},,1.139672,24556151
ClearHighMaxMana,GameData,GameData.RunClearMessageData,RunClearData.lua,defined,2,DefaultMessage,ClearHighMaxMana,{!Icons.RunClearDotsLeft}魔女{!Icons.RunClearDotsRight},,1.139672,24556151
ClearHighMetaUpgradeTraits,GameData,GameData.RunClearMessageData,RunClearData.lua,defined,2,DefaultMessage,ClearHighMetaUpgradeTraits,{!Icons.RunClearDotsLeft}集齐阿卡那{!Icons.RunClearDotsRight},,1.139672,24556151
ClearHighOlympianBoons,GameData,GameData.RunClearMessageData,RunClearData.lua,defined,2,DefaultMessage,ClearHighOlympianBoons,{!Icons.RunClearDotsLeft}合家团圆{!Icons.RunClearDotsRight},,1.139672,24556151
ClearHighSacrificeBoons,GameData,GameData.RunClearMessageData,RunClearData.lua,defined,2,DefaultMessage,ClearHighSacrificeBoons,{!Icons.RunClearDotsLeft}献祭大师{!Icons.RunClearDotsRight},,1.139672,24556151
ClearHighSpentLastStands,GameData,GameData.RunClearMessageData,RunClearData.lua,defined,2,DefaultMessage,ClearHighSpentLastStands,{!Icons.RunClearDotsLeft}死里逃生者{!Icons.RunClearDotsRight},,1.139672,24556151
ClearLegendaryTraits,GameData,GameData.RunClearMessageData,RunClearData.lua,defined,2,DefaultMessage,ClearLegendaryTraits,{!Icons.RunClearDotsLeft}奥林匹斯的骄傲{!Icons.RunClearDotsRight},,1.139672,24556151
ClearLowMetaUpgradeTraits,GameData,GameData.RunClearMessageData,RunClearData.lua,defined,2,DefaultMessage,ClearLowMetaUpgradeTraits,{!Icons.RunClearDotsLeft}谁需要阿卡那牌？{!Icons.RunClearDotsRight},,1.139672,24556151
ClearMoneyHigh,GameData,GameData.RunClearMessageData,RunClearData.lua,defined,2,DefaultMessage,ClearMoneyHigh,{!Icons.RunClearDotsLeft}腰缠万贯{!Icons.RunClearDotsRight},,1.139672,24556151
ClearMoneyNone,GameData,GameData.RunClearMessageData,RunClearData.lua,defined,2,DefaultMessage,ClearMoneyNone,{!Icons.RunClearDotsLeft}分毫不取{!Icons.RunClearDotsRight},,1.139672,24556151
ClearNearDeath,GameData,GameData.RunClearMessageData,RunClearData.lua,defined,2,DefaultMessage,ClearNearDeath,{!Icons.RunClearDotsLeft}险之又险{!Icons.RunClearDotsRight},,1.139672,24556151
ClearNoDamageTakenFromBosses,GameData,GameData.RunClearMessageData,RunClearData.lua,defined,2,DefaultMessage,ClearNoDamageTakenFromBosses,{!Icons.RunClearDotsLeft}毫无破绽{!Icons.RunClearDotsRight},,1.139672,24556151
ClearNoNPCs,GameData,GameData.RunClearMessageData,RunClearData.lua,defined,2,DefaultMessage,ClearNoNPCs,{!Icons.RunClearDotsLeft}孤身奋战{!Icons.RunClearDotsRight},,1.139672,24556151
ClearNoOlympianBoons,GameData,GameData.RunClearMessageData,RunClearData.lua,defined,2,DefaultMessage,ClearNoOlympianBoons,{!Icons.RunClearDotsLeft}不靠神力的女神{!Icons.RunClearDotsRight},,1.139672,24556151
ClearRequiredIntactArachneDress,GameData,GameData.RunClearMessageData,RunClearData.lua,defined,2,DefaultMessage,ClearRequiredIntactArachneDress,{!Icons.RunClearDotsLeft}丝绸拯救者{!Icons.RunClearDotsRight},,1.139672,24556151
ClearRequiredIntactIcarusArmor,GameData,GameData.RunClearMessageData,RunClearData.lua,defined,2,DefaultMessage,ClearRequiredIntactIcarusArmor,{!Icons.RunClearDotsLeft}定制涂层{!Icons.RunClearDotsRight},,1.139672,24556151
ClearRequiredTraitsAphrodite,GameData,GameData.RunClearMessageData,RunClearData.lua,defined,2,DefaultMessage,ClearRequiredTraitsAphrodite,{!Icons.RunClearDotsLeft}阿弗洛狄忒的斗士{!Icons.RunClearDotsRight},,1.139672,24556151
ClearRequiredTraitsApollo,GameData,GameData.RunClearMessageData,RunClearData.lua,defined,2,DefaultMessage,ClearRequiredTraitsApollo,{!Icons.RunClearDotsLeft}阿波罗的斗士{!Icons.RunClearDotsRight},,1.139672,24556151
ClearRequiredTraitsAres,GameData,GameData.RunClearMessageData,RunClearData.lua,defined,2,DefaultMessage,ClearRequiredTraitsAres,{!Icons.RunClearDotsLeft}阿瑞斯的斗士{!Icons.RunClearDotsRight},,1.139672,24556151
ClearRequiredTraitsChaos,GameData,GameData.RunClearMessageData,RunClearData.lua,defined,2,DefaultMessage,ClearRequiredTraitsChaos,{!Icons.RunClearDotsLeft}卡俄斯的使者{!Icons.RunClearDotsRight},,1.139672,24556151
ClearRequiredTraitsDemeter,GameData,GameData.RunClearMessageData,RunClearData.lua,defined,2,DefaultMessage,ClearRequiredTraitsDemeter,{!Icons.RunClearDotsLeft}得墨忒尔的斗士{!Icons.RunClearDotsRight},,1.139672,24556151
ClearRequiredTraitsHephaestus,GameData,GameData.RunClearMessageData,RunClearData.lua,defined,2,DefaultMessage,ClearRequiredTraitsHephaestus,{!Icons.RunClearDotsLeft}赫菲斯托斯的斗士{!Icons.RunClearDotsRight},,1.139672,24556151
ClearRequiredTraitsHera,GameData,GameData.RunClearMessageData,RunClearData.lua,defined,2,DefaultMessage,ClearRequiredTraitsHera,{!Icons.RunClearDotsLeft}赫拉的斗士{!Icons.RunClearDotsRight},,1.139672,24556151
ClearRequiredTraitsHermes,GameData,GameData.RunClearMessageData,RunClearData.lua,defined,2,DefaultMessage,ClearRequiredTraitsHermes,{!Icons.RunClearDotsLeft}赫尔墨斯的斗士{!Icons.RunClearDotsRight},,1.139672,24556151
ClearRequiredTraitsHestia,GameData,GameData.RunClearMessageData,RunClearData.lua,defined,2,DefaultMessage,ClearRequiredTraitsHestia,{!Icons.RunClearDotsLeft}赫斯提亚的斗士{!Icons.RunClearDotsRight},,1.139672,24556151
ClearRequiredTraitsPoseidon,GameData,GameData.RunClearMessageData,RunClearData.lua,defined,2,DefaultMessage,ClearRequiredTraitsPoseidon,{!Icons.RunClearDotsLeft}波塞冬的斗士{!Icons.RunClearDotsRight},,1.139672,24556151
ClearRequiredTraitsZeus,GameData,GameData.RunClearMessageData,RunClearData.lua,defined,2,DefaultMessage,ClearRequiredTraitsZeus,{!Icons.RunClearDotsLeft}宙斯的斗士{!Icons.RunClearDotsRight},,1.139672,24556151
ClearSurfaceNumFifty,GameData,GameData.RunClearMessageData,RunClearData.lua,defined,3,DefaultMessage,ClearSurfaceNumFifty,{!Icons.RunClearDotsLeft}50 次攀登{!Icons.RunClearDotsRight},,1.139672,24556151
ClearSurfaceNumFiveHundred,GameData,GameData.RunClearMessageData,RunClearData.lua,defined,3,DefaultMessage,ClearSurfaceNumFiveHundred,{!Icons.RunClearDotsLeft}500 次攀登{!Icons.RunClearDotsRight},,1.139672,24556151
ClearSurfaceNumOne,GameData,GameData.RunClearMessageData,RunClearData.lua,defined,3,DefaultMessage,ClearSurfaceNumOne,{!Icons.RunClearDotsLeft}荡平地表{!Icons.RunClearDotsRight},,1.139672,24556151
ClearSurfaceNumOneHundred,GameData,GameData.RunClearMessageData,RunClearData.lua,defined,3,DefaultMessage,ClearSurfaceNumOneHundred,{!Icons.RunClearDotsLeft}100 次攀登{!Icons.RunClearDotsRight},,1.139672,24556151
ClearSurfaceNumTen,GameData,GameData.RunClearMessageData,RunClearData.lua,defined,3,DefaultMessage,ClearSurfaceNumTen,{!Icons.RunClearDotsLeft}10 次攀登{!Icons.RunClearDotsRight},,1.139672,24556151
ClearSurfaceNumTwoFifty,GameData,GameData.RunClearMessageData,RunClearData.lua,defined,3,DefaultMessage,ClearSurfaceNumTwoFifty,{!Icons.RunClearDotsLeft}250 次攀登{!Icons.RunClearDotsRight},,1.139672,24556151
ClearSynergyTraits,GameData,GameData.RunClearMessageData,RunClearData.lua,defined,2,DefaultMessage,ClearSynergyTraits,{!Icons.RunClearDotsLeft}两两搭配{!Icons.RunClearDotsRight},,1.139672,24556151
ClearTimeFast,GameData,GameData.RunClearMessageData,RunClearData.lua,defined,2,DefaultMessage,ClearTimeFast,{!Icons.RunClearDotsLeft}兵贵神速{!Icons.RunClearDotsRight},,1.139672,24556151
ClearTimeSlow,GameData,GameData.RunClearMessageData,RunClearData.lua,defined,2,DefaultMessage,ClearTimeSlow,{!Icons.RunClearDotsLeft}三思后行{!Icons.RunClearDotsRight},,1.139672,24556151
ClearTimeVeryFast,GameData,GameData.RunClearMessageData,RunClearData.lua,defined,2,DefaultMessage,ClearTimeVeryFast,{!Icons.RunClearDotsLeft}白驹过隙{!Icons.RunClearDotsRight},,1.139672,24556151
ClearUnderworldNumFifty,GameData,GameData.RunClearMessageData,RunClearData.lua,defined,3,DefaultMessage,ClearUnderworldNumFifty,{!Icons.RunClearDotsLeft}50 杀{!Icons.RunClearDotsRight},,1.139672,24556151
ClearUnderworldNumFiveHundred,GameData,GameData.RunClearMessageData,RunClearData.lua,defined,3,DefaultMessage,ClearUnderworldNumFiveHundred,{!Icons.RunClearDotsLeft}500 杀{!Icons.RunClearDotsRight},,1.139672,24556151
ClearUnderworldNumOne,GameData,GameData.RunClearMessageData,RunClearData.lua,defined,3,DefaultMessage,ClearUnderworldNumOne,{!Icons.RunClearDotsLeft}泰坦杀手{!Icons.RunClearDotsRight},,1.139672,24556151
ClearUnderworldNumOneHundred,GameData,GameData.RunClearMessageData,RunClearData.lua,defined,3,DefaultMessage,ClearUnderworldNumOneHundred,{!Icons.RunClearDotsLeft}100 杀{!Icons.RunClearDotsRight},,1.139672,24556151
ClearUnderworldNumTen,GameData,GameData.RunClearMessageData,RunClearData.lua,defined,3,DefaultMessage,ClearUnderworldNumTen,{!Icons.RunClearDotsLeft}10 杀{!Icons.RunClearDotsRight},,1.139672,24556151
ClearUnderworldNumTwoFifty,GameData,GameData.RunClearMessageData,RunClearData.lua,defined,3,DefaultMessage,ClearUnderworldNumTwoFifty,{!Icons.RunClearDotsLeft}250 杀{!Icons.RunClearDotsRight},,1.139672,24556151
DefaultMessage,GameData,GameData.RunClearMessageData,RunClearData.lua,debug_only,1,,,,,1.139672,24556151
Duration,GameData,GameData.PostBathHouseArgs;GameData.PostDionysusBathHouseArgs;GameData.PostDreamArgs;GameData.PostFishingArgs;GameData.PostIntermissionArgs;GameData.PostTavernaArgs,NarrativeData.lua,stub,0,,,,,1.139672,24556151
LuaKey,GameData,GameData.PostBathHouseArgs;GameData.PostDionysusBathHouseArgs;GameData.PostDreamArgs;GameData.PostFishingArgs;GameData.PostIntermissionArgs;GameData.PostTavernaArgs,NarrativeData.lua,stub,0,,,,,1.139672,24556151
LuaValue,GameData,GameData.PostBathHouseArgs;GameData.PostDionysusBathHouseArgs;GameData.PostDreamArgs;GameData.PostFishingArgs;GameData.PostIntermissionArgs;GameData.PostTavernaArgs,NarrativeData.lua,stub,0,,,,,1.139672,24556151
PreDelay,GameData,GameData.PostBathHouseArgs;GameData.PostDionysusBathHouseArgs;GameData.PostDreamArgs;GameData.PostFishingArgs;GameData.PostIntermissionArgs;GameData.PostTavernaArgs,NarrativeData.lua,stub,0,,,,,1.139672,24556151
SoundName,GameData,GameData.PostBathHouseArgs;GameData.PostDionysusBathHouseArgs;GameData.PostDreamArgs;GameData.PostFishingArgs;GameData.PostIntermissionArgs;GameData.PostTavernaArgs,NarrativeData.lua,stub,0,,,,,1.139672,24556151
SwapSounds,GameData,GameData.DreamSequenceData;GameData.NightmareSequenceData,NarrativeData.lua,defined,2,,,,,1.139672,24556151
TargetHero,GameData,GameData.PostBathHouseArgs;GameData.PostDionysusBathHouseArgs;GameData.PostDreamArgs;GameData.PostFishingArgs;GameData.PostIntermissionArgs;GameData.PostTavernaArgs,NarrativeData.lua,stub,0,,,,,1.139672,24556151
Text,GameData,GameData.PostBathHouseArgs;GameData.PostDionysusBathHouseArgs;GameData.PostDreamArgs;GameData.PostFishingArgs;GameData.PostIntermissionArgs;GameData.PostTavernaArgs,NarrativeData.lua,stub,0,,,,,1.139672,24556151
Outro_EarlyEnd01b,GameOutroData,GameOutroData,HeroData.lua,defined,4,,,,,1.139672,24556151
Outro_EarlyEnd04,GameOutroData,GameOutroData,HeroData.lua,defined,3,,Outro_EarlyEnd04,巫术,,1.139672,24556151
Outro_EarlyEnd06,GameOutroData,GameOutroData,HeroData.lua,defined,3,,Outro_EarlyEnd06,成就,,1.139672,24556151
Outro_EarlyEnd07,GameOutroData,GameOutroData,HeroData.lua,defined,3,,Outro_EarlyEnd07,暗影,,1.139672,24556151
Outro_EarlyEnd08,GameOutroData,GameOutroData,HeroData.lua,defined,3,,Outro_EarlyEnd08,独一无二,,1.139672,24556151
Outro_EarlyEnd09,GameOutroData,GameOutroData,HeroData.lua,defined,3,,Outro_EarlyEnd09,盛怒,,1.139672,24556151
Outro_EarlyEnd10,GameOutroData,GameOutroData,HeroData.lua,defined,3,,Outro_EarlyEnd10,激情澎湃,,1.139672,24556151
Outro_EarlyEnd12,GameOutroData,GameOutroData,HeroData.lua,defined,3,,Outro_EarlyEnd12,胜利,,1.139672,24556151
Outro_EarlyEnd13,GameOutroData,GameOutroData,HeroData.lua,defined,4,,Outro_EarlyEnd13,太平,,1.139672,24556151
Outro_EarlyEnd14,GameOutroData,GameOutroData,HeroData.lua,defined,3,,Outro_EarlyEnd14,奖励,,1.139672,24556151
Outro_EarlyEnd15,GameOutroData,GameOutroData,HeroData.lua,defined,3,,Outro_EarlyEnd15,好结局,,1.139672,24556151
Outro_EarlyEnd_Adversary,GameOutroData,GameOutroData,HeroData.lua,defined,4,,Outro_EarlyEnd_Adversary,大敌,,1.139672,24556151
Outro_EarlyEnd_Ambiguity,GameOutroData,GameOutroData,HeroData.lua,defined,3,,Outro_EarlyEnd_Ambiguity,扑朔迷离,,1.139672,24556151
Outro_EarlyEnd_Chronos,GameOutroData,GameOutroData,HeroData.lua,defined,4,,Outro_EarlyEnd_Chronos,克洛诺斯,,1.139672,24556151
Outro_EarlyEnd_Countless,GameOutroData,GameOutroData,HeroData.lua,defined,4,,Outro_EarlyEnd_Countless,不计其数,,1.139672,24556151
Outro_EarlyEnd_Dance,GameOutroData,GameOutroData,HeroData.lua,defined,4,,Outro_EarlyEnd_Dance,舞蹈,,1.139672,24556151
Outro_EarlyEnd_Dangers,GameOutroData,GameOutroData,HeroData.lua,defined,4,,Outro_EarlyEnd_Dangers,豪情壮志,,1.139672,24556151
Outro_EarlyEnd_Dead,GameOutroData,GameOutroData,HeroData.lua,defined,3,,Outro_EarlyEnd_Dead,死亡,,1.139672,24556151
Outro_EarlyEnd_DeusExMachina,GameOutroData,GameOutroData,HeroData.lua,defined,4,,Outro_EarlyEnd_DeusExMachina,命运三女神,,1.139672,24556151
Outro_EarlyEnd_Dionysus,GameOutroData,GameOutroData,HeroData.lua,defined,4,,Outro_EarlyEnd_Dionysus,无忧无虑,,1.139672,24556151
Outro_EarlyEnd_Dream,GameOutroData,GameOutroData,HeroData.lua,defined,4,,Outro_EarlyEnd_Dream,大梦一场,,1.139672,24556151
Outro_EarlyEnd_Epic,GameOutroData,GameOutroData,HeroData.lua,defined,3,,Outro_EarlyEnd_Epic,宏大,,1.139672,24556151
Outro_EarlyEnd_Feud,GameOutroData,GameOutroData,HeroData.lua,defined,4,,Outro_EarlyEnd_Feud,血海深仇,,1.139672,24556151
Outro_EarlyEnd_Fiery,GameOutroData,GameOutroData,HeroData.lua,defined,3,,Outro_EarlyEnd_Fiery,火焰,,1.139672,24556151
Outro_EarlyEnd_Foes,GameOutroData,GameOutroData,HeroData.lua,defined,4,,Outro_EarlyEnd_Foes,匪夷所思,,1.139672,24556151
Outro_EarlyEnd_Foresight01,GameOutroData,GameOutroData,HeroData.lua,defined,4,,Outro_EarlyEnd_Foresight01,无所不知,,1.139672,24556151
Outro_EarlyEnd_Forgot,GameOutroData,GameOutroData,HeroData.lua,defined,3,,Outro_EarlyEnd_Forgot,遗忘,,1.139672,24556151
Outro_EarlyEnd_Forgotten,GameOutroData,GameOutroData,HeroData.lua,defined,3,,Outro_EarlyEnd_Forgotten,淡忘,,1.139672,24556151
Outro_EarlyEnd_Frightful,GameOutroData,GameOutroData,HeroData.lua,defined,4,,Outro_EarlyEnd_Frightful,三下五除二,,1.139672,24556151
Outro_EarlyEnd_Future01,GameOutroData,GameOutroData,HeroData.lua,defined,4,,Outro_EarlyEnd_Future01,未来,,1.139672,24556151
Outro_EarlyEnd_Future02,GameOutroData,GameOutroData,HeroData.lua,defined,3,,Outro_EarlyEnd_Future02,定数,,1.139672,24556151
Outro_EarlyEnd_Goal,GameOutroData,GameOutroData,HeroData.lua,defined,4,,Outro_EarlyEnd_Goal,竭尽所能,,1.139672,24556151
Outro_EarlyEnd_Gods,GameOutroData,GameOutroData,HeroData.lua,defined,3,,Outro_EarlyEnd_Gods,众神,,1.139672,24556151
Outro_EarlyEnd_Guardian,GameOutroData,GameOutroData,HeroData.lua,defined,4,,Outro_EarlyEnd_Guardian,火急火燎,,1.139672,24556151
Outro_EarlyEnd_Heart,GameOutroData,GameOutroData,HeroData.lua,defined,4,,Outro_EarlyEnd_Heart,丢三落四,,1.139672,24556151
Outro_EarlyEnd_Home,GameOutroData,GameOutroData,HeroData.lua,defined,4,,Outro_EarlyEnd_Home,故居,,1.139672,24556151
Outro_EarlyEnd_Horror,GameOutroData,GameOutroData,HeroData.lua,defined,4,,Outro_EarlyEnd_Horror,黑影,,1.139672,24556151
Outro_EarlyEnd_Immortals,GameOutroData,GameOutroData,HeroData.lua,defined,4,,Outro_EarlyEnd_Immortals,心怀感激,,1.139672,24556151
Outro_EarlyEnd_Love,GameOutroData,GameOutroData,HeroData.lua,defined,3,,Outro_EarlyEnd_Love,真爱,,1.139672,24556151
Outro_EarlyEnd_Modesty,GameOutroData,GameOutroData,HeroData.lua,defined,3,,Outro_EarlyEnd_Modesty,丰功伟绩,,1.139672,24556151
Outro_EarlyEnd_Mystery,GameOutroData,GameOutroData,HeroData.lua,defined,4,,Outro_EarlyEnd_Mystery,房间,,1.139672,24556151
Outro_EarlyEnd_Night,GameOutroData,GameOutroData,HeroData.lua,defined,4,,Outro_EarlyEnd_Night,把酒言欢,,1.139672,24556151
Outro_EarlyEnd_Oath,GameOutroData,GameOutroData,HeroData.lua,defined,4,,Outro_EarlyEnd_Oath,再一次,,1.139672,24556151
Outro_EarlyEnd_Olympus01,GameOutroData,GameOutroData,HeroData.lua,defined,4,,Outro_EarlyEnd_Olympus01,奥林匹斯,,1.139672,24556151
Outro_EarlyEnd_Olympus02,GameOutroData,GameOutroData,HeroData.lua,defined,4,,Outro_EarlyEnd_Olympus02,激烈,,1.139672,24556151
Outro_EarlyEnd_Palace01,GameOutroData,GameOutroData,HeroData.lua,defined,4,,Outro_EarlyEnd_Palace01,好巧不巧,,1.139672,24556151
Outro_EarlyEnd_Peace,GameOutroData,GameOutroData,HeroData.lua,defined,5,,Outro_EarlyEnd_Peace,太平,,1.139672,24556151
Outro_EarlyEnd_Precarious,GameOutroData,GameOutroData,HeroData.lua,defined,4,,Outro_EarlyEnd_Precarious,穷山恶水,,1.139672,24556151
Outro_EarlyEnd_Reasoning,GameOutroData,GameOutroData,HeroData.lua,defined,3,,Outro_EarlyEnd_Reasoning,荒诞不经,,1.139672,24556151
Outro_EarlyEnd_Summit,GameOutroData,GameOutroData,HeroData.lua,defined,4,,Outro_EarlyEnd_Summit,其乐融融,,1.139672,24556151
Outro_EarlyEnd_Titan,GameOutroData,GameOutroData,HeroData.lua,defined,4,,Outro_EarlyEnd_Titan,胜利感言,,1.139672,24556151
Outro_EarlyEnd_Typhon02,GameOutroData,GameOutroData,HeroData.lua,defined,5,,Outro_EarlyEnd_Typhon02,庞然大物,,1.139672,24556151
Outro_EarlyEnd_Typhon03,GameOutroData,GameOutroData,HeroData.lua,defined,4,,Outro_EarlyEnd_Typhon03,困意袭来,,1.139672,24556151
Outro_EarlyEnd_Typhon04,GameOutroData,GameOutroData,HeroData.lua,defined,5,,Outro_EarlyEnd_Typhon04,稍事休息,,1.139672,24556151
Outro_EarlyEnd_Typhon05,GameOutroData,GameOutroData,HeroData.lua,defined,5,,Outro_EarlyEnd_Typhon05,琢磨去吧,,1.139672,24556151
Outro_EarlyEnd_Typhon06,GameOutroData,GameOutroData,HeroData.lua,defined,5,,Outro_EarlyEnd_Typhon06,一应俱全,,1.139672,24556151
Outro_EarlyEnd_Typhon07,GameOutroData,GameOutroData,HeroData.lua,defined,4,,Outro_EarlyEnd_Typhon07,稀奇神妙,,1.139672,24556151
Outro_EarlyEnd_Typhon08,GameOutroData,GameOutroData,HeroData.lua,defined,4,,Outro_EarlyEnd_Typhon08,壮绝奇景,,1.139672,24556151
Outro_EarlyEnd_Typhon09,GameOutroData,GameOutroData,HeroData.lua,defined,5,,Outro_EarlyEnd_Typhon09,接地气,,1.139672,24556151
Outro_EarlyEnd_Typhon10,GameOutroData,GameOutroData,HeroData.lua,defined,4,,Outro_EarlyEnd_Typhon10,一眨眼,,1.139672,24556151
Outro_EarlyEnd_Unimaginable,GameOutroData,GameOutroData,HeroData.lua,defined,4,,Outro_EarlyEnd_Unimaginable,天马行空,,1.139672,24556151
Outro_EarlyEnd_Unpleasant,GameOutroData,GameOutroData,HeroData.lua,defined,5,,Outro_EarlyEnd_Unpleasant,令人不快,,1.139672,24556151
Outro_PostTrueEnding01,GameOutroData,GameOutroData,HeroData.lua,defined,6,,Outro_PostTrueEnding01,时间,,1.139672,24556151
Outro_PostTrueEnding01_B,GameOutroData,GameOutroData,HeroData.lua,defined,6,,Outro_PostTrueEnding01_B,时间,,1.139672,24556151
Outro_PostTrueEnding02,GameOutroData,GameOutroData,HeroData.lua,defined,4,,Outro_PostTrueEnding02,倒头就睡,,1.139672,24556151
Outro_PostTrueEnding03,GameOutroData,GameOutroData,HeroData.lua,defined,4,,Outro_PostTrueEnding03,不辞劳苦,,1.139672,24556151
Outro_PostTrueEnding_Loop01,GameOutroData,GameOutroData,HeroData.lua,defined,4,,Outro_PostTrueEnding_Loop01,又一种可能,,1.139672,24556151
Outro_PostTrueEnding_Surface01,GameOutroData,GameOutroData,HeroData.lua,defined,4,,Outro_PostTrueEnding_Surface01,无人知晓,,1.139672,24556151
Outro_StoryReset01,GameOutroData,GameOutroData,HeroData.lua,defined,5,,Outro_StoryReset01,哈迪斯？,,1.139672,24556151
GamePhases,GamePhaseData,GamePhaseData,GamePhaseData.lua,stub,0,,,,,1.139672,24556151
MaxRunsPerPhase,GamePhaseData,GamePhaseData,GamePhaseData.lua,stub,0,,,,,1.139672,24556151
MinRunsPerPhase,GamePhaseData,GamePhaseData,GamePhaseData.lua,stub,0,,,,,1.139672,24556151
StartingGamePhase,GamePhaseData,GamePhaseData,GamePhaseData.lua,stub,0,,,,,1.139672,24556151
StartingGamePhaseRunsRemaining,GamePhaseData,GamePhaseData,GamePhaseData.lua,stub,0,,,,,1.139672,24556151
Ghost_Recruit01,GhostData,GhostData,GhostData.lua,defined,2,,Ghost_Recruit01,死因：{#CauseOfDeathFormat}绝望,,1.139672,24556151
Ghost_Recruit02,GhostData,GhostData,GhostData.lua,defined,2,,Ghost_Recruit02,死因：{#CauseOfDeathFormat}背叛,,1.139672,24556151
Ghost_Recruit03,GhostData,GhostData,GhostData.lua,defined,2,,Ghost_Recruit03,临终夙愿：{#CauseOfDeathFormat}启迪,,1.139672,24556151
Ghost_Recruit04,GhostData,GhostData,GhostData.lua,defined,2,,Ghost_Recruit04,临终夙愿：{#CauseOfDeathFormat}力量,,1.139672,24556151
Ghost_Recruit05,GhostData,GhostData,GhostData.lua,defined,2,,Ghost_Recruit05,最深的悔恨：{#CauseOfDeathFormat}虚伪,,1.139672,24556151
Ghost_Recruit06,GhostData,GhostData,GhostData.lua,defined,2,,Ghost_Recruit06,最深的悔恨：{#CauseOfDeathFormat}沉默,,1.139672,24556151
Ghost_Recruit07,GhostData,GhostData,GhostData.lua,defined,2,,,,,1.139672,24556151
Ghost_Recruit08,GhostData,GhostData,GhostData.lua,defined,2,,,,,1.139672,24556151
Ghost_Recruit09,GhostData,GhostData,GhostData.lua,defined,2,,,,,1.139672,24556151
Ghost_Recruit10,GhostData,GhostData,GhostData.lua,defined,2,,,,,1.139672,24556151
Ghost_Recruit11,GhostData,GhostData,GhostData.lua,defined,2,,,,,1.139672,24556151
Ghost_Recruit12,GhostData,GhostData,GhostData.lua,defined,2,,,,,1.139672,24556151
AphroditeUpgrade,GiftData,GiftData,KeepsakeData.lua,defined,4,DefaultGiftData,AphroditeUpgrade,阿弗洛狄忒,,1.139672,24556151
ApolloUpgrade,GiftData,GiftData,KeepsakeData.lua,defined,4,DefaultGiftData,ApolloUpgrade,阿波罗,,1.139672,24556151
AresUpgrade,GiftData,GiftData,KeepsakeData.lua,defined,4,DefaultGiftData,AresUpgrade,阿瑞斯,,1.139672,24556151
DefaultGiftData,GiftData,GiftData,KeepsakeData.lua,defined,3,,,,,1.139672,24556151
DemeterUpgrade,GiftData,GiftData,KeepsakeData.lua,defined,4,DefaultGiftData,DemeterUpgrade,得墨忒尔,,1.139672,24556151
HephaestusUpgrade,GiftData,GiftData,KeepsakeData.lua,defined,4,DefaultGiftData,HephaestusUpgrade,赫菲斯托斯,,1.139672,24556151
HeraUpgrade,GiftData,GiftData,KeepsakeData.lua,defined,4,DefaultGiftData,HeraUpgrade,赫拉,,1.139672,24556151
HermesUpgrade,GiftData,GiftData,KeepsakeData.lua,defined,4,DefaultGiftData,HermesUpgrade,赫尔墨斯,,1.139672,24556151
HestiaUpgrade,GiftData,GiftData,KeepsakeData.lua,defined,4,DefaultGiftData,HestiaUpgrade,赫斯提亚,,1.139672,24556151
NPC_Arachne_01,GiftData,GiftData,KeepsakeData.lua,defined,4,DefaultGiftData,NPC_Arachne_01,阿拉克涅,,1.139672,24556151
NPC_Artemis_01,GiftData,GiftData,KeepsakeData.lua,defined,4,DefaultGiftData,NPC_Artemis_01,阿尔忒弥斯,,1.139672,24556151
NPC_Athena_01,GiftData,GiftData,KeepsakeData.lua,defined,4,DefaultGiftData,NPC_Athena_01,雅典娜,,1.139672,24556151
NPC_Charon_01,GiftData,GiftData,KeepsakeData.lua,defined,4,DefaultGiftData,NPC_Charon_01,卡戎,,1.139672,24556151
NPC_Chronos_02,GiftData,GiftData,KeepsakeData.lua,defined,4,DefaultGiftData,NPC_Chronos_02,克洛诺斯,,1.139672,24556151
NPC_Circe_01,GiftData,GiftData,KeepsakeData.lua,defined,4,DefaultGiftData,NPC_Circe_01,喀耳刻,,1.139672,24556151
NPC_Dionysus_01,GiftData,GiftData,KeepsakeData.lua,defined,4,DefaultGiftData,NPC_Dionysus_01,迪奥尼索司,,1.139672,24556151
NPC_Dora_01,GiftData,GiftData,KeepsakeData.lua,defined,4,DefaultGiftData,NPC_Dora_01,朵拉,,1.139672,24556151
NPC_Echo_01,GiftData,GiftData,KeepsakeData.lua,defined,4,DefaultGiftData,NPC_Echo_01,回声,,1.139672,24556151
NPC_Eris_01,GiftData,GiftData,KeepsakeData.lua,defined,4,DefaultGiftData,NPC_Eris_01,厄里斯,,1.139672,24556151
NPC_Hades_Field_01,GiftData,GiftData,KeepsakeData.lua,defined,4,DefaultGiftData,NPC_Hades_Field_01,哈迪斯,,1.139672,24556151
NPC_Hecate_01,GiftData,GiftData,KeepsakeData.lua,defined,4,DefaultGiftData,NPC_Hecate_01,赫卡忒,,1.139672,24556151
NPC_Heracles_01,GiftData,GiftData,KeepsakeData.lua,defined,4,DefaultGiftData,NPC_Heracles_01,赫拉克勒斯,,1.139672,24556151
NPC_Icarus_01,GiftData,GiftData,KeepsakeData.lua,defined,4,DefaultGiftData,NPC_Icarus_01,伊卡洛斯,,1.139672,24556151
NPC_Medea_01,GiftData,GiftData,KeepsakeData.lua,defined,4,DefaultGiftData,NPC_Medea_01,美狄亚,,1.139672,24556151
NPC_Moros_01,GiftData,GiftData,KeepsakeData.lua,defined,4,DefaultGiftData,NPC_Moros_01,摩罗斯,,1.139672,24556151
NPC_Narcissus_01,GiftData,GiftData,KeepsakeData.lua,defined,4,DefaultGiftData,NPC_Narcissus_01,纳西索斯,,1.139672,24556151
NPC_Nemesis_01,GiftData,GiftData,KeepsakeData.lua,defined,4,DefaultGiftData,NPC_Nemesis_01,涅墨西斯,,1.139672,24556151
NPC_Odysseus_01,GiftData,GiftData,KeepsakeData.lua,defined,4,DefaultGiftData,NPC_Odysseus_01,奥德修斯,,1.139672,24556151
NPC_Skelly_01,GiftData,GiftData,KeepsakeData.lua,defined,4,DefaultGiftData,NPC_Skelly_01,瑟勒米乌斯,,1.139672,24556151
NPC_Zagreus_01,GiftData,GiftData,KeepsakeData.lua,defined,4,DefaultGiftData,NPC_Zagreus_01,扎格列欧斯,,1.139672,24556151
PoseidonUpgrade,GiftData,GiftData,KeepsakeData.lua,defined,4,DefaultGiftData,PoseidonUpgrade,波塞冬,,1.139672,24556151
SpellDrop,GiftData,GiftData,KeepsakeData.lua,defined,4,DefaultGiftData,SpellDrop,塞勒涅,,1.139672,24556151
TrialUpgrade,GiftData,GiftData,KeepsakeData.lua,defined,4,DefaultGiftData,TrialUpgrade,卡俄斯,,1.139672,24556151
ZeusUpgrade,GiftData,GiftData,KeepsakeData.lua,defined,4,DefaultGiftData,ZeusUpgrade,宙斯,,1.139672,24556151
WeaponSimulationSlowLerpTimeMultiplier,GlobalModifiers,GlobalModifiers,HeroData.lua,stub,0,,,,,1.139672,24556151
WeaponSimulationSlowPreWaitMultiplier,GlobalModifiers,GlobalModifiers,HeroData.lua,stub,0,,,,,1.139672,24556151
Actor,GlobalVoiceLines,GlobalVoiceLines.DoraHidingVoiceLines,NPCData_Dora.lua,stub,0,,,,,1.139672,24556151
AllowTalkOverTextLines,GlobalVoiceLines,GlobalVoiceLines.NemesisDealDeclineVoiceLines,AudioData.lua,stub,0,,,,,1.139672,24556151
BreakIfPlayed,GlobalVoiceLines,GlobalVoiceLines.ArachneExorcismReactionVoiceLines;GlobalVoiceLines.ArachneGatherReactionVoiceLines;GlobalVoiceLines.ArachneMineReactionVoiceLines;GlobalVoiceLines.ArachnePickaxeReactionVoiceLines;GlobalVoiceLines.ArtemisDeathReactionVoiceLines;GlobalVoiceLines.ArtemisReRollReactionVoiceLines;GlobalVoiceLines.ArtemisSongStoppedReactionVoiceLines;GlobalVoiceLines.AthenaGatherReactionVoiceLines;GlobalVoiceLines.AthenaReRollReactionVoiceLines;GlobalVoiceLines.AutomatonsSightedLines;GlobalVoiceLines.CannotAffordMemUpgradeVoiceLines;GlobalVoiceLines.CardInspectVoiceLines;GlobalVoiceLines.ChallengeEncounterEnemySightedVoiceLines;GlobalVoiceLines.ChallengeSwitchEmptyVoiceLines;GlobalVoiceLines.ChallengeSwitchOpenedVoiceLines;GlobalVoiceLines.ChaosHarvestReactionVoiceLines;GlobalVoiceLines.CharonGatherReactionVoiceLines;GlobalVoiceLines.ChronosChronomancyVoiceLines;GlobalVoiceLines.ChronosGatherReactionVoiceLines;GlobalVoiceLines.ChronosInvulnerableVoiceLines;GlobalVoiceLines.ChronosLegionsSightedVoiceLines;GlobalVoiceLines.ChronosPreAttackVoiceLines;GlobalVoiceLines.ChronosSummonVoiceLines;GlobalVoiceLines.ChronosTimerOffReactionVoiceLines;GlobalVoiceLines.ChronosTimerOnReactionVoiceLines;GlobalVoiceLines.ChronosUltimateVoiceLines;GlobalVoiceLines.CirceGatherReactionVoiceLines;GlobalVoiceLines.ClaimedContractItemVoiceLines;GlobalVoiceLines.DevotionChoicePresentedVoiceLines;GlobalVoiceLines.DionysusExorcismReactionVoiceLines;GlobalVoiceLines.DionysusGatherReactionVoiceLines;GlobalVoiceLines.DionysusGuestHitReactionVoiceLines;GlobalVoiceLines.DionysusReRollReactionVoiceLines;GlobalVoiceLines.DoraDecorationRemovedLines;GlobalVoiceLines.DoraHidingVoiceLines;GlobalVoiceLines.DoraRedecorationReactionVoiceLines;GlobalVoiceLines.DreamRunFinalBossGreetingVoiceLines;GlobalVoiceLines.ErisAttackVoiceLines;GlobalVoiceLines.ErisAttemptedExitVoiceLines;GlobalVoiceLines.ErisAutomatonSpawnWaveVoiceLines;GlobalVoiceLines.ErisFireEscapeVoiceLines;GlobalVoiceLines.ErisFishSpawnWaveVoiceLines;GlobalVoiceLines.ErisGatherReactionVoiceLines;GlobalVoiceLines.ErisGrenadeClusterVoiceLines;GlobalVoiceLines.ErisGrenadeVoiceLines;GlobalVoiceLines.ErisSelfBuffAppliedVoiceLines;GlobalVoiceLines.ErisSelfBuffClearedVoiceLines;GlobalVoiceLines.ErisShotgunVoiceLines;GlobalVoiceLines.ErisSniperAimVoiceLines;GlobalVoiceLines.ErisSniperFireVoiceLines;GlobalVoiceLines.ErisSpawnWaveVoiceLines;GlobalVoiceLines.ErisSwoopInVoiceLines;GlobalVoiceLines.FailedToPetCerberusVoiceLines;GlobalVoiceLines.GenericLootGrantedVoiceLines;GlobalVoiceLines.GiftGivenVoiceLines;GlobalVoiceLines.HadesExorcismReactionVoiceLines;GlobalVoiceLines.HadesHarvestReactionVoiceLines;GlobalVoiceLines.HadesPickaxeReactionVoiceLines;GlobalVoiceLines.HadesReRollReactionVoiceLines;GlobalVoiceLines.HecateGatherReactionVoiceLines;GlobalVoiceLines.HecateHexVoiceLines;GlobalVoiceLines.HecatePolymorphVoiceLines;GlobalVoiceLines.HecateReturnVoiceLines;GlobalVoiceLines.HecateTransformVoiceLines;GlobalVoiceLines.HeraclesAttemptedExitVoiceLines;GlobalVoiceLines.HeraclesDeathReactionVoiceLines;GlobalVoiceLines.HeraclesExorcismReactionVoiceLines;GlobalVoiceLines.HeraclesLastStandReactionVoiceLines;GlobalVoiceLines.HeraclesTagInLines;GlobalVoiceLines.HermesExorcismReactionVoiceLines;GlobalVoiceLines.HermesHarvestReactionVoiceLines;GlobalVoiceLines.HermesNoMoneyReactionVoiceLines;GlobalVoiceLines.HermesPurchaseReactionVoiceLines;GlobalVoiceLines.HypnosStandeeOnHitVoiceLines;GlobalVoiceLines.IcarusDeathReactionVoiceLines;GlobalVoiceLines.IcarusExorcismReactionVoiceLines;GlobalVoiceLines.MedeaPlagueVoiceLines;GlobalVoiceLines.MelSighVoiceLines;GlobalVoiceLines.MetaRewardStandUsedVoiceLines;GlobalVoiceLines.MonstersSightedVoiceLines;GlobalVoiceLines.MorosCountdownVoiceLines;GlobalVoiceLines.MorosLastStandSurvivedLines;GlobalVoiceLines.NarcissusExorcismReactionVoiceLines;GlobalVoiceLines.NemesisDeathReactionVoiceLines;GlobalVoiceLines.NemesisExorcismReactionVoiceLines;GlobalVoiceLines.NemesisScoffingVoiceLines;GlobalVoiceLines.NyxMiscReactionLines;GlobalVoiceLines.OdysseusLaughVoiceLines;GlobalVoiceLines.OdysseusSongReactionVoiceLines;GlobalVoiceLines.PalaceObservationVoiceLines;GlobalVoiceLines.PerfectClearGotHitVoiceLines;GlobalVoiceLines.PersephoneExorcismReactionVoiceLines;GlobalVoiceLines.PolyphemusMiscGatherReactionVoiceLines;GlobalVoiceLines.PrometheusAttackLines;GlobalVoiceLines.PrometheusDodgeFatalityLines;GlobalVoiceLines.PrometheusDodgeReactionLines;GlobalVoiceLines.PrometheusEagleComboLines;GlobalVoiceLines.PrometheusGatherReactionVoiceLines;GlobalVoiceLines.PrometheusPreAttackLines;GlobalVoiceLines.PrometheusSpawnWaveLines;GlobalVoiceLines.PrometheusTagInLines;GlobalVoiceLines.PurchasedChaosWeaponUpgradeVoiceLines;GlobalVoiceLines.PurchasedDamageSelfDropVoicelines;GlobalVoiceLines.PurchasedRandomItemVoiceLines;GlobalVoiceLines.PurchasedRandomPomVoiceLines;GlobalVoiceLines.RecordRunDepthVoiceLines;GlobalVoiceLines.RevengeKillingEnemyVoiceLines;GlobalVoiceLines.SatyrsSightedVoiceLines;GlobalVoiceLines.ScyllaFanShowEndVoiceLines;GlobalVoiceLines.ScyllaSirenDeathReactionVoiceLines;GlobalVoiceLines.ScyllaSirenKOReactionVoiceLines;GlobalVoiceLines.ScyllaSirenRallyVoiceLines;GlobalVoiceLines.SeleneExorcismReactionVoiceLines;GlobalVoiceLines.SeleneHexReadyLines;GlobalVoiceLines.SeleneVictoryVoiceLines;GlobalVoiceLines.SkellyWeaponEquipReactionVoiceLines;GlobalVoiceLines.SpottedContractItemVoiceLines;GlobalVoiceLines.StartPostTrueEndingRunIntroVoiceLines;GlobalVoiceLines.SwitchFromUpgradeCardModeVoiceLines;GlobalVoiceLines.SwitchToUpgradeCardModeVoiceLines;GlobalVoiceLines.UsedMoneyDropVoiceLines;GlobalVoiceLines.UsedPowerDrinkVoiceLines;GlobalVoiceLines.ZagreusBoilingBloodVoiceLines;GlobalVoiceLines.ZagreusInvulnerableVoiceLines;GlobalVoiceLines.ZagreusMeleePreAttackVoiceLines;GlobalVoiceLines.ZagreusRangedPreAttackVoiceLines;GlobalVoiceLines.ZagreusRarifyVoiceLines,AudioData.lua;CombatPresentation.lua;EnemyData_Chronos.lua;EnemyData_Eris.lua;EnemyData_Hecate.lua;EnemyData_Polyphemus.lua;EnemyData_Prometheus.lua;EnemyData_Scylla.lua;EnemyData_Zagreus.lua;HubPresentation.lua;LootData.lua;LootData_Chaos.lua;MetaUpgradeCardScreenData.lua;NPCData_Arachne.lua;NPCData_Artemis.lua;NPCData_Athena.lua;NPCData_Charon.lua;NPCData_Chronos.lua;NPCData_Circe.lua;NPCData_Dionysus.lua;NPCData_Dora.lua;NPCData_Hades.lua;NPCData_Heracles.lua;NPCData_Hermes.lua;NPCData_Hypnos.lua;NPCData_Icarus.lua;NPCData_Medea.lua;NPCData_Moros.lua;NPCData_Narcissus.lua;NPCData_Nemesis.lua;NPCData_Odysseus.lua;NPCData_Selene.lua;PresentationBiomeG.lua,stub,0,,,,,1.139672,24556151
ChanceToPlay,GlobalVoiceLines,GlobalVoiceLines.ChaosHarvestReactionVoiceLines;GlobalVoiceLines.PrometheusPreAttackLines;GlobalVoiceLines.ShrineUpgradePickedVoiceLines,EnemyData_Prometheus.lua;LootData_Chaos.lua;ShrineData.lua,stub,0,,,,,1.139672,24556151
Cooldowns,GlobalVoiceLines,GlobalVoiceLines.AnomalyReactionVoiceLines;GlobalVoiceLines.AnyAspectUpgradedVoiceLines;GlobalVoiceLines.ArachneCocoonPositiveReactionLines;GlobalVoiceLines.ArachneExorcismReactionVoiceLines;GlobalVoiceLines.ArachneGatherReactionVoiceLines;GlobalVoiceLines.ArachneMineReactionVoiceLines;GlobalVoiceLines.ArachnePickaxeReactionVoiceLines;GlobalVoiceLines.ArtemisReRollReactionVoiceLines;GlobalVoiceLines.AthenaGatherReactionVoiceLines;GlobalVoiceLines.AthenaReRollReactionVoiceLines;GlobalVoiceLines.AutomatonsSightedLines;GlobalVoiceLines.AwardMenuNewAvailableVoiceLines;GlobalVoiceLines.CannotAffordMemUpgradeVoiceLines;GlobalVoiceLines.CardInspectVoiceLines;GlobalVoiceLines.CatGreetingVoiceLines;GlobalVoiceLines.ChallengeEncounterClearedVoiceLines;GlobalVoiceLines.ChallengeSwitchOpenedVoiceLines;GlobalVoiceLines.ChaosBigHitVoiceLines;GlobalVoiceLines.ChaosHarvestReactionVoiceLines;GlobalVoiceLines.ChaosWarningVoiceLines;GlobalVoiceLines.CharonGatherReactionVoiceLines;GlobalVoiceLines.ChronosChronomancyVoiceLines;GlobalVoiceLines.ChronosGatherReactionVoiceLines;GlobalVoiceLines.ChronosInvulnerableVoiceLines;GlobalVoiceLines.ChronosLegionsSightedVoiceLines;GlobalVoiceLines.ChronosPreAttackVoiceLines;GlobalVoiceLines.ChronosSummonVoiceLines;GlobalVoiceLines.ChronosTimerOffReactionVoiceLines;GlobalVoiceLines.ChronosTimerOnReactionVoiceLines;GlobalVoiceLines.ChronosUltimateVoiceLines;GlobalVoiceLines.CirceGatherReactionVoiceLines;GlobalVoiceLines.ClaimedContractItemVoiceLines;GlobalVoiceLines.ClosedCardScreenVoiceLines;GlobalVoiceLines.CombatResolvedVoiceLines;GlobalVoiceLines.CosmeticChangeVoiceLines;GlobalVoiceLines.CritterGreetingVoiceLines;GlobalVoiceLines.DevotionChoicePresentedVoiceLines;GlobalVoiceLines.DionysusExorcismReactionVoiceLines;GlobalVoiceLines.DionysusGatherReactionVoiceLines;GlobalVoiceLines.DionysusGuestHitReactionVoiceLines;GlobalVoiceLines.DionysusReRollReactionVoiceLines;GlobalVoiceLines.DoraDecorationRemovedLines;GlobalVoiceLines.DoraHidingVoiceLines;GlobalVoiceLines.DoraRedecorationReactionVoiceLines;GlobalVoiceLines.DoraSummonedVoiceLines;GlobalVoiceLines.DreamRunFinalBossGreetingVoiceLines;GlobalVoiceLines.EnteredDeathAreaVoiceLines;GlobalVoiceLines.ErisAttackVoiceLines;GlobalVoiceLines.ErisAttemptedExitVoiceLines;GlobalVoiceLines.ErisAutomatonSpawnWaveVoiceLines;GlobalVoiceLines.ErisFireEscapeVoiceLines;GlobalVoiceLines.ErisFishSpawnWaveVoiceLines;GlobalVoiceLines.ErisGatherReactionVoiceLines;GlobalVoiceLines.ErisGrenadeClusterVoiceLines;GlobalVoiceLines.ErisGrenadeVoiceLines;GlobalVoiceLines.ErisInvulnerableVoiceLines;GlobalVoiceLines.ErisSelfBuffAppliedVoiceLines;GlobalVoiceLines.ErisSelfBuffClearedVoiceLines;GlobalVoiceLines.ErisShotgunVoiceLines;GlobalVoiceLines.ErisSniperAimVoiceLines;GlobalVoiceLines.ErisSpawnWaveVoiceLines;GlobalVoiceLines.ErisSwoopInVoiceLines;GlobalVoiceLines.FailedToPetCerberusVoiceLines;GlobalVoiceLines.FieldsEnemiesSpottedVoiceLines;GlobalVoiceLines.FieldsPassiveEnemiesSpottedVoiceLines;GlobalVoiceLines.FoundRareBoonVoiceLines;GlobalVoiceLines.GenericLootGrantedVoiceLines;GlobalVoiceLines.GreetingNeoChronosLines;GlobalVoiceLines.HadesExorcismReactionVoiceLines;GlobalVoiceLines.HadesHarvestReactionVoiceLines;GlobalVoiceLines.HadesPickaxeReactionVoiceLines;GlobalVoiceLines.HadesReRollReactionVoiceLines;GlobalVoiceLines.HarvestBonusResourceVoiceLines;GlobalVoiceLines.HecateGatherReactionVoiceLines;GlobalVoiceLines.HecateHexVoiceLines;GlobalVoiceLines.HecatePolymorphVoiceLines;GlobalVoiceLines.HecateTransformVoiceLines;GlobalVoiceLines.HeraclesAttemptedExitVoiceLines;GlobalVoiceLines.HeraclesBoonReactionVoiceLines;GlobalVoiceLines.HeraclesExorcismReactionVoiceLines;GlobalVoiceLines.HeraclesLastStandReactionVoiceLines;GlobalVoiceLines.HeraclesTagInLines;GlobalVoiceLines.HermesExorcismReactionVoiceLines;GlobalVoiceLines.HermesHarvestReactionVoiceLines;GlobalVoiceLines.HermesNoMoneyReactionVoiceLines;GlobalVoiceLines.HermesPurchaseReactionVoiceLines;GlobalVoiceLines.HypnosStandeeOnHitVoiceLines;GlobalVoiceLines.HypnosStandeeSpottedVoiceLines;GlobalVoiceLines.IcarusExorcismReactionVoiceLines;GlobalVoiceLines.MetaRewardStandUsedVoiceLines;GlobalVoiceLines.MiniBossEncounterEndVoiceLines;GlobalVoiceLines.MiniBossEncounterMiscStartLines;GlobalVoiceLines.MiscEndVoiceLines_Chronos;GlobalVoiceLines.MiscUpgradePickedVoiceLines;GlobalVoiceLines.MiscWeaponEquipVoiceLines;GlobalVoiceLines.MonstersSightedVoiceLines;GlobalVoiceLines.MorosLastStandSurvivedLines;GlobalVoiceLines.NarcissusExorcismReactionVoiceLines;GlobalVoiceLines.NegativeReactionVoiceLines;GlobalVoiceLines.NemesisExorcismReactionVoiceLines;GlobalVoiceLines.NyxMiscReactionLines;GlobalVoiceLines.OpenedAwardMenuVoiceLines;GlobalVoiceLines.OpenedCardScreenHighPsycheLines;GlobalVoiceLines.OpenedCardScreenVoiceLines;GlobalVoiceLines.OpenedMailboxVoiceLines;GlobalVoiceLines.OutOfManaVoiceLines;GlobalVoiceLines.PalaceObservationVoiceLines;GlobalVoiceLines.PerfectClearGotHitVoiceLines;GlobalVoiceLines.PersephoneExorcismReactionVoiceLines;GlobalVoiceLines.PinnedItemVoiceLines;GlobalVoiceLines.PolyphemusMiscGatherReactionVoiceLines;GlobalVoiceLines.PositiveReactionVoiceLines;GlobalVoiceLines.PrometheusAttackLines;GlobalVoiceLines.PrometheusDodgeReactionLines;GlobalVoiceLines.PrometheusEagleComboLines;GlobalVoiceLines.PrometheusGatherReactionVoiceLines;GlobalVoiceLines.PrometheusPreAttackLines;GlobalVoiceLines.PrometheusSpawnWaveLines;GlobalVoiceLines.PrometheusTagInLines;GlobalVoiceLines.PurchasedLastStandVoiceLines;GlobalVoiceLines.ReachedMaxMemLimitVoiceLines;GlobalVoiceLines.ReachedMemLimitVoiceLines;GlobalVoiceLines.RecordRunDepthVoiceLines;GlobalVoiceLines.RevengeKillingEnemyVoiceLines;GlobalVoiceLines.SaluteVoiceLines;GlobalVoiceLines.SatyrsSightedVoiceLines;GlobalVoiceLines.ScyllaSirenDeathReactionVoiceLines;GlobalVoiceLines.ScyllaSirenKOReactionVoiceLines;GlobalVoiceLines.SeleneExorcismReactionVoiceLines;GlobalVoiceLines.SeleneHexReadyLines;GlobalVoiceLines.ShrineUpgradeMaxedVoiceLines;GlobalVoiceLines.ShrineUpgradePickedVoiceLines;GlobalVoiceLines.SkellyManaFountainReactionVoiceLines;GlobalVoiceLines.SkellyRootReactionVoiceLines;GlobalVoiceLines.SkellyWeaponEquipReactionVoiceLines;GlobalVoiceLines.SpellPolymorphReactionVoiceLines;GlobalVoiceLines.SpellReactionVoiceLines;GlobalVoiceLines.SpottedContractItemVoiceLines;GlobalVoiceLines.StandardWellShopItemVoiceLines;GlobalVoiceLines.StartPackagedBountyRunVoiceLines;GlobalVoiceLines.SwitchFromUpgradeCardModeVoiceLines;GlobalVoiceLines.SwitchToUpgradeCardModeVoiceLines;GlobalVoiceLines.SwitchedWeaponUpgradeVoiceLines;GlobalVoiceLines.TalentDropUsedVoiceLines;GlobalVoiceLines.TaskBegunVoiceLines;GlobalVoiceLines.ThankingCharacterVoiceLines;GlobalVoiceLines.ThankingIcarusVoiceLines;GlobalVoiceLines.TradedMarketItemVoiceLines;GlobalVoiceLines.TrophyAttackReactionVoiceLines;GlobalVoiceLines.TyphonHidingVoiceLines;GlobalVoiceLines.TyphonUnHidingVoiceLines;GlobalVoiceLines.TyphonWoundedVoiceLines;GlobalVoiceLines.UpgradeCardVoiceLines;GlobalVoiceLines.UsedMoneyDropVoiceLines;GlobalVoiceLines.UsedPowerDrinkVoiceLines;GlobalVoiceLines.UsedRewardFinderVoiceLines;GlobalVoiceLines.UsedTelescopeVoiceLines;GlobalVoiceLines.ZagreusBoilingBloodVoiceLines;GlobalVoiceLines.ZagreusInvulnerableVoiceLines;GlobalVoiceLines.ZagreusMeleePreAttackVoiceLines;GlobalVoiceLines.ZagreusRangedPreAttackVoiceLines;GlobalVoiceLines.ZagreusRarifyVoiceLines,AudioData.lua;BountyData.lua;DeathLoopData.lua;EnemyData_Chronos.lua;EnemyData_Eris.lua;EnemyData_Hecate.lua;EnemyData_Polyphemus.lua;EnemyData_Prometheus.lua;EnemyData_Scylla.lua;EnemyData_TyphonHead.lua;EnemyData_Zagreus.lua;HubPresentation.lua;KeepsakeData.lua;LootData.lua;LootData_Chaos.lua;MailboxData.lua;MarketData.lua;MetaUpgradeCardScreenData.lua;NPCData_Arachne.lua;NPCData_Artemis.lua;NPCData_Athena.lua;NPCData_Charon.lua;NPCData_Chronos.lua;NPCData_Circe.lua;NPCData_Dionysus.lua;NPCData_Dora.lua;NPCData_Hades.lua;NPCData_Heracles.lua;NPCData_Hermes.lua;NPCData_Hypnos.lua;NPCData_Icarus.lua;NPCData_Moros.lua;NPCData_Narcissus.lua;NPCData_Nemesis.lua;NPCData_Selene.lua;NPCData_Skelly.lua;ShrineData.lua;WeaponShopData.lua,stub,0,,,,,1.139672,24556151
GameStateRequirements,GlobalVoiceLines,GlobalVoiceLines.AcquireMixerForCirceQuestVoiceLines;GlobalVoiceLines.AcquireMixerForMedeaQuestVoiceLines;GlobalVoiceLines.AllCardsUnlockedVoiceLines;GlobalVoiceLines.AnomalyConcludedVoiceLines;GlobalVoiceLines.AnomalyReactionVoiceLines;GlobalVoiceLines.ArachneCocoonPositiveReactionLines;GlobalVoiceLines.ArachneExorcismReactionVoiceLines;GlobalVoiceLines.ArachneGatherReactionVoiceLines;GlobalVoiceLines.ArachneMineReactionVoiceLines;GlobalVoiceLines.ArachnePickaxeReactionVoiceLines;GlobalVoiceLines.ArtemisReRollReactionVoiceLines;GlobalVoiceLines.ArtemisSongStoppedReactionVoiceLines;GlobalVoiceLines.AthenaReRollReactionVoiceLines;GlobalVoiceLines.AutomatonsSightedLines;GlobalVoiceLines.BarelySurvivedBossFightVoiceLines;GlobalVoiceLines.CannotAffordMemUpgradeVoiceLines;GlobalVoiceLines.CardInspectVoiceLines;GlobalVoiceLines.CatFamiliarBossFightLastHitVoiceLines;GlobalVoiceLines.CatGreetingVoiceLines;GlobalVoiceLines.CatReactionVoiceLines;GlobalVoiceLines.ChallengeEncounterEnemySightedVoiceLines;GlobalVoiceLines.ChallengeSwitchOpenedVoiceLines;GlobalVoiceLines.ChaosBigHitVoiceLines;GlobalVoiceLines.ChaosHarvestReactionVoiceLines;GlobalVoiceLines.ChaosWarningVoiceLines;GlobalVoiceLines.CharonGatherReactionVoiceLines;GlobalVoiceLines.ChronosGatherReactionVoiceLines;GlobalVoiceLines.ChronosInvulnerableVoiceLines;GlobalVoiceLines.ChronosLegionsSightedVoiceLines;GlobalVoiceLines.ChronosPreAttackVoiceLines;GlobalVoiceLines.ChronosSummonVoiceLines;GlobalVoiceLines.ChronosTimerOffReactionVoiceLines;GlobalVoiceLines.ChronosTimerOnReactionVoiceLines;GlobalVoiceLines.ClaimedContractItemVoiceLines;GlobalVoiceLines.ClosedCardScreenVoiceLines;GlobalVoiceLines.CombatBeginsVoiceLines;GlobalVoiceLines.DeathVoiceLines;GlobalVoiceLines.DevotionChoicePresentedVoiceLines;GlobalVoiceLines.DionysusGuestHitReactionVoiceLines;GlobalVoiceLines.DionysusReRollReactionVoiceLines;GlobalVoiceLines.DoraDecorationRemovedLines;GlobalVoiceLines.DoraHidingVoiceLines;GlobalVoiceLines.DoraRedecorationReactionVoiceLines;GlobalVoiceLines.DoraSummonedVoiceLines;GlobalVoiceLines.DreamRunFinalBossGreetingVoiceLines;GlobalVoiceLines.ErisAttackVoiceLines;GlobalVoiceLines.ErisAutomatonSpawnWaveVoiceLines;GlobalVoiceLines.ErisFireEscapeVoiceLines;GlobalVoiceLines.ErisFishSpawnWaveVoiceLines;GlobalVoiceLines.ErisGatherReactionVoiceLines;GlobalVoiceLines.ErisGrenadeClusterVoiceLines;GlobalVoiceLines.ErisGrenadeVoiceLines;GlobalVoiceLines.ErisInvulnerableVoiceLines;GlobalVoiceLines.ErisNotSightedVoiceLines;GlobalVoiceLines.ErisSelfBuffAppliedVoiceLines;GlobalVoiceLines.ErisSelfBuffClearedVoiceLines;GlobalVoiceLines.ErisShotgunVoiceLines;GlobalVoiceLines.ErisSniperAimVoiceLines;GlobalVoiceLines.ErisSniperFireVoiceLines;GlobalVoiceLines.ErisSpawnWaveVoiceLines;GlobalVoiceLines.ErisSwoopInVoiceLines;GlobalVoiceLines.FieldsEnemiesSpottedVoiceLines;GlobalVoiceLines.FieldsRewardClaimedVoiceLines;GlobalVoiceLines.FishCaughtByCatVoiceLines;GlobalVoiceLines.GenericLootGrantedVoiceLines;GlobalVoiceLines.GiftGivenVoiceLines;GlobalVoiceLines.HadesExorcismReactionVoiceLines;GlobalVoiceLines.HadesHarvestReactionVoiceLines;GlobalVoiceLines.HadesPickaxeReactionVoiceLines;GlobalVoiceLines.HadesReRollReactionVoiceLines;GlobalVoiceLines.HadesZagreusChattingLines;GlobalVoiceLines.HarvestPointFoundVoiceLines;GlobalVoiceLines.HecateHexVoiceLines;GlobalVoiceLines.HecateReturnVoiceLines;GlobalVoiceLines.HecateTransformVoiceLines;GlobalVoiceLines.HeraclesBoonReactionVoiceLines;GlobalVoiceLines.HermesHarvestReactionVoiceLines;GlobalVoiceLines.HermesNoMoneyReactionVoiceLines;GlobalVoiceLines.HermesPurchaseReactionVoiceLines;GlobalVoiceLines.HoundReactionVoiceLines;GlobalVoiceLines.HypnosPostBossVoiceLines;GlobalVoiceLines.HypnosStandeeOnHitVoiceLines;GlobalVoiceLines.MiniBossEncounterMiscStartLines;GlobalVoiceLines.MiniBossEncounterStartVoiceLines;GlobalVoiceLines.MirrorInitialInspectLines;GlobalVoiceLines.MiscEndVoiceLines_Chronos;GlobalVoiceLines.MiscEndVoiceLines_Circe;GlobalVoiceLines.MiscEndVoiceLines_Dora;GlobalVoiceLines.MiscEndVoiceLines_Eris;GlobalVoiceLines.MiscEndVoiceLines_Hecate;GlobalVoiceLines.MiscEndVoiceLines_Moros;GlobalVoiceLines.MiscEndVoiceLines_Nemesis;GlobalVoiceLines.MiscEndVoiceLines_Odysseus;GlobalVoiceLines.MiscEndVoiceLines_Skelly;GlobalVoiceLines.MiscFarewellVoiceLines_Icarus;GlobalVoiceLines.MiscUpgradePickedVoiceLines;GlobalVoiceLines.MonstersSightedVoiceLines;GlobalVoiceLines.MorosLastStandSurvivedLines;GlobalVoiceLines.NarcissusPostGiftMutteringLines;GlobalVoiceLines.NegativeReactionVoiceLines;GlobalVoiceLines.OdysseusSongReactionVoiceLines;GlobalVoiceLines.OlympusAssaultReactionLines;GlobalVoiceLines.PolecatReactionVoiceLines;GlobalVoiceLines.PositiveReactionVoiceLines;GlobalVoiceLines.PrometheusAttackLines;GlobalVoiceLines.PrometheusDodgeReactionLines;GlobalVoiceLines.PrometheusGatherReactionVoiceLines;GlobalVoiceLines.PrometheusPreAttackLines;GlobalVoiceLines.RavenReactionVoiceLines;GlobalVoiceLines.RecordRunDepthVoiceLines;GlobalVoiceLines.ReturnedFromElysiumVoiceLines;GlobalVoiceLines.RevengeKillingEnemyVoiceLines;GlobalVoiceLines.SatyrsSightedVoiceLines;GlobalVoiceLines.ScyllaFanShowEndVoiceLines;GlobalVoiceLines.ScyllaFanShowStartVoiceLines;GlobalVoiceLines.SeleneExorcismReactionVoiceLines;GlobalVoiceLines.SeleneHexReadyLines;GlobalVoiceLines.SeleneVictoryVoiceLines;GlobalVoiceLines.SkellyHitQuestCompleteVoiceLines;GlobalVoiceLines.SkellyManaFountainReactionVoiceLines;GlobalVoiceLines.SkellyRootReactionVoiceLines;GlobalVoiceLines.SkellyWeaponEquipReactionVoiceLines;GlobalVoiceLines.StartMiscRunVoiceLines;GlobalVoiceLines.StartPackagedBountyRunVoiceLines;GlobalVoiceLines.StartPostTrueEndingRunIntroVoiceLines;GlobalVoiceLines.ThankingIcarusVoiceLines;GlobalVoiceLines.TrophyAttackReactionVoiceLines;GlobalVoiceLines.TyphonWoundedVoiceLines;GlobalVoiceLines.UsedMoneyDropVoiceLines;GlobalVoiceLines.UsedRewardFinderVoiceLines;GlobalVoiceLines.UsedTelescopeVoiceLines;GlobalVoiceLines.WeaponShopExpandedVoiceLines;GlobalVoiceLines.ZagreusBoilingBloodVoiceLines;GlobalVoiceLines.ZagreusInvulnerableVoiceLines;GlobalVoiceLines.ZagreusMeleePreAttackVoiceLines;GlobalVoiceLines.ZagreusRangedPreAttackVoiceLines;GlobalVoiceLines.ZagreusRarifyVoiceLines,AudioData.lua;BountyData.lua;DeathLoopData.lua;EnemyData_Chronos.lua;EnemyData_Eris.lua;EnemyData_Hecate.lua;EnemyData_Prometheus.lua;EnemyData_TyphonHead.lua;EnemyData_Zagreus.lua;HarvestData.lua;HubPresentation.lua;LootData.lua;LootData_Chaos.lua;MetaUpgradeCardScreenData.lua;NPCData.lua;NPCData_Arachne.lua;NPCData_Artemis.lua;NPCData_Athena.lua;NPCData_Charon.lua;NPCData_Chronos.lua;NPCData_Circe.lua;NPCData_Dionysus.lua;NPCData_Dora.lua;NPCData_Hades.lua;NPCData_Heracles.lua;NPCData_Hermes.lua;NPCData_Hypnos.lua;NPCData_Moros.lua;NPCData_Narcissus.lua;NPCData_Odysseus.lua;NPCData_Selene.lua;NPCData_Skelly.lua;PresentationBiomeG.lua;PresentationBiomeH.lua;WeaponShopData.lua,defined,3,,,,,1.139672,24556151
NoTarget,GlobalVoiceLines,GlobalVoiceLines.ArtemisDeathReactionVoiceLines;GlobalVoiceLines.EchoKeepsakeLines;GlobalVoiceLines.HeraclesDeathReactionVoiceLines;GlobalVoiceLines.HypnosPostBossVoiceLines;GlobalVoiceLines.IcarusDeathReactionVoiceLines;GlobalVoiceLines.NemesisDeathReactionVoiceLines;GlobalVoiceLines.OdysseusLaughVoiceLines,NPCData_Artemis.lua;NPCData_Echo.lua;NPCData_Heracles.lua;NPCData_Hypnos.lua;NPCData_Icarus.lua;NPCData_Nemesis.lua;NPCData_Odysseus.lua,stub,0,,,,,1.139672,24556151
ObjectType,GlobalVoiceLines,GlobalVoiceLines.ArachneCocoonPositiveReactionLines;GlobalVoiceLines.ArachneExorcismReactionVoiceLines;GlobalVoiceLines.ArachneGatherReactionVoiceLines;GlobalVoiceLines.ArachneMineReactionVoiceLines;GlobalVoiceLines.ArachnePickaxeReactionVoiceLines;GlobalVoiceLines.ArtemisReRollReactionVoiceLines;GlobalVoiceLines.ArtemisSongStoppedReactionVoiceLines;GlobalVoiceLines.AthenaGatherReactionVoiceLines;GlobalVoiceLines.AthenaReRollReactionVoiceLines;GlobalVoiceLines.CharonGatherReactionVoiceLines;GlobalVoiceLines.ChronosChronomancyVoiceLines;GlobalVoiceLines.ChronosGatherReactionVoiceLines;GlobalVoiceLines.ChronosPreAttackVoiceLines;GlobalVoiceLines.ChronosSummonVoiceLines;GlobalVoiceLines.ChronosTimerOffReactionVoiceLines;GlobalVoiceLines.ChronosTimerOnReactionVoiceLines;GlobalVoiceLines.ChronosUltimateVoiceLines;GlobalVoiceLines.CirceGatherReactionVoiceLines;GlobalVoiceLines.DionysusExorcismReactionVoiceLines;GlobalVoiceLines.DionysusGatherReactionVoiceLines;GlobalVoiceLines.DionysusGuestHitReactionVoiceLines;GlobalVoiceLines.DionysusReRollReactionVoiceLines;GlobalVoiceLines.DoraCosmeticReactionVoiceLines;GlobalVoiceLines.DoraDecorationRemovedLines;GlobalVoiceLines.DoraHidingVoiceLines;GlobalVoiceLines.DoraRedecorationReactionVoiceLines;GlobalVoiceLines.ErisAttackVoiceLines;GlobalVoiceLines.ErisAutomatonSpawnWaveVoiceLines;GlobalVoiceLines.ErisFireEscapeVoiceLines;GlobalVoiceLines.ErisFishSpawnWaveVoiceLines;GlobalVoiceLines.ErisGatherReactionVoiceLines;GlobalVoiceLines.ErisSelfBuffAppliedVoiceLines;GlobalVoiceLines.ErisSelfBuffClearedVoiceLines;GlobalVoiceLines.ErisShotgunVoiceLines;GlobalVoiceLines.ErisSniperAimVoiceLines;GlobalVoiceLines.ErisSniperFireVoiceLines;GlobalVoiceLines.ErisSpawnWaveVoiceLines;GlobalVoiceLines.HadesExorcismReactionVoiceLines;GlobalVoiceLines.HadesHarvestReactionVoiceLines;GlobalVoiceLines.HadesPickaxeReactionVoiceLines;GlobalVoiceLines.HadesReRollReactionVoiceLines;GlobalVoiceLines.HecateGatherReactionVoiceLines;GlobalVoiceLines.HecateHexVoiceLines;GlobalVoiceLines.HecatePolymorphVoiceLines;GlobalVoiceLines.HeraclesBoonReactionVoiceLines;GlobalVoiceLines.HeraclesExorcismReactionVoiceLines;GlobalVoiceLines.HeraclesTagInLines;GlobalVoiceLines.HermesExorcismReactionVoiceLines;GlobalVoiceLines.HermesHarvestReactionVoiceLines;GlobalVoiceLines.HermesNoMoneyReactionVoiceLines;GlobalVoiceLines.HermesPurchaseReactionVoiceLines;GlobalVoiceLines.IcarusExorcismReactionVoiceLines;GlobalVoiceLines.MedeaPlagueVoiceLines;GlobalVoiceLines.NarcissusExorcismReactionVoiceLines;GlobalVoiceLines.NemesisExorcismReactionVoiceLines;GlobalVoiceLines.NemesisScoffingVoiceLines;GlobalVoiceLines.NyxMiscReactionLines;GlobalVoiceLines.OdysseusSongReactionVoiceLines;GlobalVoiceLines.PersephoneExorcismReactionVoiceLines;GlobalVoiceLines.PolyphemusMiscGatherReactionVoiceLines;GlobalVoiceLines.PrometheusAttackLines;GlobalVoiceLines.PrometheusEagleComboLines;GlobalVoiceLines.PrometheusGatherReactionVoiceLines;GlobalVoiceLines.PrometheusPreAttackLines;GlobalVoiceLines.PrometheusSpawnWaveLines;GlobalVoiceLines.PrometheusTagInLines;GlobalVoiceLines.ScyllaFanShowEndVoiceLines;GlobalVoiceLines.ScyllaFanShowStartVoiceLines;GlobalVoiceLines.ScyllaSirenDeathReactionVoiceLines;GlobalVoiceLines.ScyllaSirenKOReactionVoiceLines;GlobalVoiceLines.SkellyHitQuestCompleteVoiceLines;GlobalVoiceLines.SkellyWeaponEquipReactionVoiceLines;GlobalVoiceLines.TyphonHidingVoiceLines;GlobalVoiceLines.TyphonUnHidingVoiceLines;GlobalVoiceLines.ZagreusBoilingBloodVoiceLines;GlobalVoiceLines.ZagreusMeleePreAttackVoiceLines;GlobalVoiceLines.ZagreusRangedPreAttackVoiceLines,AudioData.lua;EnemyData_Chronos.lua;EnemyData_Eris.lua;EnemyData_Hecate.lua;EnemyData_Polyphemus.lua;EnemyData_Prometheus.lua;EnemyData_Scylla.lua;EnemyData_TyphonHead.lua;EnemyData_Zagreus.lua;HubPresentation.lua;NPCData_Arachne.lua;NPCData_Artemis.lua;NPCData_Athena.lua;NPCData_Charon.lua;NPCData_Chronos.lua;NPCData_Circe.lua;NPCData_Dionysus.lua;NPCData_Dora.lua;NPCData_Hades.lua;NPCData_Heracles.lua;NPCData_Hermes.lua;NPCData_Icarus.lua;NPCData_Medea.lua;NPCData_Narcissus.lua;NPCData_Nemesis.lua;NPCData_Odysseus.lua;PresentationBiomeG.lua,stub,0,,,,,1.139672,24556151
ObjectTypes,GlobalVoiceLines,GlobalVoiceLines.ErisAttemptedExitVoiceLines;GlobalVoiceLines.ErisInvulnerableVoiceLines;GlobalVoiceLines.HeraclesAttemptedExitVoiceLines,EnemyData_Eris.lua;NPCData_Heracles.lua,stub,0,,,,,1.139672,24556151
PlayOnce,GlobalVoiceLines,GlobalVoiceLines.AllCardsUnlockedVoiceLines;GlobalVoiceLines.CatReactionVoiceLines;GlobalVoiceLines.ErisNotSightedVoiceLines;GlobalVoiceLines.HypnosStandeeSpottedVoiceLines;GlobalVoiceLines.MetaRewardStandUsedVoiceLines;GlobalVoiceLines.RavenReactionVoiceLines;GlobalVoiceLines.SpottedContractItemVoiceLines;GlobalVoiceLines.StartPostTrueEndingRunIntroVoiceLines,AudioData.lua;NPCData_Hypnos.lua,stub,0,,,,,1.139672,24556151
PlayOnceContext,GlobalVoiceLines,GlobalVoiceLines.CatReactionVoiceLines;GlobalVoiceLines.CritterGreetingVoiceLines;GlobalVoiceLines.ErisNotSightedVoiceLines;GlobalVoiceLines.HypnosStandeeSpottedVoiceLines;GlobalVoiceLines.MedeaPlagueVoiceLines;GlobalVoiceLines.RavenReactionVoiceLines;GlobalVoiceLines.SpottedContractItemVoiceLines;GlobalVoiceLines.StartPostTrueEndingRunIntroVoiceLines;GlobalVoiceLines.ZagreusRarifyVoiceLines,AudioData.lua;EnemyData_Zagreus.lua;NPCData_Hypnos.lua;NPCData_Medea.lua,stub,0,,,,,1.139672,24556151
PlayOnceFromTableThisRun,GlobalVoiceLines,GlobalVoiceLines.ArtemisSongStoppedReactionVoiceLines;GlobalVoiceLines.CannotAffordMemUpgradeVoiceLines;GlobalVoiceLines.ChallengeEncounterEnemySightedVoiceLines;GlobalVoiceLines.ClosedCardScreenVoiceLines;GlobalVoiceLines.CritterGreetingVoiceLines;GlobalVoiceLines.DoraHidingVoiceLines;GlobalVoiceLines.FailedToPetCerberusVoiceLines;GlobalVoiceLines.GreetingNeoChronosLines;GlobalVoiceLines.HeraclesAttemptedExitVoiceLines;GlobalVoiceLines.HeraclesTagInLines;GlobalVoiceLines.MedeaPlagueVoiceLines;GlobalVoiceLines.OdysseusSongReactionVoiceLines;GlobalVoiceLines.OpenedAwardMenuVoiceLines;GlobalVoiceLines.PrometheusTagInLines;GlobalVoiceLines.PurchasedRandomItemVoiceLines;GlobalVoiceLines.RecordRunDepthVoiceLines;GlobalVoiceLines.ReturnedFromElysiumVoiceLines;GlobalVoiceLines.RevengeKillingEnemyVoiceLines;GlobalVoiceLines.SpottedContractItemVoiceLines;GlobalVoiceLines.TyphonHidingVoiceLines;GlobalVoiceLines.TyphonUnHidingVoiceLines;GlobalVoiceLines.TyphonWoundedVoiceLines;GlobalVoiceLines.ZagreusRarifyVoiceLines,AudioData.lua;EnemyData_Prometheus.lua;EnemyData_TyphonHead.lua;EnemyData_Zagreus.lua;HubPresentation.lua;KeepsakeData.lua;MetaUpgradeCardScreenData.lua;NPCData_Artemis.lua;NPCData_Dora.lua;NPCData_Heracles.lua;NPCData_Medea.lua;NPCData_Odysseus.lua,stub,0,,,,,1.139672,24556151
PlayOnceThisRun,GlobalVoiceLines,GlobalVoiceLines.GenericLootGrantedVoiceLines,LootData.lua,stub,0,,,,,1.139672,24556151
PreLineAnim,GlobalVoiceLines,GlobalVoiceLines.NemesisScoffingVoiceLines;GlobalVoiceLines.NyxMiscReactionLines;GlobalVoiceLines.OdysseusSongReactionVoiceLines;GlobalVoiceLines.PersephoneExorcismReactionVoiceLines,NPCData_Chronos.lua;NPCData_Hades.lua;NPCData_Nemesis.lua;NPCData_Odysseus.lua,stub,0,,,,,1.139672,24556151
PreLineFunctionArgs,GlobalVoiceLines,GlobalVoiceLines.BadgeUpgradedVoiceLines;GlobalVoiceLines.CostumeChangedVoiceLines;GlobalVoiceLines.SkippedEncounterVoiceLines,AudioData.lua;NPCData_Arachne.lua,stub,0,,,,,1.139672,24556151
PreLineFunctionName,GlobalVoiceLines,GlobalVoiceLines.BadgeUpgradedVoiceLines;GlobalVoiceLines.CostumeChangedVoiceLines;GlobalVoiceLines.SkippedEncounterVoiceLines,AudioData.lua;NPCData_Arachne.lua,stub,0,,,,,1.139672,24556151
PreLineWait,GlobalVoiceLines,GlobalVoiceLines.AcquireMixerForCirceQuestVoiceLines;GlobalVoiceLines.AcquireMixerForMedeaQuestVoiceLines;GlobalVoiceLines.AlchemyStartVoiceLines;GlobalVoiceLines.AllCardsUnlockedVoiceLines;GlobalVoiceLines.AnomalyReactionVoiceLines;GlobalVoiceLines.AnyAspectUpgradedVoiceLines;GlobalVoiceLines.ArachneCocoonPositiveReactionLines;GlobalVoiceLines.ArachneExorcismReactionVoiceLines;GlobalVoiceLines.ArachneGatherReactionVoiceLines;GlobalVoiceLines.ArachneMineReactionVoiceLines;GlobalVoiceLines.ArachnePickaxeReactionVoiceLines;GlobalVoiceLines.ArtemisDeathReactionVoiceLines;GlobalVoiceLines.ArtemisReRollReactionVoiceLines;GlobalVoiceLines.ArtemisSongStoppedReactionVoiceLines;GlobalVoiceLines.AthenaGatherReactionVoiceLines;GlobalVoiceLines.AthenaReRollReactionVoiceLines;GlobalVoiceLines.CannotAffordMemUpgradeVoiceLines;GlobalVoiceLines.CardInspectVoiceLines;GlobalVoiceLines.CatReactionVoiceLines;GlobalVoiceLines.ChallengeEncounterClearedVoiceLines;GlobalVoiceLines.ChallengeEncounterEnemySightedVoiceLines;GlobalVoiceLines.ChallengeSwitchEmptyVoiceLines;GlobalVoiceLines.ChallengeSwitchOpenedVoiceLines;GlobalVoiceLines.ChaosBigHitVoiceLines;GlobalVoiceLines.ChaosHarvestReactionVoiceLines;GlobalVoiceLines.ChaosWarningVoiceLines;GlobalVoiceLines.CharonGatherReactionVoiceLines;GlobalVoiceLines.ChronosAlertVoiceLines;GlobalVoiceLines.ChronosChronomancyVoiceLines;GlobalVoiceLines.ChronosGatherReactionVoiceLines;GlobalVoiceLines.ChronosInvulnerableVoiceLines;GlobalVoiceLines.ChronosPreAttackVoiceLines;GlobalVoiceLines.ChronosSummonVoiceLines;GlobalVoiceLines.ChronosTimerOffReactionVoiceLines;GlobalVoiceLines.ChronosTimerOnReactionVoiceLines;GlobalVoiceLines.ChronosUltimateVoiceLines;GlobalVoiceLines.CirceGatherReactionVoiceLines;GlobalVoiceLines.ClaimedContractItemVoiceLines;GlobalVoiceLines.ClosedCardScreenVoiceLines;GlobalVoiceLines.CosmeticChangeVoiceLines;GlobalVoiceLines.CritterGreetingVoiceLines;GlobalVoiceLines.DevotionChoicePresentedVoiceLines;GlobalVoiceLines.DionysusExorcismReactionVoiceLines;GlobalVoiceLines.DionysusGatherReactionVoiceLines;GlobalVoiceLines.DionysusGuestHitReactionVoiceLines;GlobalVoiceLines.DionysusReRollReactionVoiceLines;GlobalVoiceLines.DoraDecorationRemovedLines;GlobalVoiceLines.DoraHidingVoiceLines;GlobalVoiceLines.DoraRedecorationReactionVoiceLines;GlobalVoiceLines.DreamRunFinalBossGreetingVoiceLines;GlobalVoiceLines.EchoKeepsakeLines;GlobalVoiceLines.EliteEncounterClearedLines;GlobalVoiceLines.ErisAttackVoiceLines;GlobalVoiceLines.ErisAttemptedExitVoiceLines;GlobalVoiceLines.ErisAutomatonSpawnWaveVoiceLines;GlobalVoiceLines.ErisFireEscapeVoiceLines;GlobalVoiceLines.ErisFishSpawnWaveVoiceLines;GlobalVoiceLines.ErisGatherReactionVoiceLines;GlobalVoiceLines.ErisGrenadeClusterVoiceLines;GlobalVoiceLines.ErisGrenadeVoiceLines;GlobalVoiceLines.ErisInvulnerableVoiceLines;GlobalVoiceLines.ErisSelfBuffAppliedVoiceLines;GlobalVoiceLines.ErisSelfBuffClearedVoiceLines;GlobalVoiceLines.ErisShotgunVoiceLines;GlobalVoiceLines.ErisSniperAimVoiceLines;GlobalVoiceLines.ErisSniperFireVoiceLines;GlobalVoiceLines.ErisSpawnWaveVoiceLines;GlobalVoiceLines.ErisSwoopInVoiceLines;GlobalVoiceLines.FailedToPetCerberusVoiceLines;GlobalVoiceLines.FieldsRewardClaimedVoiceLines;GlobalVoiceLines.GenericLootGrantedVoiceLines;GlobalVoiceLines.GiftGivenVoiceLines;GlobalVoiceLines.GreetingNeoChronosLines;GlobalVoiceLines.HadesExorcismReactionVoiceLines;GlobalVoiceLines.HadesHarvestReactionVoiceLines;GlobalVoiceLines.HadesPickaxeReactionVoiceLines;GlobalVoiceLines.HadesReRollReactionVoiceLines;GlobalVoiceLines.HecateGatherReactionVoiceLines;GlobalVoiceLines.HecateHexVoiceLines;GlobalVoiceLines.HecatePolymorphVoiceLines;GlobalVoiceLines.HecateReturnVoiceLines;GlobalVoiceLines.HecateTransformVoiceLines;GlobalVoiceLines.HeraclesAttemptedExitVoiceLines;GlobalVoiceLines.HeraclesBoonReactionVoiceLines;GlobalVoiceLines.HeraclesDeathReactionVoiceLines;GlobalVoiceLines.HeraclesExorcismReactionVoiceLines;GlobalVoiceLines.HeraclesLastStandReactionVoiceLines;GlobalVoiceLines.HeraclesTagInLines;GlobalVoiceLines.HermesExorcismReactionVoiceLines;GlobalVoiceLines.HermesHarvestReactionVoiceLines;GlobalVoiceLines.HermesNoMoneyReactionVoiceLines;GlobalVoiceLines.HermesPurchaseReactionVoiceLines;GlobalVoiceLines.HoundReactionVoiceLines;GlobalVoiceLines.HypnosPostBossVoiceLines;GlobalVoiceLines.HypnosStandeeOnHitVoiceLines;GlobalVoiceLines.IcarusDeathReactionVoiceLines;GlobalVoiceLines.IcarusExorcismReactionVoiceLines;GlobalVoiceLines.MedeaPlagueVoiceLines;GlobalVoiceLines.MelSighVoiceLines;GlobalVoiceLines.MetaRewardStandUsedVoiceLines;GlobalVoiceLines.MiscEndVoiceLines_Chronos;GlobalVoiceLines.MorosLastStandSurvivedLines;GlobalVoiceLines.NarcissusExorcismReactionVoiceLines;GlobalVoiceLines.NegativeReactionVoiceLines;GlobalVoiceLines.NemesisDealDeclineVoiceLines;GlobalVoiceLines.NemesisDeathReactionVoiceLines;GlobalVoiceLines.NemesisExorcismReactionVoiceLines;GlobalVoiceLines.NemesisScoffingVoiceLines;GlobalVoiceLines.NyxMiscReactionLines;GlobalVoiceLines.OdysseusLaughVoiceLines;GlobalVoiceLines.OdysseusSongReactionVoiceLines;GlobalVoiceLines.PerfectClearGotHitVoiceLines;GlobalVoiceLines.PersephoneExorcismReactionVoiceLines;GlobalVoiceLines.PinnedItemVoiceLines;GlobalVoiceLines.PolecatReactionVoiceLines;GlobalVoiceLines.PolyphemusMiscGatherReactionVoiceLines;GlobalVoiceLines.PositiveReactionVoiceLines;GlobalVoiceLines.PrometheusAttackLines;GlobalVoiceLines.PrometheusDodgeReactionLines;GlobalVoiceLines.PrometheusEagleComboLines;GlobalVoiceLines.PrometheusGatherReactionVoiceLines;GlobalVoiceLines.PrometheusPreAttackLines;GlobalVoiceLines.PrometheusSpawnWaveLines;GlobalVoiceLines.PrometheusTagInLines;GlobalVoiceLines.PurchasedChaosWeaponUpgradeVoiceLines;GlobalVoiceLines.PurchasedDamageSelfDropVoicelines;GlobalVoiceLines.PurchasedRandomItemVoiceLines;GlobalVoiceLines.PurchasedRandomPomVoiceLines;GlobalVoiceLines.RavenReactionVoiceLines;GlobalVoiceLines.ReachedMaxMemLimitVoiceLines;GlobalVoiceLines.ReachedMemLimitVoiceLines;GlobalVoiceLines.RecordRunDepthVoiceLines;GlobalVoiceLines.ReturnedFromElysiumVoiceLines;GlobalVoiceLines.RevengeKillingEnemyVoiceLines;GlobalVoiceLines.ScyllaFanShowEndVoiceLines;GlobalVoiceLines.ScyllaFanShowStartVoiceLines;GlobalVoiceLines.ScyllaSirenDeathReactionVoiceLines;GlobalVoiceLines.ScyllaSirenKOReactionVoiceLines;GlobalVoiceLines.ScyllaSirenRallyVoiceLines;GlobalVoiceLines.SeleneExorcismReactionVoiceLines;GlobalVoiceLines.SeleneHexReadyLines;GlobalVoiceLines.SeleneVictoryVoiceLines;GlobalVoiceLines.ShrineUpgradePickedVoiceLines;GlobalVoiceLines.SkellyHitQuestCompleteVoiceLines;GlobalVoiceLines.SkellyWeaponEquipReactionVoiceLines;GlobalVoiceLines.StartMiscRunVoiceLines;GlobalVoiceLines.StartPostTrueEndingRunIntroVoiceLines;GlobalVoiceLines.SwitchFromUpgradeCardModeVoiceLines;GlobalVoiceLines.SwitchToUpgradeCardModeVoiceLines;GlobalVoiceLines.ThankingCharacterVoiceLines;GlobalVoiceLines.ThankingIcarusVoiceLines;GlobalVoiceLines.TyphonHidingVoiceLines;GlobalVoiceLines.TyphonUnHidingVoiceLines;GlobalVoiceLines.TyphonWoundedVoiceLines;GlobalVoiceLines.UsedMoneyDropVoiceLines;GlobalVoiceLines.UsedPowerDrinkVoiceLines;GlobalVoiceLines.UsedRewardFinderVoiceLines;GlobalVoiceLines.UsedTelescopeVoiceLines;GlobalVoiceLines.ZagreusBoilingBloodVoiceLines;GlobalVoiceLines.ZagreusInvulnerableVoiceLines;GlobalVoiceLines.ZagreusMeleePreAttackVoiceLines;GlobalVoiceLines.ZagreusRangedPreAttackVoiceLines;GlobalVoiceLines.ZagreusRarifyVoiceLines,AudioData.lua;EnemyData_Chronos.lua;EnemyData_Eris.lua;EnemyData_Hecate.lua;EnemyData_Polyphemus.lua;EnemyData_Prometheus.lua;EnemyData_Scylla.lua;EnemyData_TyphonHead.lua;EnemyData_Zagreus.lua;HubPresentation.lua;LootData.lua;LootData_Chaos.lua;MetaUpgradeCardScreenData.lua;NPCData_Arachne.lua;NPCData_Artemis.lua;NPCData_Athena.lua;NPCData_Charon.lua;NPCData_Chronos.lua;NPCData_Circe.lua;NPCData_Dionysus.lua;NPCData_Dora.lua;NPCData_Echo.lua;NPCData_Hades.lua;NPCData_Heracles.lua;NPCData_Hermes.lua;NPCData_Hypnos.lua;NPCData_Icarus.lua;NPCData_Medea.lua;NPCData_Moros.lua;NPCData_Narcissus.lua;NPCData_Nemesis.lua;NPCData_Odysseus.lua;NPCData_Selene.lua;PresentationBiomeG.lua;PresentationBiomeH.lua;ShrineData.lua;WeaponShopData.lua,defined,1,,,,,1.139672,24556151
Queue,GlobalVoiceLines,GlobalVoiceLines.AcquireMixerForCirceQuestVoiceLines;GlobalVoiceLines.ArachneGreetingLines;GlobalVoiceLines.BabalityDreamRunVoiceLines;GlobalVoiceLines.BabalityVoiceLines;GlobalVoiceLines.CauldronReactionFollowUpVoiceLines;GlobalVoiceLines.ChaosBigHitVoiceLines;GlobalVoiceLines.ChronosRunClearVoiceLines;GlobalVoiceLines.ChronosTimerOffReactionVoiceLines;GlobalVoiceLines.ChronosTimerOnReactionVoiceLines;GlobalVoiceLines.CirceGreetingLines;GlobalVoiceLines.ClearedBabalityVoiceLines;GlobalVoiceLines.DionysusGreetingLines;GlobalVoiceLines.DoraCosmeticReactionVoiceLines;GlobalVoiceLines.DreamRunStartLines;GlobalVoiceLines.EnteredDeathAreaVoiceLines;GlobalVoiceLines.ErisNotSightedVoiceLines;GlobalVoiceLines.ErisSniperFireVoiceLines;GlobalVoiceLines.FamilyUnfrozenVoiceLines;GlobalVoiceLines.ForkingPathVoiceLines;GlobalVoiceLines.HadesZagreusGreeting;GlobalVoiceLines.HermesFirstSpawnVoiceLines;GlobalVoiceLines.MedeaGreetingLines;GlobalVoiceLines.MemorySequenceVoiceLines;GlobalVoiceLines.MemorySequenceVoiceLines2;GlobalVoiceLines.MorosCountdownVoiceLines;GlobalVoiceLines.MorosLastStandSurvivedLines;GlobalVoiceLines.NarcissusGreetingLines;GlobalVoiceLines.PalaceEntranceUsedVoiceLines;GlobalVoiceLines.PerfectClearGotHitVoiceLines;GlobalVoiceLines.PostBabalityVoiceLines;GlobalVoiceLines.PreBabalityVoiceLines;GlobalVoiceLines.PrometheusDodgeFatalityLines;GlobalVoiceLines.PrometheusDodgeReactionLines;GlobalVoiceLines.PrometheusKnockedOutLines;GlobalVoiceLines.PrometheusSpawnWaveLines;GlobalVoiceLines.RoomOpeningMainDoorVoiceLines;GlobalVoiceLines.SkellyHitQuestCompleteVoiceLines;GlobalVoiceLines.SkipZeusVoiceLines;GlobalVoiceLines.ZagreusPastGreetingLines,AudioData.lua;CombatPresentation.lua;DeathLoopData.lua;EnemyData_Chronos.lua;EnemyData_Eris.lua;EnemyData_Prometheus.lua;FlashbackPresentation.lua;GhostAdminData.lua;HubPresentation.lua;LootData_Chaos.lua;NPCData.lua;NPCData_Arachne.lua;NPCData_Circe.lua;NPCData_Dionysus.lua;NPCData_Dora.lua;NPCData_Hades.lua;NPCData_Heracles.lua;NPCData_Hermes.lua;NPCData_Hypnos.lua;NPCData_Medea.lua;NPCData_Moros.lua;NPCData_Narcissus.lua;PresentationBiomeG.lua;PresentationBiomeI.lua,defined,22,,,,,1.139672,24556151
RandomRemaining,GlobalVoiceLines,GlobalVoiceLines.AlchemyStartVoiceLines;GlobalVoiceLines.AnomalyReactionVoiceLines;GlobalVoiceLines.AnyAspectUpgradedVoiceLines;GlobalVoiceLines.ArachneCocoonPositiveReactionLines;GlobalVoiceLines.ArachneExorcismReactionVoiceLines;GlobalVoiceLines.ArachneGatherReactionVoiceLines;GlobalVoiceLines.ArachneMineReactionVoiceLines;GlobalVoiceLines.ArachneMutteringLines;GlobalVoiceLines.ArachnePickaxeReactionVoiceLines;GlobalVoiceLines.ArtemisDeathReactionVoiceLines;GlobalVoiceLines.ArtemisReRollReactionVoiceLines;GlobalVoiceLines.ArtemisSongStoppedReactionVoiceLines;GlobalVoiceLines.AthenaGatherReactionVoiceLines;GlobalVoiceLines.AthenaReRollReactionVoiceLines;GlobalVoiceLines.AutomatonsSightedLines;GlobalVoiceLines.CannotAffordMemUpgradeVoiceLines;GlobalVoiceLines.CardInspectVoiceLines;GlobalVoiceLines.CatReactionVoiceLines;GlobalVoiceLines.ChallengeEncounterClearedVoiceLines;GlobalVoiceLines.ChallengeEncounterEnemySightedVoiceLines;GlobalVoiceLines.ChallengeSwitchEmptyVoiceLines;GlobalVoiceLines.ChallengeSwitchOpenedVoiceLines;GlobalVoiceLines.ChaosBigHitVoiceLines;GlobalVoiceLines.ChaosHarvestReactionVoiceLines;GlobalVoiceLines.ChaosWarningVoiceLines;GlobalVoiceLines.CharonGatherReactionVoiceLines;GlobalVoiceLines.ChronosChronomancyVoiceLines;GlobalVoiceLines.ChronosGatherReactionVoiceLines;GlobalVoiceLines.ChronosInvulnerableVoiceLines;GlobalVoiceLines.ChronosLegionsSightedVoiceLines;GlobalVoiceLines.ChronosPreAttackVoiceLines;GlobalVoiceLines.ChronosSummonVoiceLines;GlobalVoiceLines.ChronosTimerOffReactionVoiceLines;GlobalVoiceLines.ChronosTimerOnReactionVoiceLines;GlobalVoiceLines.ChronosUltimateVoiceLines;GlobalVoiceLines.CirceGatherReactionVoiceLines;GlobalVoiceLines.ClaimedContractItemVoiceLines;GlobalVoiceLines.ClosedCardScreenVoiceLines;GlobalVoiceLines.CosmeticChangeVoiceLines;GlobalVoiceLines.CritterGreetingVoiceLines;GlobalVoiceLines.DevotionChoicePresentedVoiceLines;GlobalVoiceLines.DionysusExorcismReactionVoiceLines;GlobalVoiceLines.DionysusGatherReactionVoiceLines;GlobalVoiceLines.DionysusGuestHitReactionVoiceLines;GlobalVoiceLines.DionysusReRollReactionVoiceLines;GlobalVoiceLines.DoraCosmeticReactionVoiceLines;GlobalVoiceLines.DoraDecorationRemovedLines;GlobalVoiceLines.DoraHidingVoiceLines;GlobalVoiceLines.DoraRedecorationReactionVoiceLines;GlobalVoiceLines.DreamRunFinalBossGreetingVoiceLines;GlobalVoiceLines.EchoKeepsakeLines;GlobalVoiceLines.EliteEncounterClearedLines;GlobalVoiceLines.ErisAttackVoiceLines;GlobalVoiceLines.ErisAttemptedExitVoiceLines;GlobalVoiceLines.ErisAutomatonSpawnWaveVoiceLines;GlobalVoiceLines.ErisFireEscapeVoiceLines;GlobalVoiceLines.ErisFishSpawnWaveVoiceLines;GlobalVoiceLines.ErisGatherReactionVoiceLines;GlobalVoiceLines.ErisGrenadeClusterVoiceLines;GlobalVoiceLines.ErisGrenadeVoiceLines;GlobalVoiceLines.ErisInvulnerableVoiceLines;GlobalVoiceLines.ErisNotSightedVoiceLines;GlobalVoiceLines.ErisSelfBuffAppliedVoiceLines;GlobalVoiceLines.ErisSelfBuffClearedVoiceLines;GlobalVoiceLines.ErisShotgunVoiceLines;GlobalVoiceLines.ErisSniperAimVoiceLines;GlobalVoiceLines.ErisSniperFireVoiceLines;GlobalVoiceLines.ErisSpawnWaveVoiceLines;GlobalVoiceLines.ErisSwoopInVoiceLines;GlobalVoiceLines.FailedToPetCerberusVoiceLines;GlobalVoiceLines.FieldsRewardClaimedVoiceLines;GlobalVoiceLines.GenericLootGrantedVoiceLines;GlobalVoiceLines.GiftGivenVoiceLines;GlobalVoiceLines.GreetingNeoChronosLines;GlobalVoiceLines.HadesExorcismReactionVoiceLines;GlobalVoiceLines.HadesHarvestReactionVoiceLines;GlobalVoiceLines.HadesPickaxeReactionVoiceLines;GlobalVoiceLines.HadesReRollReactionVoiceLines;GlobalVoiceLines.HecateGatherReactionVoiceLines;GlobalVoiceLines.HecateHexVoiceLines;GlobalVoiceLines.HecatePolymorphVoiceLines;GlobalVoiceLines.HecateReturnVoiceLines;GlobalVoiceLines.HecateTransformVoiceLines;GlobalVoiceLines.HeraclesAttemptedExitVoiceLines;GlobalVoiceLines.HeraclesBoonReactionVoiceLines;GlobalVoiceLines.HeraclesDeathReactionVoiceLines;GlobalVoiceLines.HeraclesExorcismReactionVoiceLines;GlobalVoiceLines.HeraclesLastStandReactionVoiceLines;GlobalVoiceLines.HeraclesTagInLines;GlobalVoiceLines.HermesExorcismReactionVoiceLines;GlobalVoiceLines.HermesHarvestReactionVoiceLines;GlobalVoiceLines.HermesNoMoneyReactionVoiceLines;GlobalVoiceLines.HermesPurchaseReactionVoiceLines;GlobalVoiceLines.HoundReactionVoiceLines;GlobalVoiceLines.HypnosPostBossVoiceLines;GlobalVoiceLines.HypnosStandeeOnHitVoiceLines;GlobalVoiceLines.IcarusDeathReactionVoiceLines;GlobalVoiceLines.IcarusExorcismReactionVoiceLines;GlobalVoiceLines.MedeaIncantationLines;GlobalVoiceLines.MedeaPlagueVoiceLines;GlobalVoiceLines.MelSighVoiceLines;GlobalVoiceLines.MetaRewardStandUsedVoiceLines;GlobalVoiceLines.MiscEndVoiceLines_Chronos;GlobalVoiceLines.MonstersSightedVoiceLines;GlobalVoiceLines.MorosLastStandSurvivedLines;GlobalVoiceLines.NarcissusExorcismReactionVoiceLines;GlobalVoiceLines.NegativeReactionVoiceLines;GlobalVoiceLines.NemesisDealDeclineVoiceLines;GlobalVoiceLines.NemesisDeathReactionVoiceLines;GlobalVoiceLines.NemesisExorcismReactionVoiceLines;GlobalVoiceLines.NemesisScoffingVoiceLines;GlobalVoiceLines.NyxMiscReactionLines;GlobalVoiceLines.OdysseusLaughVoiceLines;GlobalVoiceLines.OdysseusSongReactionVoiceLines;GlobalVoiceLines.OlympusAssaultReactionLines;GlobalVoiceLines.PalaceObservationVoiceLines;GlobalVoiceLines.PerfectClearGotHitVoiceLines;GlobalVoiceLines.PersephoneExorcismReactionVoiceLines;GlobalVoiceLines.PinnedItemVoiceLines;GlobalVoiceLines.PolecatReactionVoiceLines;GlobalVoiceLines.PolyphemusMiscGatherReactionVoiceLines;GlobalVoiceLines.PositiveReactionVoiceLines;GlobalVoiceLines.PrometheusAttackLines;GlobalVoiceLines.PrometheusDodgeFatalityLines;GlobalVoiceLines.PrometheusDodgeReactionLines;GlobalVoiceLines.PrometheusEagleComboLines;GlobalVoiceLines.PrometheusGatherReactionVoiceLines;GlobalVoiceLines.PrometheusPreAttackLines;GlobalVoiceLines.PrometheusSpawnWaveLines;GlobalVoiceLines.PrometheusTagInLines;GlobalVoiceLines.PurchasedChaosWeaponUpgradeVoiceLines;GlobalVoiceLines.PurchasedDamageSelfDropVoicelines;GlobalVoiceLines.PurchasedRandomItemVoiceLines;GlobalVoiceLines.PurchasedRandomPomVoiceLines;GlobalVoiceLines.RavenReactionVoiceLines;GlobalVoiceLines.ReachedMaxMemLimitVoiceLines;GlobalVoiceLines.ReachedMemLimitVoiceLines;GlobalVoiceLines.RecordRunDepthVoiceLines;GlobalVoiceLines.ReturnedFromElysiumVoiceLines;GlobalVoiceLines.RevengeKillingEnemyVoiceLines;GlobalVoiceLines.SatyrsSightedVoiceLines;GlobalVoiceLines.ScyllaFanShowEndVoiceLines;GlobalVoiceLines.ScyllaFanShowStartVoiceLines;GlobalVoiceLines.ScyllaSirenDeathReactionVoiceLines;GlobalVoiceLines.ScyllaSirenKOReactionVoiceLines;GlobalVoiceLines.ScyllaSirenRallyVoiceLines;GlobalVoiceLines.SeleneExorcismReactionVoiceLines;GlobalVoiceLines.SeleneHexReadyLines;GlobalVoiceLines.SeleneVictoryVoiceLines;GlobalVoiceLines.ShrineUpgradePickedVoiceLines;GlobalVoiceLines.SkellyWeaponEquipReactionVoiceLines;GlobalVoiceLines.SpottedContractItemVoiceLines;GlobalVoiceLines.StartMiscRunVoiceLines;GlobalVoiceLines.StartPostTrueEndingRunIntroVoiceLines;GlobalVoiceLines.SwitchFromUpgradeCardModeVoiceLines;GlobalVoiceLines.SwitchToUpgradeCardModeVoiceLines;GlobalVoiceLines.ThankingCharacterVoiceLines;GlobalVoiceLines.ThankingIcarusVoiceLines;GlobalVoiceLines.TyphonHidingVoiceLines;GlobalVoiceLines.TyphonUnHidingVoiceLines;GlobalVoiceLines.TyphonWoundedVoiceLines;GlobalVoiceLines.UsedMoneyDropVoiceLines;GlobalVoiceLines.UsedPowerDrinkVoiceLines;GlobalVoiceLines.UsedRewardFinderVoiceLines;GlobalVoiceLines.UsedTelescopeVoiceLines;GlobalVoiceLines.ZagreusBoilingBloodVoiceLines;GlobalVoiceLines.ZagreusInvulnerableVoiceLines;GlobalVoiceLines.ZagreusMeleePreAttackVoiceLines;GlobalVoiceLines.ZagreusRangedPreAttackVoiceLines;GlobalVoiceLines.ZagreusRarifyVoiceLines,AudioData.lua;EnemyData_Chronos.lua;EnemyData_Eris.lua;EnemyData_Hecate.lua;EnemyData_Polyphemus.lua;EnemyData_Prometheus.lua;EnemyData_Scylla.lua;EnemyData_TyphonHead.lua;EnemyData_Zagreus.lua;HubPresentation.lua;LootData.lua;LootData_Chaos.lua;MetaUpgradeCardScreenData.lua;NPCData_Arachne.lua;NPCData_Artemis.lua;NPCData_Athena.lua;NPCData_Charon.lua;NPCData_Chronos.lua;NPCData_Circe.lua;NPCData_Dionysus.lua;NPCData_Dora.lua;NPCData_Echo.lua;NPCData_Hades.lua;NPCData_Heracles.lua;NPCData_Hermes.lua;NPCData_Hypnos.lua;NPCData_Icarus.lua;NPCData_Medea.lua;NPCData_Moros.lua;NPCData_Narcissus.lua;NPCData_Nemesis.lua;NPCData_Odysseus.lua;NPCData_Selene.lua;PresentationBiomeG.lua;ShrineData.lua;WeaponShopData.lua,defined,6,,,,,1.139672,24556151
RecheckRequirementsForSubLines,GlobalVoiceLines,GlobalVoiceLines.HadesZagreusChattingLines;GlobalVoiceLines.HeraclesBoonReactionVoiceLines,NPCData_Hades.lua;NPCData_Heracles.lua,stub,0,,,,,1.139672,24556151
RecheckRequirementsPostWait,GlobalVoiceLines,GlobalVoiceLines.OdysseusSongReactionVoiceLines;GlobalVoiceLines.SkellyHitQuestCompleteVoiceLines,HubPresentation.lua;NPCData_Odysseus.lua,stub,0,,,,,1.139672,24556151
RequiresSourceAlive,GlobalVoiceLines,GlobalVoiceLines.SkellyHitQuestCompleteVoiceLines,HubPresentation.lua,stub,0,,,,,1.139672,24556151
SkipAnim,GlobalVoiceLines,GlobalVoiceLines.AllCardsUnlockedVoiceLines;GlobalVoiceLines.CannotAffordMemUpgradeVoiceLines;GlobalVoiceLines.DoraHidingVoiceLines;GlobalVoiceLines.DoraSummonedVoiceLines;GlobalVoiceLines.ErisAutomatonSpawnWaveVoiceLines;GlobalVoiceLines.ErisFishSpawnWaveVoiceLines;GlobalVoiceLines.ErisSpawnWaveVoiceLines;GlobalVoiceLines.PinnedItemVoiceLines;GlobalVoiceLines.ReachedMaxMemLimitVoiceLines;GlobalVoiceLines.ReachedMemLimitVoiceLines;GlobalVoiceLines.ShrineUpgradePickedVoiceLines,AudioData.lua;EnemyData_Eris.lua;MetaUpgradeCardScreenData.lua;NPCData_Dora.lua;ShrineData.lua,stub,0,,,,,1.139672,24556151
SkipCooldownCheckIfNonePlayed,GlobalVoiceLines,GlobalVoiceLines.CardInspectVoiceLines;GlobalVoiceLines.ChronosGatherReactionVoiceLines;GlobalVoiceLines.ClosedCardScreenVoiceLines;GlobalVoiceLines.CritterGreetingVoiceLines;GlobalVoiceLines.DevotionChoicePresentedVoiceLines;GlobalVoiceLines.ErisAttemptedExitVoiceLines;GlobalVoiceLines.ErisSniperAimVoiceLines;GlobalVoiceLines.HecateTransformVoiceLines;GlobalVoiceLines.HeraclesBoonReactionVoiceLines;GlobalVoiceLines.HypnosStandeeOnHitVoiceLines;GlobalVoiceLines.HypnosStandeeSpottedVoiceLines;GlobalVoiceLines.PrometheusDodgeReactionLines;GlobalVoiceLines.PrometheusGatherReactionVoiceLines;GlobalVoiceLines.SpottedContractItemVoiceLines;GlobalVoiceLines.TyphonWoundedVoiceLines;GlobalVoiceLines.ZagreusBoilingBloodVoiceLines;GlobalVoiceLines.ZagreusInvulnerableVoiceLines,AudioData.lua;EnemyData_Chronos.lua;EnemyData_Eris.lua;EnemyData_Hecate.lua;EnemyData_Prometheus.lua;EnemyData_TyphonHead.lua;EnemyData_Zagreus.lua;MetaUpgradeCardScreenData.lua;NPCData_Heracles.lua;NPCData_Hypnos.lua,stub,0,,,,,1.139672,24556151
Source,GlobalVoiceLines,GlobalVoiceLines.ArtemisDeathReactionVoiceLines;GlobalVoiceLines.ChaosBigHitVoiceLines;GlobalVoiceLines.ChaosHarvestReactionVoiceLines;GlobalVoiceLines.ChaosWarningVoiceLines;GlobalVoiceLines.EchoKeepsakeLines;GlobalVoiceLines.HeraclesDeathReactionVoiceLines;GlobalVoiceLines.HypnosPostBossVoiceLines;GlobalVoiceLines.HypnosStandeeOnHitVoiceLines;GlobalVoiceLines.IcarusDeathReactionVoiceLines;GlobalVoiceLines.MorosCountdownVoiceLines;GlobalVoiceLines.NemesisDeathReactionVoiceLines;GlobalVoiceLines.OdysseusLaughVoiceLines;GlobalVoiceLines.ScyllaSirenRallyVoiceLines;GlobalVoiceLines.SeleneExorcismReactionVoiceLines;GlobalVoiceLines.SeleneHexReadyLines;GlobalVoiceLines.SeleneVictoryVoiceLines;GlobalVoiceLines.ZagreusRarifyVoiceLines,CombatPresentation.lua;EnemyData_Scylla.lua;EnemyData_Zagreus.lua;LootData_Chaos.lua;NPCData_Artemis.lua;NPCData_Echo.lua;NPCData_Heracles.lua;NPCData_Hypnos.lua;NPCData_Icarus.lua;NPCData_Nemesis.lua;NPCData_Odysseus.lua;NPCData_Selene.lua,stub,0,,,,,1.139672,24556151
SubtitleMinDistance,GlobalVoiceLines,GlobalVoiceLines.DoraHidingVoiceLines;GlobalVoiceLines.ScyllaFanShowEndVoiceLines,NPCData_Dora.lua;PresentationBiomeG.lua,stub,0,,,,,1.139672,24556151
SuccessiveChanceToPlay,GlobalVoiceLines,GlobalVoiceLines.ArachneCocoonPositiveReactionLines;GlobalVoiceLines.ArachneGatherReactionVoiceLines;GlobalVoiceLines.AthenaGatherReactionVoiceLines;GlobalVoiceLines.AutomatonsSightedLines;GlobalVoiceLines.CardInspectVoiceLines;GlobalVoiceLines.CharonGatherReactionVoiceLines;GlobalVoiceLines.ChronosChronomancyVoiceLines;GlobalVoiceLines.ChronosGatherReactionVoiceLines;GlobalVoiceLines.ChronosLegionsSightedVoiceLines;GlobalVoiceLines.ChronosSummonVoiceLines;GlobalVoiceLines.ChronosUltimateVoiceLines;GlobalVoiceLines.CirceGatherReactionVoiceLines;GlobalVoiceLines.ClaimedContractItemVoiceLines;GlobalVoiceLines.ClosedCardScreenVoiceLines;GlobalVoiceLines.CritterGreetingVoiceLines;GlobalVoiceLines.DevotionChoicePresentedVoiceLines;GlobalVoiceLines.DionysusExorcismReactionVoiceLines;GlobalVoiceLines.DionysusGatherReactionVoiceLines;GlobalVoiceLines.DionysusGuestHitReactionVoiceLines;GlobalVoiceLines.DoraDecorationRemovedLines;GlobalVoiceLines.DoraHidingVoiceLines;GlobalVoiceLines.DoraRedecorationReactionVoiceLines;GlobalVoiceLines.DreamRunFinalBossGreetingVoiceLines;GlobalVoiceLines.ErisAttackVoiceLines;GlobalVoiceLines.ErisAutomatonSpawnWaveVoiceLines;GlobalVoiceLines.ErisFireEscapeVoiceLines;GlobalVoiceLines.ErisFishSpawnWaveVoiceLines;GlobalVoiceLines.ErisGatherReactionVoiceLines;GlobalVoiceLines.ErisGrenadeClusterVoiceLines;GlobalVoiceLines.ErisGrenadeVoiceLines;GlobalVoiceLines.ErisSelfBuffAppliedVoiceLines;GlobalVoiceLines.ErisSelfBuffClearedVoiceLines;GlobalVoiceLines.ErisShotgunVoiceLines;GlobalVoiceLines.ErisSniperAimVoiceLines;GlobalVoiceLines.ErisSniperFireVoiceLines;GlobalVoiceLines.ErisSpawnWaveVoiceLines;GlobalVoiceLines.ErisSwoopInVoiceLines;GlobalVoiceLines.FieldsEnemiesSpottedVoiceLines;GlobalVoiceLines.FieldsRewardClaimedVoiceLines;GlobalVoiceLines.GenericLootGrantedVoiceLines;GlobalVoiceLines.GreetingNeoChronosLines;GlobalVoiceLines.HecateGatherReactionVoiceLines;GlobalVoiceLines.HecateHexVoiceLines;GlobalVoiceLines.HecateReturnVoiceLines;GlobalVoiceLines.HeraclesExorcismReactionVoiceLines;GlobalVoiceLines.HeraclesLastStandReactionVoiceLines;GlobalVoiceLines.HeraclesTagInLines;GlobalVoiceLines.HermesHarvestReactionVoiceLines;GlobalVoiceLines.HermesNoMoneyReactionVoiceLines;GlobalVoiceLines.HermesPurchaseReactionVoiceLines;GlobalVoiceLines.IcarusExorcismReactionVoiceLines;GlobalVoiceLines.MedeaPlagueVoiceLines;GlobalVoiceLines.MiscEndVoiceLines_Chronos;GlobalVoiceLines.MonstersSightedVoiceLines;GlobalVoiceLines.NemesisExorcismReactionVoiceLines;GlobalVoiceLines.NemesisScoffingVoiceLines;GlobalVoiceLines.PalaceObservationVoiceLines;GlobalVoiceLines.PersephoneExorcismReactionVoiceLines;GlobalVoiceLines.PinnedItemVoiceLines;GlobalVoiceLines.PolyphemusMiscGatherReactionVoiceLines;GlobalVoiceLines.PrometheusAttackLines;GlobalVoiceLines.PrometheusDodgeReactionLines;GlobalVoiceLines.PrometheusGatherReactionVoiceLines;GlobalVoiceLines.PrometheusTagInLines;GlobalVoiceLines.PurchasedRandomItemVoiceLines;GlobalVoiceLines.ReachedMaxMemLimitVoiceLines;GlobalVoiceLines.ReachedMemLimitVoiceLines;GlobalVoiceLines.SatyrsSightedVoiceLines;GlobalVoiceLines.ScyllaFanShowEndVoiceLines;GlobalVoiceLines.ScyllaFanShowStartVoiceLines;GlobalVoiceLines.SeleneExorcismReactionVoiceLines;GlobalVoiceLines.SeleneHexReadyLines;GlobalVoiceLines.SeleneVictoryVoiceLines;GlobalVoiceLines.SkellyWeaponEquipReactionVoiceLines;GlobalVoiceLines.SwitchFromUpgradeCardModeVoiceLines;GlobalVoiceLines.SwitchToUpgradeCardModeVoiceLines;GlobalVoiceLines.ThankingCharacterVoiceLines;GlobalVoiceLines.ThankingIcarusVoiceLines;GlobalVoiceLines.TyphonWoundedVoiceLines;GlobalVoiceLines.UsedMoneyDropVoiceLines;GlobalVoiceLines.UsedPowerDrinkVoiceLines;GlobalVoiceLines.UsedTelescopeVoiceLines;GlobalVoiceLines.ZagreusBoilingBloodVoiceLines,AudioData.lua;EnemyData_Chronos.lua;EnemyData_Eris.lua;EnemyData_Hecate.lua;EnemyData_Polyphemus.lua;EnemyData_Prometheus.lua;EnemyData_TyphonHead.lua;EnemyData_Zagreus.lua;LootData.lua;MetaUpgradeCardScreenData.lua;NPCData_Arachne.lua;NPCData_Charon.lua;NPCData_Chronos.lua;NPCData_Circe.lua;NPCData_Dionysus.lua;NPCData_Dora.lua;NPCData_Hades.lua;NPCData_Heracles.lua;NPCData_Hermes.lua;NPCData_Icarus.lua;NPCData_Medea.lua;NPCData_Nemesis.lua;NPCData_Selene.lua;PresentationBiomeG.lua,stub,0,,,,,1.139672,24556151
SuccessiveChanceToPlayAll,GlobalVoiceLines,GlobalVoiceLines.ArachneExorcismReactionVoiceLines;GlobalVoiceLines.ArachneMineReactionVoiceLines;GlobalVoiceLines.ArachnePickaxeReactionVoiceLines;GlobalVoiceLines.CannotAffordMemUpgradeVoiceLines;GlobalVoiceLines.CardInspectVoiceLines;GlobalVoiceLines.ChallengeEncounterClearedVoiceLines;GlobalVoiceLines.ChallengeEncounterEnemySightedVoiceLines;GlobalVoiceLines.ChallengeSwitchOpenedVoiceLines;GlobalVoiceLines.ChronosTimerOffReactionVoiceLines;GlobalVoiceLines.ChronosTimerOnReactionVoiceLines;GlobalVoiceLines.ClosedCardScreenVoiceLines;GlobalVoiceLines.CritterGreetingVoiceLines;GlobalVoiceLines.DionysusExorcismReactionVoiceLines;GlobalVoiceLines.DreamRunFinalBossGreetingVoiceLines;GlobalVoiceLines.EliteEncounterClearedLines;GlobalVoiceLines.ErisAutomatonSpawnWaveVoiceLines;GlobalVoiceLines.ErisFishSpawnWaveVoiceLines;GlobalVoiceLines.ErisNotSightedVoiceLines;GlobalVoiceLines.GreetingNeoChronosLines;GlobalVoiceLines.HadesExorcismReactionVoiceLines;GlobalVoiceLines.HadesHarvestReactionVoiceLines;GlobalVoiceLines.HadesPickaxeReactionVoiceLines;GlobalVoiceLines.HeraclesExorcismReactionVoiceLines;GlobalVoiceLines.HeraclesTagInLines;GlobalVoiceLines.HermesExorcismReactionVoiceLines;GlobalVoiceLines.HermesHarvestReactionVoiceLines;GlobalVoiceLines.HermesNoMoneyReactionVoiceLines;GlobalVoiceLines.HermesPurchaseReactionVoiceLines;GlobalVoiceLines.HoundReactionVoiceLines;GlobalVoiceLines.HypnosPostBossVoiceLines;GlobalVoiceLines.IcarusExorcismReactionVoiceLines;GlobalVoiceLines.NarcissusExorcismReactionVoiceLines;GlobalVoiceLines.OlympusAssaultReactionLines;GlobalVoiceLines.PalaceObservationVoiceLines;GlobalVoiceLines.PersephoneExorcismReactionVoiceLines;GlobalVoiceLines.PolecatReactionVoiceLines;GlobalVoiceLines.PrometheusEagleComboLines;GlobalVoiceLines.PrometheusTagInLines;GlobalVoiceLines.RecordRunDepthVoiceLines;GlobalVoiceLines.ReturnedFromElysiumVoiceLines;GlobalVoiceLines.ScyllaFanShowEndVoiceLines;GlobalVoiceLines.ScyllaFanShowStartVoiceLines;GlobalVoiceLines.ScyllaSirenDeathReactionVoiceLines;GlobalVoiceLines.ScyllaSirenKOReactionVoiceLines;GlobalVoiceLines.SeleneVictoryVoiceLines;GlobalVoiceLines.StartMiscRunVoiceLines;GlobalVoiceLines.SwitchFromUpgradeCardModeVoiceLines;GlobalVoiceLines.SwitchToUpgradeCardModeVoiceLines;GlobalVoiceLines.ZagreusBoilingBloodVoiceLines,AudioData.lua;EnemyData_Chronos.lua;EnemyData_Eris.lua;EnemyData_Prometheus.lua;EnemyData_Scylla.lua;EnemyData_Zagreus.lua;MetaUpgradeCardScreenData.lua;NPCData_Arachne.lua;NPCData_Dionysus.lua;NPCData_Hades.lua;NPCData_Heracles.lua;NPCData_Hermes.lua;NPCData_Hypnos.lua;NPCData_Icarus.lua;NPCData_Narcissus.lua;NPCData_Selene.lua;PresentationBiomeG.lua,stub,0,,,,,1.139672,24556151
ThreadName,GlobalVoiceLines,GlobalVoiceLines.StartMiscRunVoiceLines;GlobalVoiceLines.StartPostTrueEndingRunIntroVoiceLines,AudioData.lua,stub,0,,,,,1.139672,24556151
TriggerCooldowns,GlobalVoiceLines,GlobalVoiceLines.AcquireMixerForCirceQuestVoiceLines;GlobalVoiceLines.AcquireMixerForMedeaQuestVoiceLines;GlobalVoiceLines.AnyAspectUpgradedVoiceLines;GlobalVoiceLines.ArachnePickaxeReactionVoiceLines;GlobalVoiceLines.AutomatonsSightedLines;GlobalVoiceLines.ChaosBigHitVoiceLines;GlobalVoiceLines.ChaosHarvestReactionVoiceLines;GlobalVoiceLines.ChronosLegionsSightedVoiceLines;GlobalVoiceLines.ChronosSummonVoiceLines;GlobalVoiceLines.ChronosTimerOffReactionVoiceLines;GlobalVoiceLines.ChronosTimerOnReactionVoiceLines;GlobalVoiceLines.ChronosUltimateVoiceLines;GlobalVoiceLines.DreamRunFinalBossGreetingVoiceLines;GlobalVoiceLines.EchoKeepsakeLines;GlobalVoiceLines.EliteEncounterClearedLines;GlobalVoiceLines.EnteredDeathAreaVoiceLines;GlobalVoiceLines.ErisAutomatonSpawnWaveVoiceLines;GlobalVoiceLines.ErisFishSpawnWaveVoiceLines;GlobalVoiceLines.ErisNotSightedVoiceLines;GlobalVoiceLines.ErisSelfBuffAppliedVoiceLines;GlobalVoiceLines.ErisSpawnWaveVoiceLines;GlobalVoiceLines.FieldsRewardClaimedVoiceLines;GlobalVoiceLines.HecatePolymorphVoiceLines;GlobalVoiceLines.HypnosPostBossVoiceLines;GlobalVoiceLines.MedeaPlagueVoiceLines;GlobalVoiceLines.MelSighVoiceLines;GlobalVoiceLines.MiscUpgradePickedVoiceLines;GlobalVoiceLines.MonstersSightedVoiceLines;GlobalVoiceLines.NemesisDealDeclineVoiceLines;GlobalVoiceLines.PerfectClearGotHitVoiceLines;GlobalVoiceLines.PrometheusDodgeFatalityLines;GlobalVoiceLines.PrometheusEagleComboLines;GlobalVoiceLines.PrometheusSpawnWaveLines;GlobalVoiceLines.ReachedMemLimitVoiceLines;GlobalVoiceLines.SaluteVoiceLines;GlobalVoiceLines.SatyrsSightedVoiceLines;GlobalVoiceLines.ScyllaSirenRallyVoiceLines;GlobalVoiceLines.TalentDropUsedVoiceLines;GlobalVoiceLines.UpgradeCardVoiceLines;GlobalVoiceLines.UsedCrossroadsPet01VoiceLines;GlobalVoiceLines.UsedRewardFinderVoiceLines;GlobalVoiceLines.UsedTelescopeVoiceLines,AudioData.lua;DeathLoopData.lua;EnemyData_Chronos.lua;EnemyData_Eris.lua;EnemyData_Hecate.lua;EnemyData_Prometheus.lua;EnemyData_Scylla.lua;HubPresentation.lua;LootData_Chaos.lua;MetaUpgradeCardScreenData.lua;NPCData_Arachne.lua;NPCData_Echo.lua;NPCData_Hypnos.lua;NPCData_Medea.lua;PresentationBiomeG.lua;PresentationBiomeH.lua;WeaponShopData.lua,stub,0,,,,,1.139672,24556151
TriggerCooldownsImmediately,GlobalVoiceLines,GlobalVoiceLines.ChaosHarvestReactionVoiceLines;GlobalVoiceLines.HypnosPostBossVoiceLines,LootData_Chaos.lua;NPCData_Hypnos.lua,stub,0,,,,,1.139672,24556151
UsePlayerSource,GlobalVoiceLines,GlobalVoiceLines.AllCardsUnlockedVoiceLines;GlobalVoiceLines.AnomalyReactionVoiceLines;GlobalVoiceLines.AnyAspectUpgradedVoiceLines;GlobalVoiceLines.AutomatonsSightedLines;GlobalVoiceLines.CannotAffordMemUpgradeVoiceLines;GlobalVoiceLines.CatReactionVoiceLines;GlobalVoiceLines.ChronosLegionsSightedVoiceLines;GlobalVoiceLines.ClosedCardScreenVoiceLines;GlobalVoiceLines.CritterGreetingVoiceLines;GlobalVoiceLines.DreamRunFinalBossGreetingVoiceLines;GlobalVoiceLines.ErisNotSightedVoiceLines;GlobalVoiceLines.FailedToPetCerberusVoiceLines;GlobalVoiceLines.FieldsEnemiesSpottedVoiceLines;GlobalVoiceLines.FieldsPassiveEnemiesSpottedVoiceLines;GlobalVoiceLines.FieldsRewardClaimedVoiceLines;GlobalVoiceLines.GiftGivenVoiceLines;GlobalVoiceLines.GreetingNeoChronosLines;GlobalVoiceLines.HoundReactionVoiceLines;GlobalVoiceLines.HypnosStandeeSpottedVoiceLines;GlobalVoiceLines.MelSighVoiceLines;GlobalVoiceLines.MemorySequenceVoiceLines;GlobalVoiceLines.MiscEndVoiceLines_Chronos;GlobalVoiceLines.MonstersSightedVoiceLines;GlobalVoiceLines.NegativeReactionVoiceLines;GlobalVoiceLines.NemesisDealDeclineVoiceLines;GlobalVoiceLines.OlympusAssaultReactionLines;GlobalVoiceLines.PalaceObservationVoiceLines;GlobalVoiceLines.PinnedItemVoiceLines;GlobalVoiceLines.PolecatReactionVoiceLines;GlobalVoiceLines.PositiveReactionVoiceLines;GlobalVoiceLines.RavenReactionVoiceLines;GlobalVoiceLines.ReachedMaxMemLimitVoiceLines;GlobalVoiceLines.ReachedMemLimitVoiceLines;GlobalVoiceLines.ReturnedFromElysiumVoiceLines;GlobalVoiceLines.SatyrsSightedVoiceLines;GlobalVoiceLines.ShrineUpgradePickedVoiceLines;GlobalVoiceLines.ThankingCharacterVoiceLines;GlobalVoiceLines.ThankingIcarusVoiceLines,AudioData.lua;FlashbackPresentation.lua;HubPresentation.lua;MetaUpgradeCardScreenData.lua;NPCData_Chronos.lua;NPCData_Hypnos.lua;ShrineData.lua;WeaponShopData.lua,defined,2,,,,,1.139672,24556151
LowHealthMaximum,HealthUI,HealthUI,UIData.lua,stub,0,,,,,1.139672,24556151
LowHealthMinimum,HealthUI,HealthUI,UIData.lua,stub,0,,,,,1.139672,24556151
LowHealthThreshold,HealthUI,HealthUI,UIData.lua,stub,0,,,,,1.139672,24556151
MajorHitThreshold,HealthUI,HealthUI,UIData.lua,stub,0,,,,,1.139672,24556151
AnimOffsetZ,HeroData,HeroData,HeroData.lua,stub,0,,,,,1.139672,24556151
AttachedAnimationName,HeroData,HeroData,HeroData.lua,stub,0,,,,,1.139672,24556151
AttachedLightColor,HeroData,HeroData,HeroData.lua,stub,0,,,,,1.139672,24556151
AttachedLightCount,HeroData,HeroData,HeroData.lua,stub,0,,,,,1.139672,24556151
AttachedLightName,HeroData,HeroData,HeroData.lua,stub,0,,,,,1.139672,24556151
AttachedLightScale,HeroData,HeroData,HeroData.lua,stub,0,,,,,1.139672,24556151
AutoSprintBuffer,HeroData,HeroData,HeroData.lua,stub,0,,,,,1.139672,24556151
BoonData,HeroData,HeroData,HeroData.lua,defined,4,,,,,1.139672,24556151
BoonInteractAnimation,HeroData,HeroData,HeroData.lua,stub,0,,,,,1.139672,24556151
CanBeFrozen,HeroData,HeroData,HeroData.lua,stub,0,,,,,1.139672,24556151
ChokingSound,HeroData,HeroData,HeroData.lua,stub,0,,,,,1.139672,24556151
ComboThreshold,HeroData,HeroData,HeroData.lua,stub,0,,,,,1.139672,24556151
DamagedAnimation,HeroData,HeroData,HeroData.lua,stub,0,,,,,1.139672,24556151
DamagedFxStyles,HeroData,HeroData,HeroData.lua,defined,1,,,,,1.139672,24556151
DamagedSound,HeroData,HeroData,HeroData.lua,stub,0,,,,,1.139672,24556151
DashManeuverTimeThreshold,HeroData,HeroData,HeroData.lua,stub,0,,,,,1.139672,24556151
DefaultWeapon,HeroData,HeroData,HeroData.lua,stub,0,,,,,1.139672,24556151
EasyModeDamageMultiplierBase,HeroData,HeroData,HeroData.lua,stub,0,,,,,1.139672,24556151
EasyModeDamageMultiplierDeathCap,HeroData,HeroData,HeroData.lua,stub,0,,,,,1.139672,24556151
EasyModeDamageMultiplierPerDeath,HeroData,HeroData,HeroData.lua,stub,0,,,,,1.139672,24556151
EmoteOffsetX,HeroData,HeroData,HeroData.lua,stub,0,,,,,1.139672,24556151
EmoteOffsetY,HeroData,HeroData,HeroData.lua,stub,0,,,,,1.139672,24556151
EnemyMoneyDropBaseValue,HeroData,HeroData,HeroData.lua,stub,0,,,,,1.139672,24556151
FreezeTimeReductionPerInput,HeroData,HeroData,HeroData.lua,stub,0,,,,,1.139672,24556151
FrozenSound,HeroData,HeroData,HeroData.lua,stub,0,,,,,1.139672,24556151
HermesData,HeroData,HeroData,HeroData.lua,defined,2,,,,,1.139672,24556151
HeroFinalHitRumbleParameters,HeroData,HeroData,HeroData.lua,stub,0,,,,,1.139672,24556151
HeroHitRumbleParameters,HeroData,HeroData,HeroData.lua,stub,0,,,,,1.139672,24556151
HeroMajorHitRumbleParameters,HeroData,HeroData,HeroData.lua,stub,0,,,,,1.139672,24556151
InteractAnimation,HeroData,HeroData,HeroData.lua,stub,0,,,,,1.139672,24556151
InvulnerableFrameCumulativeDamageDuration,HeroData,HeroData,HeroData.lua,stub,0,,,,,1.139672,24556151
InvulnerableFrameDuration,HeroData,HeroData,HeroData.lua,stub,0,,,,,1.139672,24556151
InvulnerableFrameMinDamage,HeroData,HeroData,HeroData.lua,stub,0,,,,,1.139672,24556151
InvulnerableFrameThreshold,HeroData,HeroData,HeroData.lua,stub,0,,,,,1.139672,24556151
InvulnerableHitFx,HeroData,HeroData,HeroData.lua,stub,0,,,,,1.139672,24556151
LastStandData,HeroData,HeroData,HeroData.lua,defined,3,,,,,1.139672,24556151
LastStands,HeroData,HeroData,HeroData.lua,stub,0,,,,,1.139672,24556151
LightBarColor,HeroData,HeroData,HeroData.lua,stub,0,,,,,1.139672,24556151
LineHistoryName,HeroData,HeroData,HeroData.lua,stub,0,,,,,1.139672,24556151
LowHealthVoiceLineThreshold,HeroData,HeroData,HeroData.lua,stub,0,,,,,1.139672,24556151
LowHealthVoiceLines,HeroData,HeroData,HeroData.lua,defined,7,,,,,1.139672,24556151
ManaData,HeroData,HeroData,HeroData.lua,defined,2,,,,,1.139672,24556151
MaxGodsPerRun,HeroData,HeroData,HeroData.lua,stub,0,,,,,1.139672,24556151
MaxHealth,HeroData,HeroData,HeroData.lua,stub,0,,,,,1.139672,24556151
MaxHealthMultiplier,HeroData,HeroData,HeroData.lua,stub,0,,,,,1.139672,24556151
MaxMana,HeroData,HeroData,HeroData.lua,stub,0,,,,,1.139672,24556151
Name,HeroData,HeroData,HeroData.lua,stub,0,,,,,1.139672,24556151
NarrativeFadeInColor,HeroData,HeroData,HeroData.lua,stub,0,,,,,1.139672,24556151
OnDeathShakeScreenAngle,HeroData,HeroData,HeroData.lua,stub,0,,,,,1.139672,24556151
OnDeathShakeScreenDistance,HeroData,HeroData,HeroData.lua,stub,0,,,,,1.139672,24556151
OnDeathShakeScreenDuration,HeroData,HeroData,HeroData.lua,stub,0,,,,,1.139672,24556151
OnDeathShakeScreenSpeed,HeroData,HeroData,HeroData.lua,stub,0,,,,,1.139672,24556151
Outline,HeroData,HeroData,HeroData.lua,defined,7,,,,,1.139672,24556151
PerfectDashHitDisableDuration,HeroData,HeroData,HeroData.lua,stub,0,,,,,1.139672,24556151
PlayerInjuredVoiceLineThreshold,HeroData,HeroData,HeroData.lua,stub,0,,,,,1.139672,24556151
Portrait,HeroData,HeroData,HeroData.lua,stub,0,,,,,1.139672,24556151
ReserveManaSources,HeroData,HeroData,HeroData.lua,stub,0,,,,,1.139672,24556151
RushWeaponMaxRange,HeroData,HeroData,HeroData.lua,stub,0,,,,,1.139672,24556151
SecretDoorCostBase,HeroData,HeroData,HeroData.lua,stub,0,,,,,1.139672,24556151
SecretDoorCostDepthScalar,HeroData,HeroData,HeroData.lua,stub,0,,,,,1.139672,24556151
SetupEvents,HeroData,HeroData,HeroData.lua,stub,0,,,,,1.139672,24556151
ShoutSlowParameters,HeroData,HeroData,HeroData.lua,stub,0,,,,,1.139672,24556151
Speaker,HeroData,HeroData,HeroData.lua,stub,0,,,,,1.139672,24556151
SpeakingStatusAnimation,HeroData,HeroData,HeroData.lua,stub,0,,,,,1.139672,24556151
SpeechCooldownTime,HeroData,HeroData,HeroData.lua,stub,0,,,,,1.139672,24556151
SpeedMultiplierCap,HeroData,HeroData,HeroData.lua,stub,0,,,,,1.139672,24556151
StackData,HeroData,HeroData,HeroData.lua,defined,2,,,,,1.139672,24556151
SubtitleColor,HeroData,HeroData,HeroData.lua,stub,0,,,,,1.139672,24556151
TargetMetaRewardsAdjustSpeed,HeroData,HeroData,HeroData.lua,stub,0,,,,,1.139672,24556151
TargetMetaRewardsRatio,HeroData,HeroData,HeroData.lua,stub,0,,,,,1.139672,24556151
TempArmorVfx,HeroData,HeroData,HeroData.lua,stub,0,,,,,1.139672,24556151
TraitDictionary,HeroData,HeroData,HeroData.lua,stub,0,,,,,1.139672,24556151
Traits,HeroData,HeroData,HeroData.lua,stub,0,,,,,1.139672,24556151
TriggersOnDamageEffects,HeroData,HeroData,HeroData.lua,stub,0,,,,,1.139672,24556151
TriggersOnHitEffects,HeroData,HeroData,HeroData.lua,stub,0,,,,,1.139672,24556151
TurnInPlaceAngleMin,HeroData,HeroData,HeroData.lua,stub,0,,,,,1.139672,24556151
UnFrozenSound,HeroData,HeroData,HeroData.lua,stub,0,,,,,1.139672,24556151
UnfreezeAnimation,HeroData,HeroData,HeroData.lua,stub,0,,,,,1.139672,24556151
UniqueGodCount,HeroData,HeroData,HeroData.lua,stub,0,,,,,1.139672,24556151
UnusedWeaponThreshold,HeroData,HeroData,HeroData.lua,stub,0,,,,,1.139672,24556151
VoiceLineBufferTime,HeroData,HeroData,HeroData.lua,stub,0,,,,,1.139672,24556151
WeaponData,HeroData,HeroData,HeroData.lua,defined,1,,,,,1.139672,24556151
Weapons,HeroData,HeroData,HeroData.lua,defined,3,,,,,1.139672,24556151
BathHouseIntroTextLines,HeroRepeatableTextLines,HeroRepeatableTextLines,HeroData.lua,defined,1,,,,,1.139672,24556151
AdmireDreamCertificateVoiceLines,HeroVoiceLines,HeroVoiceLines,HeroData.lua,defined,1,,,,,1.139672,24556151
AdmireHypnosStatueVoiceLines,HeroVoiceLines,HeroVoiceLines,HeroData.lua,defined,1,,,,,1.139672,24556151
AdmireOlympusStatueVoiceLines,HeroVoiceLines,HeroVoiceLines,HeroData.lua,defined,1,,,,,1.139672,24556151
AdmireZagreusStatueVoiceLines,HeroVoiceLines,HeroVoiceLines,HeroData.lua,defined,1,,,,,1.139672,24556151
AltRunDoorUnlockedVoiceLines,HeroVoiceLines,HeroVoiceLines,HeroData.lua,stub,0,,,,,1.139672,24556151
AnomalyCombatBeginsVoiceLines,HeroVoiceLines,HeroVoiceLines,HeroData.lua,defined,4,,,,,1.139672,24556151
AnomalySearchingForExitVoiceLines,HeroVoiceLines,HeroVoiceLines,HeroData.lua,stub,0,,,,,1.139672,24556151
BarrierWeakenedVoiceLines,HeroVoiceLines,HeroVoiceLines,HeroData.lua,stub,0,,,,,1.139672,24556151
BiomeTimerAboutToExpireVoiceLines,HeroVoiceLines,HeroVoiceLines,HeroData.lua,stub,0,,,,,1.139672,24556151
BiomeTimerExpiredVoiceLines,HeroVoiceLines,HeroVoiceLines,HeroData.lua,stub,0,,,,,1.139672,24556151
BlockDeathVoiceLines,HeroVoiceLines,HeroVoiceLines,HeroData.lua,defined,1,,,,,1.139672,24556151
BoonActivatedVoiceLines,HeroVoiceLines,HeroVoiceLines,HeroData.lua,defined,5,,,,,1.139672,24556151
BoonDeactivatedVoiceLines,HeroVoiceLines,HeroVoiceLines,HeroData.lua,defined,5,,,,,1.139672,24556151
BoulderIncomingVoiceLines,HeroVoiceLines,HeroVoiceLines,HeroData.lua,stub,0,,,,,1.139672,24556151
BountyBoardOpenedVoiceLines,HeroVoiceLines,HeroVoiceLines,HeroData.lua,stub,0,,,,,1.139672,24556151
BountyBoardUnlockedVoiceLines,HeroVoiceLines,HeroVoiceLines,HeroData.lua,stub,0,,,,,1.139672,24556151
BountyEarnedVoiceLines,HeroVoiceLines,HeroVoiceLines,HeroData.lua,stub,0,,,,,1.139672,24556151
CannotFightVoiceLines,HeroVoiceLines,HeroVoiceLines,HeroData.lua,stub,0,,,,,1.139672,24556151
CannotInteractVoiceLines,HeroVoiceLines,HeroVoiceLines,HeroData.lua,defined,5,,,,,1.139672,24556151
CannotPurchaseVoiceLines,HeroVoiceLines,HeroVoiceLines,HeroData.lua,defined,4,,,,,1.139672,24556151
CannotRerollVoiceLines,HeroVoiceLines,HeroVoiceLines,HeroData.lua,stub,0,,,,,1.139672,24556151
CashedOutQuestVoiceLines,HeroVoiceLines,HeroVoiceLines,HeroData.lua,defined,1,,,,,1.139672,24556151
CauldronSpellDiscoveredVoiceLines,HeroVoiceLines,HeroVoiceLines,HeroData.lua,defined,5,,,,,1.139672,24556151
CauldronSpellLearnedVoiceLines,HeroVoiceLines,HeroVoiceLines,HeroData.lua,defined,5,,,,,1.139672,24556151
CauldronSpellsRevealingVoiceLines,HeroVoiceLines,HeroVoiceLines,HeroData.lua,defined,4,,,,,1.139672,24556151
CauldronTyphonHintVoiceLines,HeroVoiceLines,HeroVoiceLines,HeroData.lua,stub,0,,,,,1.139672,24556151
ChamberMoverUsedVoiceLines,HeroVoiceLines,HeroVoiceLines,HeroData.lua,defined,2,,,,,1.139672,24556151
ChangedRNGVoiceLines,HeroVoiceLines,HeroVoiceLines,HeroData.lua,stub,0,,,,,1.139672,24556151
ChronosFatalityVoiceLines,HeroVoiceLines,HeroVoiceLines,HeroData.lua,stub,0,,,,,1.139672,24556151
ContractAcceptedVoiceLines,HeroVoiceLines,HeroVoiceLines,HeroData.lua,defined,1,,,,,1.139672,24556151
CoveredFamilyPortraitVoiceLines,HeroVoiceLines,HeroVoiceLines,HeroData.lua,defined,2,,,,,1.139672,24556151
CurseActiveVoiceLines,HeroVoiceLines,HeroVoiceLines,HeroData.lua,defined,6,,,,,1.139672,24556151
DieHardShadeRecruitVoiceLines,HeroVoiceLines,HeroVoiceLines,HeroData.lua,defined,2,,,,,1.139672,24556151
DocksDoorShutVoiceLines,HeroVoiceLines,HeroVoiceLines,HeroData.lua,stub,0,,,,,1.139672,24556151
DreamBiomeStartVoiceLines,HeroVoiceLines,HeroVoiceLines,HeroData.lua,defined,1,,,,,1.139672,24556151
DreamPostBossEntranceVoiceLines,HeroVoiceLines,HeroVoiceLines,HeroData.lua,stub,0,,,,,1.139672,24556151
DreamPostBossExitVoiceLines,HeroVoiceLines,HeroVoiceLines,HeroData.lua,stub,0,,,,,1.139672,24556151
DreamRoomExitVoiceLines,HeroVoiceLines,HeroVoiceLines,HeroData.lua,defined,2,,,,,1.139672,24556151
DreamRunClearedVoiceLines,HeroVoiceLines,HeroVoiceLines,HeroData.lua,stub,0,,,,,1.139672,24556151
DreamRunEnterVoiceLines,HeroVoiceLines,HeroVoiceLines,HeroData.lua,stub,0,,,,,1.139672,24556151
DreamRunsUnlockedVoiceLines,HeroVoiceLines,HeroVoiceLines,HeroData.lua,stub,0,,,,,1.139672,24556151
EagleIncomingVoiceLines,HeroVoiceLines,HeroVoiceLines,HeroData.lua,stub,0,,,,,1.139672,24556151
ElementsUnlockedVoiceLines,HeroVoiceLines,HeroVoiceLines,HeroData.lua,stub,0,,,,,1.139672,24556151
EnteredFortressVoiceLines,HeroVoiceLines,HeroVoiceLines,HeroData.lua,stub,0,,,,,1.139672,24556151
ExitBlockedByEnemiesVoiceLines,HeroVoiceLines,HeroVoiceLines,HeroData.lua,defined,1,,,,,1.139672,24556151
ExitBlockedByHealthVoiceLines,HeroVoiceLines,HeroVoiceLines,HeroData.lua,defined,5,,,,,1.139672,24556151
ExitBlockedByNemesisVoiceLines,HeroVoiceLines,HeroVoiceLines,HeroData.lua,defined,5,,,,,1.139672,24556151
ExitsUnlockedVoiceLines,HeroVoiceLines,HeroVoiceLines,HeroData.lua,stub,0,,,,,1.139672,24556151
ExorcismFailedVoiceLines,HeroVoiceLines,HeroVoiceLines,HeroData.lua,stub,0,,,,,1.139672,24556151
ExorcismResistedVoiceLines,HeroVoiceLines,HeroVoiceLines,HeroData.lua,stub,0,,,,,1.139672,24556151
ExorcismStartVoiceLines,HeroVoiceLines,HeroVoiceLines,HeroData.lua,defined,1,,,,,1.139672,24556151
ExorcismSucceededVoiceLines,HeroVoiceLines,HeroVoiceLines,HeroData.lua,stub,0,,,,,1.139672,24556151
FamiliarHarvestVoiceLines,HeroVoiceLines,HeroVoiceLines,HeroData.lua,defined,1,,,,,1.139672,24556151
FamiliarThankingVoiceLines,HeroVoiceLines,HeroVoiceLines,HeroData.lua,defined,2,,,,,1.139672,24556151
FamiliarUnequipVoiceLines,HeroVoiceLines,HeroVoiceLines,HeroData.lua,defined,4,,,,,1.139672,24556151
FieldsEncounterClearedVoiceLines,HeroVoiceLines,HeroVoiceLines,HeroData.lua,defined,1,,,,,1.139672,24556151
FieldsEncounterStartedVoiceLines,HeroVoiceLines,HeroVoiceLines,HeroData.lua,stub,0,,,,,1.139672,24556151
FinalWaveVoiceLines,HeroVoiceLines,HeroVoiceLines,HeroData.lua,defined,6,,,,,1.139672,24556151
FirstUnityBoonUnlockedVoiceLines,HeroVoiceLines,HeroVoiceLines,HeroData.lua,stub,0,,,,,1.139672,24556151
FishNotCaughtTooLateVoiceLines,HeroVoiceLines,HeroVoiceLines,HeroData.lua,stub,0,,,,,1.139672,24556151
FishNotCaughtVoiceLines,HeroVoiceLines,HeroVoiceLines,HeroData.lua,stub,0,,,,,1.139672,24556151
FishNotCaughtWayTooLateVoiceLines,HeroVoiceLines,HeroVoiceLines,HeroData.lua,stub,0,,,,,1.139672,24556151
FishingInProgressVoiceLines,HeroVoiceLines,HeroVoiceLines,HeroData.lua,stub,0,,,,,1.139672,24556151
FishingInitiatedVoiceLines,HeroVoiceLines,HeroVoiceLines,HeroData.lua,stub,0,,,,,1.139672,24556151
FleeingEncounterVoiceLines,HeroVoiceLines,HeroVoiceLines,HeroData.lua,defined,6,,,,,1.139672,24556151
FountainPrayerVoiceLines,HeroVoiceLines,HeroVoiceLines,HeroData.lua,defined,1,,,,,1.139672,24556151
GhostWallInteractionVoiceLines,HeroVoiceLines,HeroVoiceLines,HeroData.lua,defined,7,,,,,1.139672,24556151
GiftRackLockedVoiceLines,HeroVoiceLines,HeroVoiceLines,HeroData.lua,defined,5,,,,,1.139672,24556151
HarvestVoiceLines,HeroVoiceLines,HeroVoiceLines,HeroData.lua,defined,3,,,,,1.139672,24556151
HecateDefeatedVoiceLines,HeroVoiceLines,HeroVoiceLines,HeroData.lua,defined,2,,,,,1.139672,24556151
HermesDeliveryVoiceLines,HeroVoiceLines,HeroVoiceLines,HeroData.lua,stub,0,,,,,1.139672,24556151
HitByMiasmaVoiceLines,HeroVoiceLines,HeroVoiceLines,HeroData.lua,stub,0,,,,,1.139672,24556151
HitInvulnerableVoiceLines,HeroVoiceLines,HeroVoiceLines,HeroData.lua,defined,7,,,,,1.139672,24556151
InfiniteLastStandVoiceLines,HeroVoiceLines,HeroVoiceLines,HeroData.lua,defined,1,,,,,1.139672,24556151
InteractionBlockedVoiceLines,HeroVoiceLines,HeroVoiceLines,HeroData.lua,defined,2,,,,,1.139672,24556151
KeepsakeExpiredVoiceLines,HeroVoiceLines,HeroVoiceLines,HeroData.lua,defined,4,,,,,1.139672,24556151
LastStandLastLifeVoiceLines,HeroVoiceLines,HeroVoiceLines,HeroData.lua,stub,0,,,,,1.139672,24556151
LastStandVoiceLines,HeroVoiceLines,HeroVoiceLines,HeroData.lua,stub,0,,,,,1.139672,24556151
LockedCauldronVoiceLines,HeroVoiceLines,HeroVoiceLines,HeroData.lua,stub,0,,,,,1.139672,24556151
LockedEphyraExitGateVoiceLines,HeroVoiceLines,HeroVoiceLines,HeroData.lua,stub,0,,,,,1.139672,24556151
LockedExtraExitsFoundVoiceLines,HeroVoiceLines,HeroVoiceLines,HeroData.lua,stub,0,,,,,1.139672,24556151
LockedSellTraitShopVoiceLines,HeroVoiceLines,HeroVoiceLines,HeroData.lua,stub,0,,,,,1.139672,24556151
NewDoorHintVoiceLines,HeroVoiceLines,HeroVoiceLines,HeroData.lua,defined,1,,,,,1.139672,24556151
NextStopChronosVoiceLines,HeroVoiceLines,HeroVoiceLines,HeroData.lua,stub,0,,,,,1.139672,24556151
NextStopPostTrueEndingVoiceLines,HeroVoiceLines,HeroVoiceLines,HeroData.lua,stub,0,,,,,1.139672,24556151
NextStopTyphonVoiceLines,HeroVoiceLines,HeroVoiceLines,HeroData.lua,stub,0,,,,,1.139672,24556151
NextWaveVoiceLines,HeroVoiceLines,HeroVoiceLines,HeroData.lua,defined,6,,,,,1.139672,24556151
NotEnoughCurrencyVoiceLines,HeroVoiceLines,HeroVoiceLines,HeroData.lua,defined,1,,,,,1.139672,24556151
NotEnoughHealthVoiceLines,HeroVoiceLines,HeroVoiceLines,HeroData.lua,defined,6,,,,,1.139672,24556151
NotReadyVoiceLines,HeroVoiceLines,HeroVoiceLines,HeroData.lua,defined,1,,,,,1.139672,24556151
OceanusExitVoiceLines,HeroVoiceLines,HeroVoiceLines,HeroData.lua,stub,0,,,,,1.139672,24556151
OlympianArrivalVoiceLines,HeroVoiceLines,HeroVoiceLines,HeroData.lua,stub,0,,,,,1.139672,24556151
OlympusSkyEntranceVoiceLines,HeroVoiceLines,HeroVoiceLines,HeroData.lua,stub,0,,,,,1.139672,24556151
OlympusSkyExitVoiceLines,HeroVoiceLines,HeroVoiceLines,HeroData.lua,stub,0,,,,,1.139672,24556151
OpenedQuestLogMultiQuestsCompleteVoiceLines,HeroVoiceLines,HeroVoiceLines,HeroData.lua,defined,5,,,,,1.139672,24556151
OpenedQuestLogNewQuestsAddedVoiceLines,HeroVoiceLines,HeroVoiceLines,HeroData.lua,stub,0,,,,,1.139672,24556151
OpenedQuestLogSingleQuestCompleteVoiceLines,HeroVoiceLines,HeroVoiceLines,HeroData.lua,defined,6,,,,,1.139672,24556151
OpenedQuestLogVoiceLines,HeroVoiceLines,HeroVoiceLines,HeroData.lua,defined,5,,,,,1.139672,24556151
OverlookLeaveVoiceLines,HeroVoiceLines,HeroVoiceLines,HeroData.lua,stub,0,,,,,1.139672,24556151
OverlookVoiceLines,HeroVoiceLines,HeroVoiceLines,HeroData.lua,defined,1,,,,,1.139672,24556151
PackagedBountyClearedVoiceLines,HeroVoiceLines,HeroVoiceLines,HeroData.lua,defined,1,,,,,1.139672,24556151
PickaxeDepositDestroyedVoiceLines,HeroVoiceLines,HeroVoiceLines,HeroData.lua,stub,0,,,,,1.139672,24556151
PickaxeUseInProgressVoiceLines,HeroVoiceLines,HeroVoiceLines,HeroData.lua,defined,1,,,,,1.139672,24556151
PlantInteractVoiceLines,HeroVoiceLines,HeroVoiceLines,HeroData.lua,defined,1,,,,,1.139672,24556151
PlantingVoiceLines,HeroVoiceLines,HeroVoiceLines,HeroData.lua,stub,0,,,,,1.139672,24556151
PlayRandomMusicVoiceLines,HeroVoiceLines,HeroVoiceLines,HeroData.lua,stub,0,,,,,1.139672,24556151
PoisonAppliedVoiceLines,HeroVoiceLines,HeroVoiceLines,HeroData.lua,defined,2,,,,,1.139672,24556151
PoisonCuredVoiceLines,HeroVoiceLines,HeroVoiceLines,HeroData.lua,defined,2,,,,,1.139672,24556151
ReceivedSupplyDropVoiceLines,HeroVoiceLines,HeroVoiceLines,HeroData.lua,defined,1,,,,,1.139672,24556151
RecovedFromMiasmaVoiceLines,HeroVoiceLines,HeroVoiceLines,HeroData.lua,stub,0,,,,,1.139672,24556151
RegionClearedVoiceLines,HeroVoiceLines,HeroVoiceLines,HeroData.lua,defined,3,,,,,1.139672,24556151
RerollOutcomeVoiceLines,HeroVoiceLines,HeroVoiceLines,HeroData.lua,stub,0,,,,,1.139672,24556151
ReturnToHubVoiceLines,HeroVoiceLines,HeroVoiceLines,HeroData.lua,stub,0,,,,,1.139672,24556151
RootedFoesVoiceLines,HeroVoiceLines,HeroVoiceLines,HeroData.lua,defined,2,,,,,1.139672,24556151
RunClearedVoiceLines,HeroVoiceLines,HeroVoiceLines,HeroData.lua,defined,1,,,,,1.139672,24556151
SecretUnlockedVoiceLines,HeroVoiceLines,HeroVoiceLines,HeroData.lua,defined,2,,,,,1.139672,24556151
SelfDamageVoiceLines,HeroVoiceLines,HeroVoiceLines,HeroData.lua,stub,0,,,,,1.139672,24556151
SellTraitShopSoldOutVoiceLines,HeroVoiceLines,HeroVoiceLines,HeroData.lua,defined,5,,,,,1.139672,24556151
SellTraitShopUsedVoiceLines,HeroVoiceLines,HeroVoiceLines,HeroData.lua,defined,1,,,,,1.139672,24556151
ShadeEavesdropVoiceLines,HeroVoiceLines,HeroVoiceLines,HeroData.lua,defined,1,,,,,1.139672,24556151
ShipsCanExitVoiceLines,HeroVoiceLines,HeroVoiceLines,HeroData.lua,stub,0,,,,,1.139672,24556151
ShipsExitVoiceLines,HeroVoiceLines,HeroVoiceLines,HeroData.lua,stub,0,,,,,1.139672,24556151
ShipsMutinyVoiceLines,HeroVoiceLines,HeroVoiceLines,HeroData.lua,defined,7,,,,,1.139672,24556151
ShipsRouteChoiceMadeVoiceLines,HeroVoiceLines,HeroVoiceLines,HeroData.lua,stub,0,,,,,1.139672,24556151
ShipsRouteChoiceOfferedVoiceLines,HeroVoiceLines,HeroVoiceLines,HeroData.lua,stub,0,,,,,1.139672,24556151
ShipsWheelDestroyedVoiceLines,HeroVoiceLines,HeroVoiceLines,HeroData.lua,stub,0,,,,,1.139672,24556151
ShovelFoundBombVoiceLines,HeroVoiceLines,HeroVoiceLines,HeroData.lua,stub,0,,,,,1.139672,24556151
ShovelVoiceLines,HeroVoiceLines,HeroVoiceLines,HeroData.lua,stub,0,,,,,1.139672,24556151
ShrineDoorUnlockedVoiceLines,HeroVoiceLines,HeroVoiceLines,HeroData.lua,defined,2,,,,,1.139672,24556151
ShrineUnlockedVoiceLines,HeroVoiceLines,HeroVoiceLines,HeroData.lua,stub,0,,,,,1.139672,24556151
SoldTraitVoiceLines,HeroVoiceLines,HeroVoiceLines,HeroData.lua,stub,0,,,,,1.139672,24556151
SpellNotReadyVoiceLines,HeroVoiceLines,HeroVoiceLines,HeroData.lua,stub,0,,,,,1.139672,24556151
StoppedSingingVoiceLines,HeroVoiceLines,HeroVoiceLines,HeroData.lua,defined,1,,,,,1.139672,24556151
StoryResetEndVoiceLines,HeroVoiceLines,HeroVoiceLines,HeroData.lua,stub,0,,,,,1.139672,24556151
StoryResetStartVoiceLines,HeroVoiceLines,HeroVoiceLines,HeroData.lua,stub,0,,,,,1.139672,24556151
SurfaceShopUsedVoiceLines,HeroVoiceLines,HeroVoiceLines,HeroData.lua,defined,1,,,,,1.139672,24556151
SwapUpgradePickedVoiceLines,HeroVoiceLines,HeroVoiceLines,HeroData.lua,defined,1,,,,,1.139672,24556151
TavernaVictoryVoiceLines,HeroVoiceLines,HeroVoiceLines,HeroData.lua,defined,7,,,,,1.139672,24556151
ToolTutorialVoiceLines,HeroVoiceLines,HeroVoiceLines,HeroData.lua,stub,0,,,,,1.139672,24556151
TrapsActivatedVoiceLines,HeroVoiceLines,HeroVoiceLines,HeroData.lua,stub,0,,,,,1.139672,24556151
TremorReactionVoiceLines,HeroVoiceLines,HeroVoiceLines,HeroData.lua,stub,0,,,,,1.139672,24556151
TrialUpgradeTransformedVoiceLines,HeroVoiceLines,HeroVoiceLines,HeroData.lua,stub,0,,,,,1.139672,24556151
TriedCirceHutVoiceLines,HeroVoiceLines,HeroVoiceLines,HeroData.lua,stub,0,,,,,1.139672,24556151
TriedToBatheVoiceLines,HeroVoiceLines,HeroVoiceLines,HeroData.lua,defined,5,,,,,1.139672,24556151
TriedToSitVoiceLines,HeroVoiceLines,HeroVoiceLines,HeroData.lua,stub,0,,,,,1.139672,24556151
TrophyAdmirationVoiceLines,HeroVoiceLines,HeroVoiceLines,HeroData.lua,stub,0,,,,,1.139672,24556151
TrophyQuestUnlockedVoiceLines,HeroVoiceLines,HeroVoiceLines,HeroData.lua,stub,0,,,,,1.139672,24556151
TyphonFatalityVoiceLines,HeroVoiceLines,HeroVoiceLines,HeroData.lua,stub,0,,,,,1.139672,24556151
TyphonIncursionVoiceLines,HeroVoiceLines,HeroVoiceLines,HeroData.lua,stub,0,,,,,1.139672,24556151
TyphonInjuredReactionVoiceLines,HeroVoiceLines,HeroVoiceLines,HeroData.lua,stub,0,,,,,1.139672,24556151
TyphonKnockdownVoiceLines,HeroVoiceLines,HeroVoiceLines,HeroData.lua,stub,0,,,,,1.139672,24556151
TyphonPhaseSkipReactionVoiceLines,HeroVoiceLines,HeroVoiceLines,HeroData.lua,stub,0,,,,,1.139672,24556151
TyphonRetreatReactionVoiceLines,HeroVoiceLines,HeroVoiceLines,HeroData.lua,stub,0,,,,,1.139672,24556151
UniqueLastStandSourcesLookup,HeroVoiceLines,HeroVoiceLines,HeroData.lua,defined,3,,,,,1.139672,24556151
UpgradeMenuOpenVoiceLines,HeroVoiceLines,HeroVoiceLines,HeroData.lua,stub,0,,,,,1.139672,24556151
UpgradePickedVoiceLines,HeroVoiceLines,HeroVoiceLines,HeroData.lua,defined,2,,,,,1.139672,24556151
UsedAquariumVoiceLines,HeroVoiceLines,HeroVoiceLines,HeroData.lua,defined,4,,,,,1.139672,24556151
UsedCharonScarecrowVoiceLines,HeroVoiceLines,HeroVoiceLines,HeroData.lua,stub,0,,,,,1.139672,24556151
UsedChronosRemainsVoiceLines,HeroVoiceLines,HeroVoiceLines,HeroData.lua,stub,0,,,,,1.139672,24556151
UsedFamilyPortraitVoiceLines,HeroVoiceLines,HeroVoiceLines,HeroData.lua,stub,0,,,,,1.139672,24556151
UsedRerollPanelVoiceLines,HeroVoiceLines,HeroVoiceLines,HeroData.lua,stub,0,,,,,1.139672,24556151
UsedRerollVoiceLines,HeroVoiceLines,HeroVoiceLines,HeroData.lua,stub,0,,,,,1.139672,24556151
UsedStarJarVoiceLines,HeroVoiceLines,HeroVoiceLines,HeroData.lua,defined,1,,,,,1.139672,24556151
UsedTransformVoiceLines,HeroVoiceLines,HeroVoiceLines,HeroData.lua,stub,0,,,,,1.139672,24556151
WeaponLobOutOfAmmoVoiceLines,HeroVoiceLines,HeroVoiceLines,HeroData.lua,defined,7,,,,,1.139672,24556151
WeaponSuitNoTargetVoiceLines,HeroVoiceLines,HeroVoiceLines,HeroData.lua,defined,8,,,,,1.139672,24556151
WellShopSoldOutVoiceLines,HeroVoiceLines,HeroVoiceLines,HeroData.lua,defined,5,,,,,1.139672,24556151
WellShopUsedVoiceLines,HeroVoiceLines,HeroVoiceLines,HeroData.lua,defined,2,,,,,1.139672,24556151
WonExitRaceVoiceLines,HeroVoiceLines,HeroVoiceLines,HeroData.lua,defined,5,,,,,1.139672,24556151
BaseHub,HubRoomData,HubRoomData<overwrite>,DeathLoopData.lua,defined,2,,,,,1.139672,24556151
Flashback_DeathArea,HubRoomData,HubRoomData<overwrite>,DeathLoopData.lua,defined,22,,,,,1.139672,24556151
Flashback_DeathAreaBedroomHades,HubRoomData,HubRoomData<overwrite>,DeathLoopData.lua,debug_only,22,,,,DeathAreaSwitchRoom,1.139672,24556151
Flashback_Hub_Main,HubRoomData,HubRoomData<overwrite>,DeathLoopData.lua,debug_only,27,,,,,1.139672,24556151
Hub_Main,HubRoomData,HubRoomData<overwrite>,DeathLoopData.lua,defined,37,BaseHub,,,nil,1.139672,24556151
Hub_PreRun,HubRoomData,HubRoomData<overwrite>,DeathLoopData.lua,defined,41,BaseHub,,,OpenMetaUpgradeCardScreen,1.139672,24556151
ActiveEnemyCapBase,IntroWaveOverrideValues,IntroWaveOverrideValues,EncounterData.lua,stub,0,,,,,1.139672,24556151
ActiveEnemyCapDepthRamp,IntroWaveOverrideValues,IntroWaveOverrideValues,EncounterData.lua,stub,0,,,,,1.139672,24556151
ActiveEnemyCapMax,IntroWaveOverrideValues,IntroWaveOverrideValues,EncounterData.lua,stub,0,,,,,1.139672,24556151
IgnoreSpawnPreferences,IntroWaveOverrideValues,IntroWaveOverrideValues,EncounterData.lua,stub,0,,,,,1.139672,24556151
RequireNearPlayerDistance,IntroWaveOverrideValues,IntroWaveOverrideValues,EncounterData.lua,stub,0,,,,,1.139672,24556151
SpawnAggroed,IntroWaveOverrideValues,IntroWaveOverrideValues,EncounterData.lua,stub,0,,,,,1.139672,24556151
SpawnIntervalMax,IntroWaveOverrideValues,IntroWaveOverrideValues,EncounterData.lua,stub,0,,,,,1.139672,24556151
SpawnIntervalMin,IntroWaveOverrideValues,IntroWaveOverrideValues,EncounterData.lua,stub,0,,,,,1.139672,24556151
AphroditeCoreTraits,LinkedTraitData,LinkedTraitData,TraitData.lua,stub,0,,,,,1.139672,24556151
AphroditeWeakTraits,LinkedTraitData,LinkedTraitData,TraitData.lua,stub,0,,,,,1.139672,24556151
ApolloBlindTraits,LinkedTraitData,LinkedTraitData,TraitData.lua,stub,0,,,,,1.139672,24556151
ApolloCoreTraits,LinkedTraitData,LinkedTraitData,TraitData.lua,stub,0,,,,,1.139672,24556151
AresBloodDropTraits,LinkedTraitData,LinkedTraitData,TraitData.lua,stub,0,,,,,1.139672,24556151
AresCoreTraits,LinkedTraitData,LinkedTraitData,TraitData.lua,stub,0,,,,,1.139672,24556151
AresRendTraits,LinkedTraitData,LinkedTraitData,TraitData.lua,stub,0,,,,,1.139672,24556151
AresSwordTraits,LinkedTraitData,LinkedTraitData,TraitData.lua,stub,0,,,,,1.139672,24556151
CastTraits,LinkedTraitData,LinkedTraitData,TraitData.lua,stub,0,,,,,1.139672,24556151
DemeterCoreTraits,LinkedTraitData,LinkedTraitData,TraitData.lua,stub,0,,,,,1.139672,24556151
DemeterRootTraits,LinkedTraitData,LinkedTraitData,TraitData.lua,stub,0,,,,,1.139672,24556151
HephaestusCoreTraits,LinkedTraitData,LinkedTraitData,TraitData.lua,stub,0,,,,,1.139672,24556151
HephaestusMassiveTraits,LinkedTraitData,LinkedTraitData,TraitData.lua,stub,0,,,,,1.139672,24556151
HeraCoreTraits,LinkedTraitData,LinkedTraitData,TraitData.lua,stub,0,,,,,1.139672,24556151
HeraLinkTraits,LinkedTraitData,LinkedTraitData,TraitData.lua,stub,0,,,,,1.139672,24556151
HestiaBurnTraits,LinkedTraitData,LinkedTraitData,TraitData.lua,stub,0,,,,,1.139672,24556151
HestiaCoreTraits,LinkedTraitData,LinkedTraitData,TraitData.lua,stub,0,,,,,1.139672,24556151
PoseidonCoreTraits,LinkedTraitData,LinkedTraitData,TraitData.lua,stub,0,,,,,1.139672,24556151
PoseidonKnockbackAmplifyTraits,LinkedTraitData,LinkedTraitData,TraitData.lua,stub,0,,,,,1.139672,24556151
PoseidonKnockbackTraits,LinkedTraitData,LinkedTraitData,TraitData.lua,stub,0,,,,,1.139672,24556151
PoseidonSplashTraits,LinkedTraitData,LinkedTraitData,TraitData.lua,stub,0,,,,,1.139672,24556151
SpecialTraits,LinkedTraitData,LinkedTraitData,TraitData.lua,stub,0,,,,,1.139672,24556151
WeaponTraits,LinkedTraitData,LinkedTraitData,TraitData.lua,stub,0,,,,,1.139672,24556151
ZeusBoltTraits,LinkedTraitData,LinkedTraitData,TraitData.lua,stub,0,,,,,1.139672,24556151
ZeusCoreTraits,LinkedTraitData,LinkedTraitData,TraitData.lua,stub,0,,,,,1.139672,24556151
ZeusEchoTraits,LinkedTraitData,LinkedTraitData,TraitData.lua,stub,0,,,,,1.139672,24556151
Default,ManaGatherAnimations,ManaGatherAnimations,ManaData.lua,stub,0,,,,,1.139672,24556151
OOM,ManaGatherAnimations,ManaGatherAnimations,ManaData.lua,stub,0,,,,,1.139672,24556151
AutoComplete,ManaIndicatorPresentation,ManaIndicatorPresentation,ManaData.lua,defined,4,,,,,1.139672,24556151
DifferentMoveBadge,ManaIndicatorPresentation,ManaIndicatorPresentation,ManaData.lua,stub,0,,,,,1.139672,24556151
Hold,ManaIndicatorPresentation,ManaIndicatorPresentation,ManaData.lua,defined,5,,Hold,引导,,1.139672,24556151
LastMomentManaRestoreEligibleHSV,ManaIndicatorPresentation,ManaIndicatorPresentation,ManaData.lua,stub,0,,,,,1.139672,24556151
PerfectChargeBadge,ManaIndicatorPresentation,ManaIndicatorPresentation,ManaData.lua,stub,0,,,,,1.139672,24556151
SprintPowerBadge,ManaIndicatorPresentation,ManaIndicatorPresentation,ManaData.lua,stub,0,,,,,1.139672,24556151
Brazier,MaterialDefaults,MaterialDefaults,ObstacleData.lua,stub,0,,,,,1.139672,24556151
Brick,MaterialDefaults,MaterialDefaults,ObstacleData.lua,stub,0,,,,,1.139672,24556151
Bush,MaterialDefaults,MaterialDefaults,ObstacleData.lua,stub,0,,,,,1.139672,24556151
Chains,MaterialDefaults,MaterialDefaults,ObstacleData.lua,stub,0,,,,,1.139672,24556151
Door,MaterialDefaults,MaterialDefaults,ObstacleData.lua,stub,0,,,,,1.139672,24556151
ErebusOld,MaterialDefaults,MaterialDefaults,ObstacleData.lua,stub,0,,,,,1.139672,24556151
ErebusRock,MaterialDefaults,MaterialDefaults,ObstacleData.lua,stub,0,,,,,1.139672,24556151
ErebusShrub,MaterialDefaults,MaterialDefaults,ObstacleData.lua,stub,0,,,,,1.139672,24556151
ErebusStone,MaterialDefaults,MaterialDefaults,ObstacleData.lua,stub,0,,,,,1.139672,24556151
ErebusTree,MaterialDefaults,MaterialDefaults,ObstacleData.lua,stub,0,,,,,1.139672,24556151
ErebusWhiteTree0,MaterialDefaults,MaterialDefaults,ObstacleData.lua,stub,0,,,,,1.139672,24556151
F_Round,MaterialDefaults,MaterialDefaults,ObstacleData.lua,stub,0,,,,,1.139672,24556151
Fence,MaterialDefaults,MaterialDefaults,ObstacleData.lua,stub,0,,,,,1.139672,24556151
Gable,MaterialDefaults,MaterialDefaults,ObstacleData.lua,stub,0,,,,,1.139672,24556151
Impassable,MaterialDefaults,MaterialDefaults,ObstacleData.lua,stub,0,,,,,1.139672,24556151
Pedestal,MaterialDefaults,MaterialDefaults,ObstacleData.lua,stub,0,,,,,1.139672,24556151
Pillar,MaterialDefaults,MaterialDefaults,ObstacleData.lua,stub,0,,,,,1.139672,24556151
Planter,MaterialDefaults,MaterialDefaults,ObstacleData.lua,stub,0,,,,,1.139672,24556151
Rubble,MaterialDefaults,MaterialDefaults,ObstacleData.lua,stub,0,,,,,1.139672,24556151
Statue,MaterialDefaults,MaterialDefaults,ObstacleData.lua,stub,0,,,,,1.139672,24556151
Sword,MaterialDefaults,MaterialDefaults,ObstacleData.lua,stub,0,,,,,1.139672,24556151
Tile,MaterialDefaults,MaterialDefaults,ObstacleData.lua,stub,0,,,,,1.139672,24556151
Urn,MaterialDefaults,MaterialDefaults,ObstacleData.lua,stub,0,,,,,1.139672,24556151
Vase,MaterialDefaults,MaterialDefaults,ObstacleData.lua,stub,0,,,,,1.139672,24556151
Wall,MaterialDefaults,MaterialDefaults,ObstacleData.lua,stub,0,,,,,1.139672,24556151
WeightedOptions,MetaRewardStandData,MetaRewardStandData,LootData.lua,stub,0,,,,,1.139672,24556151
Epic,MetaUpgradeCardRarityIcons,MetaUpgradeCardRarityIcons,MetaUpgradeData.lua,stub,0,,Epic,{#EpicFormat}史诗{#Prev},,1.139672,24556151
Heroic,MetaUpgradeCardRarityIcons,MetaUpgradeCardRarityIcons,MetaUpgradeData.lua,stub,0,,Heroic,{#HeroicFormat}英雄{#Prev},,1.139672,24556151
Rare,MetaUpgradeCardRarityIcons,MetaUpgradeCardRarityIcons,MetaUpgradeData.lua,stub,0,,Rare,{#RareFormat}稀有{#Prev},,1.139672,24556151
MetaUpgradeLevelData,MetaUpgradeCostData,MetaUpgradeCostData,MetaUpgradeData.lua,stub,0,,,,,1.139672,24556151
StartingMetaUpgradeLimit,MetaUpgradeCostData,MetaUpgradeCostData,MetaUpgradeData.lua,stub,0,,,,,1.139672,24556151
BaseUnlocked,MetaUpgradeLockOrder,MetaUpgradeLockOrder,MetaUpgradeData.lua,stub,0,,,,,1.139672,24556151
LockedSetCosts,MetaUpgradeLockOrder,MetaUpgradeLockOrder,MetaUpgradeData.lua,stub,0,,,,,1.139672,24556151
LockedSetsCount,MetaUpgradeLockOrder,MetaUpgradeLockOrder,MetaUpgradeData.lua,stub,0,,,,,1.139672,24556151
GameStateRequirements,MetaUpgradeSaveLayoutData,MetaUpgradeSaveLayoutData,MetaUpgradeData.lua,stub,0,,,,,1.139672,24556151
MaximumMetaUpgradeLayouts,MetaUpgradeSaveLayoutData,MetaUpgradeSaveLayoutData,MetaUpgradeData.lua,stub,0,,,,,1.139672,24556151
DigitSpacer,MoneyUI,MoneyUI,HUDData.lua,stub,0,,,,,1.139672,24556151
FadeDuration,MoneyUI,MoneyUI,HUDData.lua,stub,0,,,,,1.139672,24556151
HideDelay,MoneyUI,MoneyUI,HUDData.lua,stub,0,,,,,1.139672,24556151
StartSpacer,MoneyUI,MoneyUI,HUDData.lua,stub,0,,,,,1.139672,24556151
Charybdis_Scylla1_01,MusicMarkerData,MusicMarkerData,MusicData.lua,defined,3,,,,,1.139672,24556151
Charybdis_Scylla1_02,MusicMarkerData,MusicMarkerData,MusicData.lua,defined,3,,,,,1.139672,24556151
Charybdis_Scylla1_03,MusicMarkerData,MusicMarkerData,MusicData.lua,defined,3,,,,,1.139672,24556151
Charybdis_Scylla1_04,MusicMarkerData,MusicMarkerData,MusicData.lua,defined,3,,,,,1.139672,24556151
Charybdis_Scylla1_05,MusicMarkerData,MusicMarkerData,MusicData.lua,defined,3,,,,,1.139672,24556151
Charybdis_Scylla1_06,MusicMarkerData,MusicMarkerData,MusicData.lua,defined,3,,,,,1.139672,24556151
Charybdis_Scylla1_07,MusicMarkerData,MusicMarkerData,MusicData.lua,defined,3,,,,,1.139672,24556151
Charybdis_Scylla1_08,MusicMarkerData,MusicMarkerData,MusicData.lua,defined,3,,,,,1.139672,24556151
Charybdis_Scylla1_09,MusicMarkerData,MusicMarkerData,MusicData.lua,defined,3,,,,,1.139672,24556151
Charybdis_Scylla1_10,MusicMarkerData,MusicMarkerData,MusicData.lua,defined,3,,,,,1.139672,24556151
Charybdis_Scylla1_11,MusicMarkerData,MusicMarkerData,MusicData.lua,defined,3,,,,,1.139672,24556151
Charybdis_Scylla1_12,MusicMarkerData,MusicMarkerData,MusicData.lua,defined,3,,,,,1.139672,24556151
Charybdis_Scylla1_13,MusicMarkerData,MusicMarkerData,MusicData.lua,defined,3,,,,,1.139672,24556151
Charybdis_Scylla1_14,MusicMarkerData,MusicMarkerData,MusicData.lua,defined,3,,,,,1.139672,24556151
Charybdis_Scylla1_15,MusicMarkerData,MusicMarkerData,MusicData.lua,defined,3,,,,,1.139672,24556151
Charybdis_Scylla1_16,MusicMarkerData,MusicMarkerData,MusicData.lua,defined,3,,,,,1.139672,24556151
Charybdis_Scylla1_17,MusicMarkerData,MusicMarkerData,MusicData.lua,defined,3,,,,,1.139672,24556151
Charybdis_Scylla1_18,MusicMarkerData,MusicMarkerData,MusicData.lua,defined,3,,,,,1.139672,24556151
Charybdis_Scylla1_19,MusicMarkerData,MusicMarkerData,MusicData.lua,defined,3,,,,,1.139672,24556151
Charybdis_Scylla3_01,MusicMarkerData,MusicMarkerData,MusicData.lua,defined,3,,,,,1.139672,24556151
Charybdis_Scylla3_02,MusicMarkerData,MusicMarkerData,MusicData.lua,defined,3,,,,,1.139672,24556151
Charybdis_Scylla3_03,MusicMarkerData,MusicMarkerData,MusicData.lua,defined,3,,,,,1.139672,24556151
Charybdis_Scylla3_04,MusicMarkerData,MusicMarkerData,MusicData.lua,defined,3,,,,,1.139672,24556151
Charybdis_Scylla3_05,MusicMarkerData,MusicMarkerData,MusicData.lua,defined,3,,,,,1.139672,24556151
Charybdis_Scylla3_06,MusicMarkerData,MusicMarkerData,MusicData.lua,defined,3,,,,,1.139672,24556151
Charybdis_Scylla3_07,MusicMarkerData,MusicMarkerData,MusicData.lua,defined,3,,,,,1.139672,24556151
Charybdis_Scylla3_08,MusicMarkerData,MusicMarkerData,MusicData.lua,defined,3,,,,,1.139672,24556151
Charybdis_Scylla3_09,MusicMarkerData,MusicMarkerData,MusicData.lua,defined,3,,,,,1.139672,24556151
Charybdis_Scylla3_10,MusicMarkerData,MusicMarkerData,MusicData.lua,defined,3,,,,,1.139672,24556151
Charybdis_Scylla3_11,MusicMarkerData,MusicMarkerData,MusicData.lua,defined,3,,,,,1.139672,24556151
Charybdis_Scylla3_12,MusicMarkerData,MusicMarkerData,MusicData.lua,defined,3,,,,,1.139672,24556151
Charybdis_Scylla3_13,MusicMarkerData,MusicMarkerData,MusicData.lua,defined,3,,,,,1.139672,24556151
Charybdis_Scylla3_14,MusicMarkerData,MusicMarkerData,MusicData.lua,defined,3,,,,,1.139672,24556151
Charybdis_Scylla3_15,MusicMarkerData,MusicMarkerData,MusicData.lua,defined,3,,,,,1.139672,24556151
Charybdis_Scylla3_16,MusicMarkerData,MusicMarkerData,MusicData.lua,defined,3,,,,,1.139672,24556151
Fire,MusicMarkerData,MusicMarkerData,MusicData.lua,defined,3,,Fire,火,,1.139672,24556151
HummingStart,MusicMarkerData,MusicMarkerData,MusicData.lua,defined,2,,,,,1.139672,24556151
HummingStop,MusicMarkerData,MusicMarkerData,MusicData.lua,defined,2,,,,,1.139672,24556151
IrisEndTheme_001,MusicMarkerData,MusicMarkerData,MusicData.lua,defined,1,,IrisEndTheme_001,{!Icons.Music}黎明未至{!Icons.Music},,1.139672,24556151
IrisEndTheme_002,MusicMarkerData,MusicMarkerData,MusicData.lua,defined,1,,IrisEndTheme_002,{!Icons.Music}唯有黑暗罩苍穹{!Icons.Music},,1.139672,24556151
IrisEndTheme_003,MusicMarkerData,MusicMarkerData,MusicData.lua,defined,1,,IrisEndTheme_003,{!Icons.Music}看向东方{!Icons.Music},,1.139672,24556151
IrisEndTheme_004,MusicMarkerData,MusicMarkerData,MusicData.lua,defined,1,,IrisEndTheme_004,{!Icons.Music}旭日初升映晴空{!Icons.Music},,1.139672,24556151
IrisEndTheme_015,MusicMarkerData,MusicMarkerData,MusicData.lua,defined,1,,IrisEndTheme_015,{!Icons.Music}黄昏已过{!Icons.Music},,1.139672,24556151
IrisEndTheme_016,MusicMarkerData,MusicMarkerData,MusicData.lua,defined,1,,IrisEndTheme_016,{!Icons.Music}明月启程行天际{!Icons.Music},,1.139672,24556151
IrisEndTheme_017,MusicMarkerData,MusicMarkerData,MusicData.lua,defined,1,,IrisEndTheme_017,{!Icons.Music}洒下银辉{!Icons.Music},,1.139672,24556151
IrisEndTheme_018,MusicMarkerData,MusicMarkerData,MusicData.lua,defined,1,,IrisEndTheme_018,{!Icons.Music}照亮长夜光熠熠{!Icons.Music},,1.139672,24556151
Lights,MusicMarkerData,MusicMarkerData,MusicData.lua,defined,2,,,,,1.139672,24556151
F,MusicTrackData,MusicTrackData,MusicData.lua,stub,0,,F,F,,1.139672,24556151
G,MusicTrackData,MusicTrackData,MusicData.lua,stub,0,,G,G,,1.139672,24556151
H,MusicTrackData,MusicTrackData,MusicData.lua,stub,0,,H,H,,1.139672,24556151
I,MusicTrackData,MusicTrackData,MusicData.lua,stub,0,,I,I,,1.139672,24556151
N,MusicTrackData,MusicTrackData,MusicData.lua,stub,0,,N,N,,1.139672,24556151
O,MusicTrackData,MusicTrackData,MusicData.lua,stub,0,,O,O,,1.139672,24556151
P,MusicTrackData,MusicTrackData,MusicData.lua,stub,0,,P,P,,1.139672,24556151
Q,MusicTrackData,MusicTrackData,MusicData.lua,stub,0,,Q,Q,,1.139672,24556151
ListenSkipThreshold,NarrativeConstantData,NarrativeConstantData,NarrativeData.lua,stub,0,,,,,1.139672,24556151
AphroditeUpgrade,NarrativeData,NarrativeData<overwrite>,NarrativeData.lua,defined,3,,AphroditeUpgrade,阿弗洛狄忒,,1.139672,24556151
ApolloUpgrade,NarrativeData,NarrativeData<overwrite>,NarrativeData.lua,defined,3,,ApolloUpgrade,阿波罗,,1.139672,24556151
AresUpgrade,NarrativeData,NarrativeData<overwrite>,NarrativeData.lua,defined,3,,AresUpgrade,阿瑞斯,,1.139672,24556151
Chronos,NarrativeData,NarrativeData<overwrite>,NarrativeData.lua,defined,3,,Chronos,克洛诺斯,,1.139672,24556151
DemeterUpgrade,NarrativeData,NarrativeData<overwrite>,NarrativeData.lua,defined,3,,DemeterUpgrade,得墨忒尔,,1.139672,24556151
EndRunBoon,NarrativeData,NarrativeData<overwrite>,NarrativeData.lua,defined,1,,,,,1.139672,24556151
Eris,NarrativeData,NarrativeData<overwrite>,NarrativeData.lua,defined,1,,Eris,厄里斯,,1.139672,24556151
Hecate,NarrativeData,NarrativeData<overwrite>,NarrativeData.lua,defined,2,,Hecate,赫卡忒,,1.139672,24556151
HephaestusUpgrade,NarrativeData,NarrativeData<overwrite>,NarrativeData.lua,defined,3,,HephaestusUpgrade,赫菲斯托斯,,1.139672,24556151
HeraUpgrade,NarrativeData,NarrativeData<overwrite>,NarrativeData.lua,defined,3,,HeraUpgrade,赫拉,,1.139672,24556151
HermesUpgrade,NarrativeData,NarrativeData<overwrite>,NarrativeData.lua,defined,3,,HermesUpgrade,赫尔墨斯,,1.139672,24556151
HestiaUpgrade,NarrativeData,NarrativeData<overwrite>,NarrativeData.lua,defined,3,,HestiaUpgrade,赫斯提亚,,1.139672,24556151
InfestedCerberus,NarrativeData,NarrativeData<overwrite>,NarrativeData.lua,defined,1,,InfestedCerberus,渊狱魔兽,,1.139672,24556151
NPC_Achilles_01,NarrativeData,NarrativeData<overwrite>,NarrativeData.lua,defined,1,,NPC_Achilles_01,阿喀琉斯,,1.139672,24556151
NPC_Apollo_Story_01,NarrativeData,NarrativeData<overwrite>,NarrativeData.lua,defined,1,,NPC_Apollo_Story_01,阿波罗,,1.139672,24556151
NPC_Arachne_01,NarrativeData,NarrativeData<overwrite>,NarrativeData.lua,defined,2,,NPC_Arachne_01,阿拉克涅,,1.139672,24556151
NPC_Arachne_Home_01,NarrativeData,NarrativeData<overwrite>,NarrativeData.lua,defined,2,,NPC_Arachne_Home_01,阿拉克涅,,1.139672,24556151
NPC_Artemis_01,NarrativeData,NarrativeData<overwrite>,NarrativeData.lua,defined,2,,NPC_Artemis_01,阿尔忒弥斯,,1.139672,24556151
NPC_Artemis_Field_01,NarrativeData,NarrativeData<overwrite>,NarrativeData.lua,defined,2,NPC_Artemis_01,NPC_Artemis_Field_01,阿尔忒弥斯,,1.139672,24556151
NPC_Athena_01,NarrativeData,NarrativeData<overwrite>,NarrativeData.lua,defined,2,,NPC_Athena_01,雅典娜,,1.139672,24556151
NPC_Bouldy_01,NarrativeData,NarrativeData<overwrite>,NarrativeData.lua,defined,1,,NPC_Bouldy_01,怪石,,1.139672,24556151
NPC_Cerberus_Field_01,NarrativeData,NarrativeData<overwrite>,NarrativeData.lua,defined,1,,NPC_Cerberus_Field_01,刻耳柏洛斯,,1.139672,24556151
NPC_Cerberus_Story_01,NarrativeData,NarrativeData<overwrite>,NarrativeData.lua,defined,1,,,,,1.139672,24556151
NPC_Charon_01,NarrativeData,NarrativeData<overwrite>,NarrativeData.lua,defined,2,,NPC_Charon_01,卡戎,,1.139672,24556151
NPC_Chronos_01,NarrativeData,NarrativeData<overwrite>,NarrativeData.lua,defined,1,,NPC_Chronos_01,克洛诺斯,,1.139672,24556151
NPC_Chronos_02,NarrativeData,NarrativeData<overwrite>,NarrativeData.lua,defined,2,,NPC_Chronos_02,克洛诺斯,,1.139672,24556151
NPC_Chronos_Story_01,NarrativeData,NarrativeData<overwrite>,NarrativeData.lua,defined,1,,NPC_Chronos_Story_01,克洛诺斯,,1.139672,24556151
NPC_Circe_01,NarrativeData,NarrativeData<overwrite>,NarrativeData.lua,defined,2,,NPC_Circe_01,喀耳刻,,1.139672,24556151
NPC_Demeter_Story_01,NarrativeData,NarrativeData<overwrite>,NarrativeData.lua,defined,1,,NPC_Demeter_Story_01,得墨忒尔,,1.139672,24556151
NPC_Dionysus_01,NarrativeData,NarrativeData<overwrite>,NarrativeData.lua,defined,2,,NPC_Dionysus_01,迪奥尼索司,,1.139672,24556151
NPC_Dora_01,NarrativeData,NarrativeData<overwrite>,NarrativeData.lua,defined,3,,NPC_Dora_01,朵拉,,1.139672,24556151
NPC_Echo_01,NarrativeData,NarrativeData<overwrite>,NarrativeData.lua,defined,2,,NPC_Echo_01,回声,,1.139672,24556151
NPC_Eris_01,NarrativeData,NarrativeData<overwrite>,NarrativeData.lua,defined,4,,NPC_Eris_01,厄里斯,,1.139672,24556151
NPC_Hades_02,NarrativeData,NarrativeData<overwrite>,NarrativeData.lua,defined,1,,NPC_Hades_02,哈迪斯,,1.139672,24556151
NPC_Hades_Field_01,NarrativeData,NarrativeData<overwrite>,NarrativeData.lua,defined,2,,NPC_Hades_Field_01,哈迪斯,,1.139672,24556151
NPC_Hecate_01,NarrativeData,NarrativeData<overwrite>,NarrativeData.lua,defined,5,,NPC_Hecate_01,赫卡忒,,1.139672,24556151
NPC_Hecate_Story_01,NarrativeData,NarrativeData<overwrite>,NarrativeData.lua,defined,2,,NPC_Hecate_Story_01,赫卡忒,,1.139672,24556151
NPC_Heracles_01,NarrativeData,NarrativeData<overwrite>,NarrativeData.lua,defined,5,,NPC_Heracles_01,赫拉克勒斯,,1.139672,24556151
NPC_Hermes_01,NarrativeData,NarrativeData<overwrite>,NarrativeData.lua,defined,2,,NPC_Hermes_01,赫尔墨斯,,1.139672,24556151
NPC_Hypnos_01,NarrativeData,NarrativeData<overwrite>,NarrativeData.lua,defined,3,,NPC_Hypnos_01,修普诺斯,,1.139672,24556151
NPC_Hypnos_02,NarrativeData,NarrativeData<overwrite>,NarrativeData.lua,defined,2,,NPC_Hypnos_02,修普诺斯,,1.139672,24556151
NPC_Hypnos_03,NarrativeData,NarrativeData<overwrite>,NarrativeData.lua,defined,2,,NPC_Hypnos_03,修普诺斯,,1.139672,24556151
NPC_Hypnos_04,NarrativeData,NarrativeData<overwrite>,NarrativeData.lua,defined,2,,NPC_Hypnos_04,修普诺斯,,1.139672,24556151
NPC_Hypnos_DreamRun,NarrativeData,NarrativeData<overwrite>,NarrativeData.lua,defined,2,,NPC_Hypnos_DreamRun,修普诺斯,,1.139672,24556151
NPC_Icarus_01,NarrativeData,NarrativeData<overwrite>,NarrativeData.lua,defined,4,,NPC_Icarus_01,伊卡洛斯,,1.139672,24556151
NPC_Medea_01,NarrativeData,NarrativeData<overwrite>,NarrativeData.lua,defined,2,,NPC_Medea_01,美狄亚,,1.139672,24556151
NPC_Melinoe_Story_01,NarrativeData,NarrativeData<overwrite>,NarrativeData.lua,defined,1,,,,,1.139672,24556151
NPC_Moros_01,NarrativeData,NarrativeData<overwrite>,NarrativeData.lua,defined,4,,NPC_Moros_01,摩罗斯,,1.139672,24556151
NPC_Narcissus_01,NarrativeData,NarrativeData<overwrite>,NarrativeData.lua,defined,2,,NPC_Narcissus_01,纳西索斯,,1.139672,24556151
NPC_Narcissus_Field_01,NarrativeData,NarrativeData<overwrite>,NarrativeData.lua,defined,2,,NPC_Narcissus_Field_01,纳西索斯,,1.139672,24556151
NPC_Nemesis_01,NarrativeData,NarrativeData<overwrite>,NarrativeData.lua,defined,7,,NPC_Nemesis_01,涅墨西斯,,1.139672,24556151
NPC_Nyx_01,NarrativeData,NarrativeData<overwrite>,NarrativeData.lua,defined,1,,NPC_Nyx_01,倪克斯,,1.139672,24556151
NPC_Nyx_Story_01,NarrativeData,NarrativeData<overwrite>,NarrativeData.lua,defined,4,,NPC_Nyx_Story_01,倪克斯,,1.139672,24556151
NPC_Odysseus_01,NarrativeData,NarrativeData<overwrite>,NarrativeData.lua,defined,3,,NPC_Odysseus_01,奥德修斯,,1.139672,24556151
NPC_Persephone_01,NarrativeData,NarrativeData<overwrite>,NarrativeData.lua,defined,5,,NPC_Persephone_01,珀尔塞福涅,,1.139672,24556151
NPC_Selene_01,NarrativeData,NarrativeData<overwrite>,NarrativeData.lua,defined,1,,NPC_Selene_01,塞勒涅,,1.139672,24556151
NPC_Skelly_01,NarrativeData,NarrativeData<overwrite>,NarrativeData.lua,defined,2,,NPC_Skelly_01,瑟勒米乌斯,,1.139672,24556151
NPC_Zagreus_01,NarrativeData,NarrativeData<overwrite>,NarrativeData.lua,defined,7,,NPC_Zagreus_01,扎格列欧斯,,1.139672,24556151
NPC_Zagreus_Past_01,NarrativeData,NarrativeData<overwrite>,NarrativeData.lua,defined,1,,NPC_Zagreus_Past_01,扎格列欧斯,,1.139672,24556151
NPC_Zeus_Story_01,NarrativeData,NarrativeData<overwrite>,NarrativeData.lua,defined,1,,NPC_Zeus_Story_01,宙斯,,1.139672,24556151
Polyphemus,NarrativeData,NarrativeData<overwrite>,NarrativeData.lua,defined,1,,Polyphemus,波吕斐摩斯,,1.139672,24556151
PoseidonUpgrade,NarrativeData,NarrativeData<overwrite>,NarrativeData.lua,defined,3,,PoseidonUpgrade,波塞冬,,1.139672,24556151
Prometheus,NarrativeData,NarrativeData<overwrite>,NarrativeData.lua,defined,2,,Prometheus,普罗米修斯,,1.139672,24556151
Scylla,NarrativeData,NarrativeData<overwrite>,NarrativeData.lua,defined,1,,Scylla,斯库拉,,1.139672,24556151
SpellDrop,NarrativeData,NarrativeData<overwrite>,NarrativeData.lua,defined,2,,SpellDrop,塞勒涅,,1.139672,24556151
TrialUpgrade,NarrativeData,NarrativeData<overwrite>,NarrativeData.lua,defined,2,,TrialUpgrade,卡俄斯,,1.139672,24556151
TyphonHead,NarrativeData,NarrativeData<overwrite>,NarrativeData.lua,defined,2,,TyphonHead,提丰,,1.139672,24556151
Zagreus,NarrativeData,NarrativeData<overwrite>,NarrativeData.lua,defined,2,,Zagreus,扎格列欧斯,,1.139672,24556151
ZeusUpgrade,NarrativeData,NarrativeData<overwrite>,NarrativeData.lua,defined,3,,ZeusUpgrade,宙斯,,1.139672,24556151
F,NextRoomSets,NextRoomSets,RoomSets.lua,stub,0,,F,F,,1.139672,24556151
G,NextRoomSets,NextRoomSets,RoomSets.lua,stub,0,,G,G,,1.139672,24556151
H,NextRoomSets,NextRoomSets,RoomSets.lua,stub,0,,H,H,,1.139672,24556151
N,NextRoomSets,NextRoomSets,RoomSets.lua,stub,0,,N,N,,1.139672,24556151
N_SubRooms,NextRoomSets,NextRoomSets,RoomSets.lua,stub,0,,,,,1.139672,24556151
O,NextRoomSets,NextRoomSets,RoomSets.lua,stub,0,,O,O,,1.139672,24556151
P,NextRoomSets,NextRoomSets,RoomSets.lua,stub,0,,P,P,,1.139672,24556151
AdminGhost01,ObstacleData,ObstacleData,ObstacleData.lua,defined,2,BaseGhost;SmallEmotes,,,,1.139672,24556151
AmmoPack,ObstacleData,ObstacleData,ObstacleData.lua,defined,2,,,,,1.139672,24556151
AnomalyAutoExitDoor,ObstacleData,ObstacleData,ObstacleData.lua,defined,3,ExitDoor,,,,1.139672,24556151
ArachneCocoon,ObstacleData,ObstacleData,ObstacleData.lua,defined,12,BaseDestructible,,,,1.139672,24556151
ArachneCocoonLarge,ObstacleData,ObstacleData,ObstacleData.lua,defined,4,ArachneCocoon,,,,1.139672,24556151
ArachneCocoonLarge_G,ObstacleData,ObstacleData,ObstacleData.lua,defined,2,ArachneCocoonLarge,,,,1.139672,24556151
ArachneCocoonMedium,ObstacleData,ObstacleData,ObstacleData.lua,defined,4,ArachneCocoon,,,,1.139672,24556151
ArachneCocoonMedium_G,ObstacleData,ObstacleData,ObstacleData.lua,defined,2,ArachneCocoonMedium,,,,1.139672,24556151
ArachneCocoon_G,ObstacleData,ObstacleData,ObstacleData.lua,defined,2,ArachneCocoon,,,,1.139672,24556151
AsphodelBoat01b,ObstacleData,ObstacleData,ObstacleData.lua,defined,12,ExitDoor,,,,1.139672,24556151
AsphodelBoulder01,ObstacleData,ObstacleData,ObstacleData.lua,defined,4,BaseDestructible,,,,1.139672,24556151
AsphodelBrazier01,ObstacleData,ObstacleData,ObstacleData.lua,defined,1,,,,,1.139672,24556151
AsphodelBrazier02,ObstacleData,ObstacleData,ObstacleData.lua,defined,1,,,,,1.139672,24556151
AsphodelBrazier03,ObstacleData,ObstacleData,ObstacleData.lua,defined,1,,,,,1.139672,24556151
AsphodelBricksquare02,ObstacleData,ObstacleData,ObstacleData.lua,defined,1,,,,,1.139672,24556151
AsphodelDestructibleStalagmite,ObstacleData,ObstacleData,ObstacleData.lua,defined,6,BaseDestructible,,,,1.139672,24556151
AsphodelDestructibleStalagmiteA,ObstacleData,ObstacleData,ObstacleData.lua,defined,3,,,,,1.139672,24556151
AsphodelDestructibleStalagmiteB,ObstacleData,ObstacleData,ObstacleData.lua,defined,3,,,,,1.139672,24556151
AsphodelDestructibleStalagmiteC,ObstacleData,ObstacleData,ObstacleData.lua,defined,2,,,,,1.139672,24556151
AsphodelGhost01,ObstacleData,ObstacleData,ObstacleData.lua,stub,1,BaseGhost,,,,1.139672,24556151
AsphodelLavaJelly01,ObstacleData,ObstacleData,ObstacleData.lua,defined,2,BaseDestructible,,,,1.139672,24556151
AsphodelPillar06,ObstacleData,ObstacleData,ObstacleData.lua,defined,4,,,,,1.139672,24556151
AsphodelPillar06A,ObstacleData,ObstacleData,ObstacleData.lua,defined,3,,,,,1.139672,24556151
AsphodelPillar06B,ObstacleData,ObstacleData,ObstacleData.lua,defined,3,,,,,1.139672,24556151
AsphodelPillar06C,ObstacleData,ObstacleData,ObstacleData.lua,defined,2,,,,,1.139672,24556151
AsphodelPillar08,ObstacleData,ObstacleData,ObstacleData.lua,defined,1,,,,,1.139672,24556151
AsphodelRock02,ObstacleData,ObstacleData,ObstacleData.lua,defined,2,BaseDestructible,,,,1.139672,24556151
AsphodelSkull,ObstacleData,ObstacleData,ObstacleData.lua,defined,6,BaseDestructible,,,,1.139672,24556151
AsphodelStalagmite05,ObstacleData,ObstacleData,ObstacleData.lua,defined,3,BaseDestructible,,,,1.139672,24556151
AsphodelTerrainRock01,ObstacleData,ObstacleData,ObstacleData.lua,defined,6,BaseDestructible,,,,1.139672,24556151
AsphodelTerrainRock02,ObstacleData,ObstacleData,ObstacleData.lua,stub,1,AsphodelTerrainRock01,,,,1.139672,24556151
AsphodelTerrainRock03,ObstacleData,ObstacleData,ObstacleData.lua,stub,1,AsphodelTerrainRock01,,,,1.139672,24556151
AsphodelTombstone01,ObstacleData,ObstacleData,ObstacleData.lua,defined,1,,,,,1.139672,24556151
AsphodelTombstone01b,ObstacleData,ObstacleData,ObstacleData.lua,defined,1,,,,,1.139672,24556151
AsphodelWallRock04,ObstacleData,ObstacleData,ObstacleData.lua,defined,1,,,,,1.139672,24556151
AsphodelWallRock05,ObstacleData,ObstacleData,ObstacleData.lua,defined,1,,,,,1.139672,24556151
AsphodelWallRock12,ObstacleData,ObstacleData,ObstacleData.lua,defined,1,,,,,1.139672,24556151
AtmosphereGlow01,ObstacleData,ObstacleData,ObstacleData.lua,defined,1,,,,,1.139672,24556151
BadgeSellerGhost01,ObstacleData,ObstacleData,ObstacleData.lua,stub,1,BaseGhost,,,,1.139672,24556151
BartenderGhost01,ObstacleData,ObstacleData,ObstacleData.lua,stub,1,BaseGhost,,,,1.139672,24556151
BaseBreakable,ObstacleData,ObstacleData,ObstacleData.lua,defined,15,BaseDestructible,,,,1.139672,24556151
BaseDestructible,ObstacleData,ObstacleData,ObstacleData.lua,defined,6,,,,,1.139672,24556151
BaseEmotes,ObstacleData,ObstacleData,ObstacleData.lua,defined,1,,,,,1.139672,24556151
BaseGhost,ObstacleData,ObstacleData,ObstacleData.lua,defined,4,BaseDestructible;BaseEmotes,,,,1.139672,24556151
BaseIndestructibleHitFx,ObstacleData,ObstacleData,ObstacleData.lua,defined,2,BaseIndestructibleNoShakeHitFx,,,,1.139672,24556151
BaseIndestructibleNoShakeHitFx,ObstacleData,ObstacleData,ObstacleData.lua,defined,2,,,,,1.139672,24556151
BigGhost01,ObstacleData,ObstacleData,ObstacleData.lua,defined,2,BaseGhost;LargeEmotes,,,,1.139672,24556151
BoatGate,ObstacleData,ObstacleData,ObstacleData.lua,defined,4,,,,,1.139672,24556151
Breakable_B,ObstacleData,ObstacleData,ObstacleData.lua,defined,3,BaseBreakable,,,,1.139672,24556151
Breakable_Chaos,ObstacleData,ObstacleData,ObstacleData.lua,defined,3,BaseBreakable,,,,1.139672,24556151
Breakable_F,ObstacleData,ObstacleData,ObstacleData.lua,defined,3,BaseBreakable,,,,1.139672,24556151
Breakable_G,ObstacleData,ObstacleData<overwrite>,ObstacleDataG.lua,defined,4,BaseBreakable,,,,1.139672,24556151
Breakable_I,ObstacleData,ObstacleData<overwrite>,ObstacleDataI.lua,defined,4,BaseBreakable,,,,1.139672,24556151
Breakable_N,ObstacleData,ObstacleData<overwrite>,ObstacleDataN.lua,defined,5,BaseBreakable,,,,1.139672,24556151
Breakable_O,ObstacleData,ObstacleData<overwrite>,ObstacleDataO.lua,defined,4,BaseBreakable,,,,1.139672,24556151
Breakable_P,ObstacleData,ObstacleData<overwrite>,ObstacleDataP.lua,defined,5,BaseBreakable,,,,1.139672,24556151
Breakable_Q,ObstacleData,ObstacleData<overwrite>,ObstacleDataQ.lua,defined,5,BaseBreakable,,,,1.139672,24556151
BrokerGhost01,ObstacleData,ObstacleData,ObstacleData.lua,stub,1,BaseGhost,,,,1.139672,24556151
CW3DGear01,ObstacleData,ObstacleData<overwrite>,ObstacleDataI.lua,defined,1,,,,,1.139672,24556151
CW3DGear02,ObstacleData,ObstacleData<overwrite>,ObstacleDataI.lua,stub,1,CW3DGear01,,,,1.139672,24556151
CW3DGear03,ObstacleData,ObstacleData<overwrite>,ObstacleDataI.lua,stub,1,CW3DGear01,,,,1.139672,24556151
CW3DGear04,ObstacleData,ObstacleData<overwrite>,ObstacleDataI.lua,stub,1,CW3DGear01,,,,1.139672,24556151
CWDoor01,ObstacleData,ObstacleData<overwrite>,ObstacleDataI.lua,defined,5,,,,HouseFrontDoorUsedPresentation,1.139672,24556151
CWTartarusDestructiblePillar,ObstacleData,ObstacleData<overwrite>,ObstacleDataI.lua,defined,3,,,,,1.139672,24556151
CWTartarusDestructiblePillarB,ObstacleData,ObstacleData<overwrite>,ObstacleDataI.lua,defined,3,,,,,1.139672,24556151
CWTartarusDestructiblePillarC,ObstacleData,ObstacleData<overwrite>,ObstacleDataI.lua,defined,3,,,,,1.139672,24556151
CWTartarusDestructiblePillarD,ObstacleData,ObstacleData<overwrite>,ObstacleDataI.lua,defined,2,,,,,1.139672,24556151
CWTartarusExitDoor,ObstacleData,ObstacleData<overwrite>,ObstacleDataI.lua,defined,9,ExitDoor,,,,1.139672,24556151
CWTartarusRubble01,ObstacleData,ObstacleData<overwrite>,ObstacleDataI.lua,defined,6,BaseDestructible,,,,1.139672,24556151
CWTartarusRubble02,ObstacleData,ObstacleData<overwrite>,ObstacleDataI.lua,stub,1,CWTartarusRubble01,,,,1.139672,24556151
CWTerrainToggle01,ObstacleData,ObstacleData<overwrite>,ObstacleDataI.lua,defined,4,ClockworkToggleCover,,,,1.139672,24556151
CWTerrainToggle02,ObstacleData,ObstacleData<overwrite>,ObstacleDataI.lua,defined,4,ClockworkToggleCover,,,,1.139672,24556151
CWTerrainToggle03,ObstacleData,ObstacleData<overwrite>,ObstacleDataI.lua,defined,4,ClockworkToggleCover,,,,1.139672,24556151
CandleFlame,ObstacleData,ObstacleData,ObstacleData.lua,defined,2,,,,,1.139672,24556151
CandleWisp,ObstacleData,ObstacleData,ObstacleData.lua,defined,1,,,,,1.139672,24556151
CapturePointSwitch,ObstacleData,ObstacleData,ObstacleData.lua,defined,2,,,,StartCapturePointEncounter,1.139672,24556151
ChallengeSwitch,ObstacleData,ObstacleData,ObstacleData.lua,defined,24,,ChallengeSwitch,地狱宝藏,AttemptUseChallengeSwitch,1.139672,24556151
CharonTogglePillar,ObstacleData,ObstacleData,ObstacleData.lua,defined,3,,,,,1.139672,24556151
ChefGhost01,ObstacleData,ObstacleData,ObstacleData.lua,defined,4,BaseGhost,,,,1.139672,24556151
ChronosBossDoor,ObstacleData,ObstacleData<overwrite>,ObstacleDataI.lua,defined,16,ExitDoor,,,,1.139672,24556151
ChronosBossExitDoor,ObstacleData,ObstacleData<overwrite>,ObstacleDataI.lua,defined,6,ExitDoor,,,,1.139672,24556151
ChronosRemains,ObstacleData,ObstacleData<overwrite>,ObstacleDataI.lua,defined,8,,,,ChronosRemainsPresentation,1.139672,24556151
ChronosRemainsBroken,ObstacleData,ObstacleData<overwrite>,ObstacleDataI.lua,stub,1,ChronosRemains,,,,1.139672,24556151
ClampWall_Bottom,ObstacleData,ObstacleData,ObstacleData.lua,stub,0,,,,,1.139672,24556151
ClampWall_Left,ObstacleData,ObstacleData,ObstacleData.lua,stub,0,,,,,1.139672,24556151
ClampWall_Right,ObstacleData,ObstacleData,ObstacleData.lua,stub,0,,,,,1.139672,24556151
ClampWall_Top,ObstacleData,ObstacleData,ObstacleData.lua,stub,0,,,,,1.139672,24556151
ClockworkMovingCover,ObstacleData,ObstacleData<overwrite>,ObstacleDataI.lua,defined,2,,,,,1.139672,24556151
ClockworkToggleCover,ObstacleData,ObstacleData<overwrite>,ObstacleDataI.lua,defined,5,,,,,1.139672,24556151
CrossroadsAmbientBirdC,ObstacleData,ObstacleData,ObstacleData.lua,defined,2,,,,,1.139672,24556151
CrossroadsAmbientCatA,ObstacleData,ObstacleData,ObstacleData.lua,defined,3,,,,,1.139672,24556151
CrossroadsAmbientCatB,ObstacleData,ObstacleData,ObstacleData.lua,defined,2,CrossroadsAmbientCatA,,,,1.139672,24556151
CrossroadsAmbientCatC,ObstacleData,ObstacleData,ObstacleData.lua,defined,2,CrossroadsAmbientCatA,,,,1.139672,24556151
CrossroadsAmbientCatD,ObstacleData,ObstacleData,ObstacleData.lua,defined,2,CrossroadsAmbientCatA,,,,1.139672,24556151
CrossroadsAmbientCatE,ObstacleData,ObstacleData,ObstacleData.lua,defined,2,CrossroadsAmbientCatA,,,,1.139672,24556151
CrossroadsAmbientCatF,ObstacleData,ObstacleData,ObstacleData.lua,defined,2,CrossroadsAmbientCatA,,,,1.139672,24556151
CrossroadsAmbientDogA,ObstacleData,ObstacleData,ObstacleData.lua,defined,4,,,,,1.139672,24556151
CrossroadsAmbientDogB,ObstacleData,ObstacleData,ObstacleData.lua,defined,2,CrossroadsAmbientDogA,,,,1.139672,24556151
CrossroadsAmbientDogC,ObstacleData,ObstacleData,ObstacleData.lua,defined,2,CrossroadsAmbientDogA,,,,1.139672,24556151
CrossroadsAmbientFrogA,ObstacleData,ObstacleData,ObstacleData.lua,defined,3,BaseIndestructibleNoShakeHitFx,,,,1.139672,24556151
CrossroadsAmbientFrogB,ObstacleData,ObstacleData,ObstacleData.lua,defined,2,CrossroadsAmbientFrogA,,,,1.139672,24556151
CrossroadsAmbientFrogC,ObstacleData,ObstacleData,ObstacleData.lua,defined,2,CrossroadsAmbientFrogA,,,,1.139672,24556151
CrossroadsAmbientFrogD,ObstacleData,ObstacleData,ObstacleData.lua,defined,2,CrossroadsAmbientFrogA,,,,1.139672,24556151
CrossroadsAmbientRatA,ObstacleData,ObstacleData,ObstacleData.lua,defined,2,,,,,1.139672,24556151
CrossroadsAmbientRatB,ObstacleData,ObstacleData,ObstacleData.lua,defined,2,CrossroadsAmbientRatA,,,,1.139672,24556151
CrossroadsAmbientRatC,ObstacleData,ObstacleData,ObstacleData.lua,defined,2,CrossroadsAmbientRatA,,,,1.139672,24556151
CrossroadsBasket01,ObstacleData,ObstacleData,ObstacleData.lua,defined,2,BaseIndestructibleHitFx,,,,1.139672,24556151
CrossroadsBasket02,ObstacleData,ObstacleData,ObstacleData.lua,stub,1,BaseIndestructibleHitFx,,,,1.139672,24556151
CrossroadsBasket03,ObstacleData,ObstacleData,ObstacleData.lua,stub,1,BaseIndestructibleHitFx,,,,1.139672,24556151
CrossroadsCatScratcher01,ObstacleData,ObstacleData,ObstacleData.lua,defined,2,BaseIndestructibleHitFx,,,,1.139672,24556151
CrossroadsChair01,ObstacleData,ObstacleData,ObstacleData.lua,stub,1,BaseIndestructibleHitFx,,,,1.139672,24556151
CrossroadsFamilyPortrait02,ObstacleData,ObstacleData,ObstacleData.lua,defined,10,,,,ViewPortraitPresentation,1.139672,24556151
CrossroadsMelStatue01,ObstacleData,ObstacleData,ObstacleData.lua,stub,0,,,,,1.139672,24556151
CrossroadsMelStatue02,ObstacleData,ObstacleData,ObstacleData.lua,stub,1,CrossroadsMelStatue01,,,,1.139672,24556151
CrossroadsMelStatue03,ObstacleData,ObstacleData,ObstacleData.lua,stub,1,CrossroadsMelStatue01,,,,1.139672,24556151
CrossroadsShadeSign01,ObstacleData,ObstacleData,ObstacleData.lua,defined,1,,,,,1.139672,24556151
CrossroadsTrainingDummy01,ObstacleData,ObstacleData,ObstacleData.lua,defined,3,BaseIndestructibleHitFx,,,,1.139672,24556151
DieHardFanShade,ObstacleData,ObstacleData<overwrite>,ObstacleDataH.lua,defined,19,,,,UseExorcismPoint,1.139672,24556151
EliteChallengeSwitch,ObstacleData,ObstacleData,ObstacleData.lua,defined,15,ChallengeSwitch,EliteChallengeSwitch,明月碑石,,1.139672,24556151
EliteChallengeSwitch_MaxMana,ObstacleData,ObstacleData,ObstacleData.lua,defined,6,EliteChallengeSwitch,,,,1.139672,24556151
EliteChallengeSwitch_Talent,ObstacleData,ObstacleData,ObstacleData.lua,defined,7,EliteChallengeSwitch,,,,1.139672,24556151
ElysiumBush01,ObstacleData,ObstacleData,ObstacleData.lua,defined,2,,,,,1.139672,24556151
ElysiumBush02,ObstacleData,ObstacleData,ObstacleData.lua,defined,2,,,,,1.139672,24556151
ElysiumDestructiblePillar,ObstacleData,ObstacleData,ObstacleData.lua,defined,3,,,,,1.139672,24556151
ElysiumDestructiblePillarB,ObstacleData,ObstacleData,ObstacleData.lua,defined,3,,,,,1.139672,24556151
ElysiumDestructiblePillarC,ObstacleData,ObstacleData,ObstacleData.lua,defined,8,,,,,1.139672,24556151
ElysiumExitDoor,ObstacleData,ObstacleData,ObstacleData.lua,stub,0,,,,,1.139672,24556151
ElysiumGhost01,ObstacleData,ObstacleData,ObstacleData.lua,stub,1,BaseGhost,,,,1.139672,24556151
ElysiumPillar05,ObstacleData,ObstacleData,ObstacleData.lua,defined,1,,,,,1.139672,24556151
ElysiumPillar06,ObstacleData,ObstacleData,ObstacleData.lua,defined,2,,,,,1.139672,24556151
ElysiumPillar06B,ObstacleData,ObstacleData,ObstacleData.lua,defined,2,,,,,1.139672,24556151
ElysiumPlanter01,ObstacleData,ObstacleData,ObstacleData.lua,defined,1,,,,,1.139672,24556151
ElysiumPlanter02,ObstacleData,ObstacleData,ObstacleData.lua,defined,1,,,,,1.139672,24556151
ElysiumRubble04,ObstacleData,ObstacleData,ObstacleData.lua,defined,4,BaseDestructible,,,,1.139672,24556151
EphyraBarrel01,ObstacleData,ObstacleData<overwrite>,ObstacleDataN.lua,defined,2,BaseIndestructibleHitFx,,,,1.139672,24556151
EphyraBarrelShelf01,ObstacleData,ObstacleData<overwrite>,ObstacleDataN.lua,defined,8,BaseDestructible,,,,1.139672,24556151
EphyraBarricade01,ObstacleData,ObstacleData<overwrite>,ObstacleDataN.lua,defined,2,BaseIndestructibleHitFx,,,,1.139672,24556151
EphyraBrazier01,ObstacleData,ObstacleData<overwrite>,ObstacleDataN.lua,stub,1,BaseIndestructibleHitFx,,,,1.139672,24556151
EphyraBugs,ObstacleData,ObstacleData<overwrite>,ObstacleDataN.lua,defined,1,,,,,1.139672,24556151
EphyraCentaurChariot01,ObstacleData,ObstacleData<overwrite>,ObstacleDataN.lua,defined,2,BaseIndestructibleHitFx,,,,1.139672,24556151
EphyraChair01,ObstacleData,ObstacleData<overwrite>,ObstacleDataN.lua,defined,2,BaseIndestructibleHitFx,,,,1.139672,24556151
EphyraCrate01,ObstacleData,ObstacleData<overwrite>,ObstacleDataN.lua,defined,2,BaseIndestructibleHitFx,,,,1.139672,24556151
EphyraCrateSet01,ObstacleData,ObstacleData<overwrite>,ObstacleDataN.lua,defined,2,BaseIndestructibleNoShakeHitFx,,,,1.139672,24556151
EphyraExitBossDoor,ObstacleData,ObstacleData<overwrite>,ObstacleDataN.lua,defined,17,ExitDoor,,,,1.139672,24556151
EphyraExitDoor,ObstacleData,ObstacleData<overwrite>,ObstacleDataN.lua,defined,18,ExitDoor,,,,1.139672,24556151
EphyraExitDoorReturn,ObstacleData,ObstacleData<overwrite>,ObstacleDataN.lua,defined,9,ExitDoor,,,,1.139672,24556151
EphyraExitDoorReturnNE,ObstacleData,ObstacleData<overwrite>,ObstacleDataN.lua,defined,2,EphyraExitDoorReturn,,,,1.139672,24556151
EphyraFishBasket01,ObstacleData,ObstacleData<overwrite>,ObstacleDataN.lua,defined,2,BaseIndestructibleHitFx,,,,1.139672,24556151
EphyraFishTraps01,ObstacleData,ObstacleData<overwrite>,ObstacleDataN.lua,stub,1,BaseIndestructibleHitFx,,,,1.139672,24556151
EphyraHaybale01,ObstacleData,ObstacleData<overwrite>,ObstacleDataN.lua,defined,2,BaseIndestructibleHitFx,,,,1.139672,24556151
EphyraHubExitBarrier,ObstacleData,ObstacleData<overwrite>,ObstacleDataN.lua,defined,7,,,,LockedSurfaceRunPresentation,1.139672,24556151
EphyraLantern01,ObstacleData,ObstacleData<overwrite>,ObstacleDataN.lua,stub,1,BaseIndestructibleHitFx,,,,1.139672,24556151
EphyraSacks01,ObstacleData,ObstacleData<overwrite>,ObstacleDataN.lua,defined,2,BaseIndestructibleHitFx,,,,1.139672,24556151
EphyraShields01,ObstacleData,ObstacleData<overwrite>,ObstacleDataN.lua,defined,2,BaseIndestructibleHitFx,,,,1.139672,24556151
EphyraTable01,ObstacleData,ObstacleData<overwrite>,ObstacleDataN.lua,defined,2,BaseIndestructibleNoShakeHitFx,,,,1.139672,24556151
EphyraVase01,ObstacleData,ObstacleData<overwrite>,ObstacleDataN.lua,stub,1,BaseIndestructibleHitFx,,,,1.139672,24556151
EphyraVase02,ObstacleData,ObstacleData<overwrite>,ObstacleDataN.lua,defined,7,BaseDestructible,,,,1.139672,24556151
EphyraWeaponrack01,ObstacleData,ObstacleData<overwrite>,ObstacleDataN.lua,defined,2,BaseIndestructibleHitFx,,,,1.139672,24556151
EphyraWheelBarrow01,ObstacleData,ObstacleData<overwrite>,ObstacleDataN.lua,defined,2,BaseIndestructibleHitFx,,,,1.139672,24556151
EphyraZoomObject,ObstacleData,ObstacleData<overwrite>,ObstacleDataN.lua,defined,14,,,,EphyraZoomOut,1.139672,24556151
ErebusExitDoor,ObstacleData,ObstacleData,ObstacleData.lua,defined,9,ExitDoor,,,,1.139672,24556151
ErebusExitDoor_FBoss,ObstacleData,ObstacleData,ObstacleData.lua,defined,4,ErebusExitDoor,,,,1.139672,24556151
ErebusRiverGhost_Interactive,ObstacleData,ObstacleData,ObstacleData.lua,defined,1,,,,,1.139672,24556151
ErebusWebs01,ObstacleData,ObstacleData,ObstacleData.lua,defined,7,BaseDestructible,,,,1.139672,24556151
ErebusWebs02,ObstacleData,ObstacleData,ObstacleData.lua,defined,2,ErebusWebs01,,,,1.139672,24556151
ErebusWebs03,ObstacleData,ObstacleData,ObstacleData.lua,defined,2,ErebusWebs01,,,,1.139672,24556151
ErebusWebs04,ObstacleData,ObstacleData,ObstacleData.lua,defined,2,ErebusWebs01,,,,1.139672,24556151
ErebusWebs05,ObstacleData,ObstacleData,ObstacleData.lua,defined,2,ErebusWebs01,,,,1.139672,24556151
ErebusWebs06,ObstacleData,ObstacleData,ObstacleData.lua,defined,2,ErebusWebs01,,,,1.139672,24556151
ExitDoor,ObstacleData,ObstacleData,ObstacleData.lua,defined,13,,,,,1.139672,24556151
ExorcismPoint,ObstacleData,ObstacleData,ObstacleData.lua,defined,10,BaseEmotes,,,UseExorcismPoint,1.139672,24556151
FamiliarKit,ObstacleData,ObstacleData,ObstacleData.lua,defined,1,,,,,1.139672,24556151
FieldsBossExitDoor,ObstacleData,ObstacleData<overwrite>,ObstacleDataH.lua,defined,8,ExitDoor,,,,1.139672,24556151
FieldsDestructiblePillar01,ObstacleData,ObstacleData<overwrite>,ObstacleDataH.lua,defined,3,,,,,1.139672,24556151
FieldsDestructiblePillar01A,ObstacleData,ObstacleData<overwrite>,ObstacleDataH.lua,defined,3,,,,,1.139672,24556151
FieldsDestructiblePillar01B,ObstacleData,ObstacleData<overwrite>,ObstacleDataH.lua,defined,2,,,,,1.139672,24556151
FieldsExitDoor,ObstacleData,ObstacleData<overwrite>,ObstacleDataH.lua,defined,17,ExitDoor,,,,1.139672,24556151
FieldsRewardCage,ObstacleData,ObstacleData<overwrite>,ObstacleDataH.lua,defined,6,,,,StartFieldsEncounter,1.139672,24556151
FieldsRewardFinder,ObstacleData,ObstacleData<overwrite>,ObstacleDataH.lua,defined,9,,,,UseFieldsRewardFinder,1.139672,24556151
FieldsStatueHead01Eyeball,ObstacleData,ObstacleData<overwrite>,ObstacleDataH.lua,defined,1,,,,,1.139672,24556151
FieldsStatueHead02,ObstacleData,ObstacleData<overwrite>,ObstacleDataH.lua,defined,1,,,,,1.139672,24556151
FieldsStatueHead02Eyeball,ObstacleData,ObstacleData<overwrite>,ObstacleDataH.lua,stub,1,FieldsStatueHead01Eyeball,,,,1.139672,24556151
FieldsTerrainGoldenLeaves01a,ObstacleData,ObstacleData<overwrite>,ObstacleDataH.lua,defined,1,,,,,1.139672,24556151
FishingPoint,ObstacleData,ObstacleData,ObstacleData.lua,defined,9,,FishingPoint,钓鱼点,UseFishingPoint,1.139672,24556151
FortressMainDoor,ObstacleData,ObstacleData<overwrite>,ObstacleDataQ.lua,defined,11,ExitDoor,,,,1.139672,24556151
GhostInspectPoint,ObstacleData,ObstacleData,ObstacleData.lua,defined,2,,,,,1.139672,24556151
GhostRecruit,ObstacleData,ObstacleData,ObstacleData.lua,defined,3,BaseEmotes,,,,1.139672,24556151
GiftRack,ObstacleData,ObstacleData,ObstacleData.lua,defined,7,,,,UseKeepsakeRack,1.139672,24556151
GlowPulseBSlow,ObstacleData,ObstacleData,ObstacleData.lua,defined,1,,,,,1.139672,24556151
H_GhostWall,ObstacleData,ObstacleData<overwrite>,ObstacleDataH.lua,defined,2,,,,,1.139672,24556151
H_GhostWall_Sparse,ObstacleData,ObstacleData<overwrite>,ObstacleDataH.lua,defined,2,,,,,1.139672,24556151
H_PostBossDoor,ObstacleData,ObstacleData<overwrite>,ObstacleDataH.lua,defined,11,ExitDoor,,,,1.139672,24556151
H_TallGrass,ObstacleData,ObstacleData<overwrite>,ObstacleDataH.lua,defined,8,BaseDestructible,,,,1.139672,24556151
HarvestPoint,ObstacleData,ObstacleData,ObstacleData.lua,defined,8,,HarvestPoint,植物,UseHarvestPoint,1.139672,24556151
HealthFountain,ObstacleData,ObstacleData,ObstacleData.lua,defined,11,,,,UseHealthFountain,1.139672,24556151
HealthFountainAsphodel,ObstacleData,ObstacleData,ObstacleData.lua,defined,9,,,,UseHealthFountain,1.139672,24556151
HealthFountainDream01,ObstacleData,ObstacleData,ObstacleData.lua,defined,2,HealthFountain,,,,1.139672,24556151
HealthFountainDream02,ObstacleData,ObstacleData,ObstacleData.lua,defined,2,HealthFountain,,,,1.139672,24556151
HealthFountainDream03,ObstacleData,ObstacleData,ObstacleData.lua,defined,2,HealthFountain,,,,1.139672,24556151
HealthFountainElysium,ObstacleData,ObstacleData,ObstacleData.lua,defined,9,,,,UseHealthFountain,1.139672,24556151
HealthFountainF,ObstacleData,ObstacleData,ObstacleData.lua,defined,2,HealthFountain,,,,1.139672,24556151
HealthFountainG,ObstacleData,ObstacleData<overwrite>,ObstacleDataG.lua,defined,2,HealthFountain,,,,1.139672,24556151
HealthFountainH,ObstacleData,ObstacleData,ObstacleData.lua,defined,2,HealthFountain,,,,1.139672,24556151
HealthFountainN,ObstacleData,ObstacleData<overwrite>,ObstacleDataN.lua,defined,4,HealthFountain,,,,1.139672,24556151
HealthFountainO,ObstacleData,ObstacleData<overwrite>,ObstacleDataO.lua,defined,2,HealthFountain,,,,1.139672,24556151
HealthFountainP,ObstacleData,ObstacleData<overwrite>,ObstacleDataP.lua,defined,2,HealthFountain,,,,1.139672,24556151
HouseBarrel01,ObstacleData,ObstacleData<overwrite>,ObstacleDataN.lua,defined,2,BaseIndestructibleHitFx,,,,1.139672,24556151
HouseBasket01,ObstacleData,ObstacleData,ObstacleData.lua,stub,1,BaseIndestructibleHitFx,,,,1.139672,24556151
HouseBasketFish01,ObstacleData,ObstacleData<overwrite>,ObstacleDataN.lua,defined,2,BaseIndestructibleHitFx,,,,1.139672,24556151
HouseFiles02,ObstacleData,ObstacleData,ObstacleData.lua,stub,1,BaseIndestructibleHitFx,,,,1.139672,24556151
HousePaintingPersephone01,ObstacleData,ObstacleData,ObstacleData.lua,defined,1,,,,,1.139672,24556151
HousePillar01,ObstacleData,ObstacleData,ObstacleData.lua,defined,1,,,,,1.139672,24556151
HouseStyx01,ObstacleData,ObstacleData,ObstacleData.lua,defined,2,,,,,1.139672,24556151
HouseTerrainTransporter,ObstacleData,ObstacleData,ObstacleData.lua,defined,1,,,,,1.139672,24556151
HouseVase01,ObstacleData,ObstacleData,ObstacleData.lua,defined,7,BaseDestructible,,,,1.139672,24556151
HouseVase02,ObstacleData,ObstacleData,ObstacleData.lua,defined,2,HouseVase01,,,,1.139672,24556151
HouseVase04,ObstacleData,ObstacleData,ObstacleData.lua,defined,2,HouseVase01,,,,1.139672,24556151
HouseVase05,ObstacleData,ObstacleData,ObstacleData.lua,defined,2,HouseVase01,,,,1.139672,24556151
HouseVase06,ObstacleData,ObstacleData,ObstacleData.lua,defined,2,HouseVase01,,,,1.139672,24556151
HubGardenPlot,ObstacleData,ObstacleData,ObstacleData.lua,defined,13,,,,UseGardenPlot,1.139672,24556151
HypnosCutout,ObstacleData,ObstacleData,ObstacleData.lua,defined,6,,,,AttemptUseDreamRunExit,1.139672,24556151
InspectPoint,ObstacleData,ObstacleData,ObstacleData.lua,defined,5,,,,UseInspectPoint,1.139672,24556151
LargeEmotes,ObstacleData,ObstacleData,ObstacleData.lua,defined,1,,,,,1.139672,24556151
LightAngularCircle01,ObstacleData,ObstacleData,ObstacleData.lua,defined,1,,,,,1.139672,24556151
LightEllipse02,ObstacleData,ObstacleData,ObstacleData.lua,defined,1,,,,,1.139672,24556151
LightEllipse02Anim,ObstacleData,ObstacleData,ObstacleData.lua,defined,1,,,,,1.139672,24556151
ManaFountain,ObstacleData,ObstacleData,ObstacleData.lua,defined,9,,,,UseManaFountain,1.139672,24556151
MediumGhost01,ObstacleData,ObstacleData,ObstacleData.lua,defined,2,BaseGhost;LargeEmotes,,,,1.139672,24556151
MetaRewardStand,ObstacleData,ObstacleData,ObstacleData.lua,defined,13,,,,AttemptUseChallengeSwitch,1.139672,24556151
MetaUpgradeScreen,ObstacleData,ObstacleData,ObstacleData.lua,defined,1,,,,,1.139672,24556151
NPC_SatyrGuest_Dance,ObstacleData,ObstacleData<overwrite>,ObstacleDataP.lua,defined,4,,,,,1.139672,24556151
NPC_SatyrGuest_Drink,ObstacleData,ObstacleData<overwrite>,ObstacleDataP.lua,defined,4,,,,,1.139672,24556151
NPC_SatyrGuest_HandsBehindBack,ObstacleData,ObstacleData<overwrite>,ObstacleDataP.lua,defined,4,,,,,1.139672,24556151
NPC_SatyrGuest_Sit,ObstacleData,ObstacleData<overwrite>,ObstacleDataP.lua,defined,2,,,,,1.139672,24556151
NPC_SatyrGuest_Stand,ObstacleData,ObstacleData<overwrite>,ObstacleDataP.lua,defined,4,,,,,1.139672,24556151
N_OpeningDoor,ObstacleData,ObstacleData<overwrite>,ObstacleDataN.lua,defined,14,ExitDoor,,,,1.139672,24556151
N_SubRoomDoor,ObstacleData,ObstacleData<overwrite>,ObstacleDataN.lua,defined,13,ExitDoor,,,,1.139672,24556151
N_SubRoomDoorReturn,ObstacleData,ObstacleData<overwrite>,ObstacleDataN.lua,defined,10,ExitDoor,,,,1.139672,24556151
OceanusExitDoor,ObstacleData,ObstacleData<overwrite>,ObstacleDataG.lua,defined,18,ExitDoor,,,,1.139672,24556151
OlympusCharoncrow01,ObstacleData,ObstacleData<overwrite>,ObstacleDataP.lua,defined,9,BaseIndestructibleHitFx,,,UseLockedSystemObjectPresentation,1.139672,24556151
OlympusCorpseAutomatonBeamerA,ObstacleData,ObstacleData<overwrite>,ObstacleDataP.lua,defined,2,OlympusCorpseSentryBotA,,,,1.139672,24556151
OlympusCorpseAutomatonBeamerB,ObstacleData,ObstacleData<overwrite>,ObstacleDataP.lua,stub,1,OlympusCorpseAutomatonBeamerA,,,,1.139672,24556151
OlympusCorpseAutomatonBeamerC,ObstacleData,ObstacleData<overwrite>,ObstacleDataP.lua,stub,1,OlympusCorpseAutomatonBeamerA,,,,1.139672,24556151
OlympusCorpseAutomatonEnforcerA,ObstacleData,ObstacleData<overwrite>,ObstacleDataP.lua,defined,2,OlympusCorpseSentryBotA,,,,1.139672,24556151
OlympusCorpseAutomatonEnforcerB,ObstacleData,ObstacleData<overwrite>,ObstacleDataP.lua,stub,1,OlympusCorpseAutomatonEnforcerA,,,,1.139672,24556151
OlympusCorpseAutomatonEnforcerC,ObstacleData,ObstacleData<overwrite>,ObstacleDataP.lua,stub,1,OlympusCorpseAutomatonEnforcerA,,,,1.139672,24556151
OlympusCorpseSentryBotA,ObstacleData,ObstacleData<overwrite>,ObstacleDataP.lua,defined,8,BaseDestructible,,,,1.139672,24556151
OlympusCorpseSentryBotB,ObstacleData,ObstacleData<overwrite>,ObstacleDataP.lua,stub,1,OlympusCorpseSentryBotA,,,,1.139672,24556151
OlympusCorpseSentryBotC,ObstacleData,ObstacleData<overwrite>,ObstacleDataP.lua,stub,1,OlympusCorpseSentryBotA,,,,1.139672,24556151
OlympusDestructiblePillar,ObstacleData,ObstacleData<overwrite>,ObstacleDataP.lua,defined,3,,,,,1.139672,24556151
OlympusDestructiblePillarA,ObstacleData,ObstacleData<overwrite>,ObstacleDataP.lua,defined,3,,,,,1.139672,24556151
OlympusDestructiblePillarB,ObstacleData,ObstacleData<overwrite>,ObstacleDataP.lua,defined,3,,,,,1.139672,24556151
OlympusDestructiblePillarC,ObstacleData,ObstacleData<overwrite>,ObstacleDataP.lua,defined,2,,,,,1.139672,24556151
OlympusIcicle01,ObstacleData,ObstacleData<overwrite>,ObstacleDataP.lua,defined,6,BaseDestructible,,,,1.139672,24556151
OlympusIcicle01_Sky,ObstacleData,ObstacleData<overwrite>,ObstacleDataP.lua,defined,2,OlympusIcicle01,,,,1.139672,24556151
OlympusIndoorExitDoor,ObstacleData,ObstacleData<overwrite>,ObstacleDataP.lua,defined,10,ExitDoor,,,,1.139672,24556151
OlympusOutdoorExitDoor,ObstacleData,ObstacleData<overwrite>,ObstacleDataP.lua,defined,18,ExitDoor,,,,1.139672,24556151
OlympusPalaceAphrodite01,ObstacleData,ObstacleData<overwrite>,ObstacleDataP.lua,defined,1,,,,,1.139672,24556151
OlympusPalaceApollo01,ObstacleData,ObstacleData<overwrite>,ObstacleDataP.lua,defined,1,,,,,1.139672,24556151
OlympusPalaceAres,ObstacleData,ObstacleData<overwrite>,ObstacleDataP.lua,defined,1,,,,,1.139672,24556151
OlympusPalaceArtemis01,ObstacleData,ObstacleData<overwrite>,ObstacleDataP.lua,defined,1,,,,,1.139672,24556151
OlympusPalaceAthena01,ObstacleData,ObstacleData<overwrite>,ObstacleDataP.lua,defined,1,,,,,1.139672,24556151
OlympusPalaceDemeter01,ObstacleData,ObstacleData<overwrite>,ObstacleDataP.lua,defined,1,,,,,1.139672,24556151
OlympusPalaceDionysus01,ObstacleData,ObstacleData<overwrite>,ObstacleDataP.lua,defined,1,,,,,1.139672,24556151
OlympusPalaceHaephestus01,ObstacleData,ObstacleData<overwrite>,ObstacleDataP.lua,defined,1,,,,,1.139672,24556151
OlympusPalaceHera01,ObstacleData,ObstacleData<overwrite>,ObstacleDataP.lua,defined,1,,,,,1.139672,24556151
OlympusPalaceHermes01,ObstacleData,ObstacleData<overwrite>,ObstacleDataP.lua,defined,1,,,,,1.139672,24556151
OlympusPalaceHestia01,ObstacleData,ObstacleData<overwrite>,ObstacleDataP.lua,defined,1,,,,,1.139672,24556151
OlympusPalacePoseidon01,ObstacleData,ObstacleData<overwrite>,ObstacleDataP.lua,defined,1,,,,,1.139672,24556151
OlympusPalaceZeus01,ObstacleData,ObstacleData<overwrite>,ObstacleDataP.lua,defined,1,,,,,1.139672,24556151
OlympusRubble01,ObstacleData,ObstacleData<overwrite>,ObstacleDataP.lua,defined,5,BaseDestructible,,,,1.139672,24556151
OverlookPoint,ObstacleData,ObstacleData,ObstacleData.lua,defined,1,,,,OverlookAdvanced,1.139672,24556151
PerfectClearChallengeSwitch_MaxHealth,ObstacleData,ObstacleData,ObstacleData.lua,defined,6,PerfectClearSwitch,,,,1.139672,24556151
PerfectClearChallengeSwitch_Pom,ObstacleData,ObstacleData,ObstacleData.lua,defined,6,PerfectClearSwitch,,,,1.139672,24556151
PerfectClearSwitch,ObstacleData,ObstacleData,ObstacleData.lua,defined,14,ChallengeSwitch,,,,1.139672,24556151
PickaxePoint,ObstacleData,ObstacleData,ObstacleData.lua,defined,10,,PickaxePoint,矿藏,UsePickaxePoint,1.139672,24556151
PoisonCure,ObstacleData,ObstacleData<overwrite>,ObstacleDataN.lua,defined,10,,,,UsePoisonCure,1.139672,24556151
PoisonCure_Destroyed,ObstacleData,ObstacleData<overwrite>,ObstacleDataN.lua,defined,1,,,,,1.139672,24556151
PolyphemusBoulder,ObstacleData,ObstacleData<overwrite>,ObstacleDataN.lua,defined,8,BaseDestructible,,,,1.139672,24556151
PolyphemusBoulderRubble,ObstacleData,ObstacleData<overwrite>,ObstacleDataN.lua,defined,7,BaseDestructible,,,,1.139672,24556151
PortalSpawner,ObstacleData,ObstacleData,ObstacleData.lua,defined,2,,,,,1.139672,24556151
PostBossDoor,ObstacleData,ObstacleData,ObstacleData.lua,defined,12,ExitDoor,,,,1.139672,24556151
RespawnEgg,ObstacleData,ObstacleData,ObstacleData.lua,defined,5,,RespawnEgg,复生之蛹,RespawnEggPickedUp,1.139672,24556151
RespawningCover,ObstacleData,ObstacleData,ObstacleData.lua,defined,9,BaseDestructible,,,,1.139672,24556151
SecretDoor,ObstacleData,ObstacleData,ObstacleData.lua,defined,22,ExitDoor,,,,1.139672,24556151
SecretExitDoor,ObstacleData,ObstacleData,ObstacleData.lua,defined,12,SecretDoor,,,,1.139672,24556151
SellTraitShop,ObstacleData,ObstacleData,ObstacleData.lua,defined,11,,SellTraitShop,净化之池,AttemptUseChallengeSwitch,1.139672,24556151
ShadeAsphodelIdle01,ObstacleData,ObstacleData,ObstacleData.lua,stub,1,BaseGhost;SmallEmotes,,,,1.139672,24556151
ShadeClockworkIdle01,ObstacleData,ObstacleData<overwrite>,ObstacleDataI.lua,stub,1,BaseGhost;SmallEmotes,,,,1.139672,24556151
ShadeClockworkSwaySW01,ObstacleData,ObstacleData<overwrite>,ObstacleDataI.lua,defined,2,BaseGhost;SmallEmotes,,,,1.139672,24556151
ShadeElysiumIdle01,ObstacleData,ObstacleData,ObstacleData.lua,stub,1,BaseGhost;SmallEmotes,,,,1.139672,24556151
ShadeEphyraIdle01,ObstacleData,ObstacleData<overwrite>,ObstacleDataN.lua,stub,1,BaseGhost;SmallEmotes,,,,1.139672,24556151
ShadeErebusIdle01,ObstacleData,ObstacleData,ObstacleData.lua,stub,1,BaseGhost;SmallEmotes,,,,1.139672,24556151
ShadeFieldsGreyIdle01,ObstacleData,ObstacleData<overwrite>,ObstacleDataH.lua,defined,2,BaseGhost;SmallEmotes,,,,1.139672,24556151
ShadeFieldsRedIdle01,ObstacleData,ObstacleData<overwrite>,ObstacleDataH.lua,stub,1,BaseGhost;SmallEmotes,,,,1.139672,24556151
ShadeHubBerriesIdle01,ObstacleData,ObstacleData,ObstacleData.lua,defined,2,BaseGhost;SmallEmotes,,,,1.139672,24556151
ShadeHubBroomIdle01,ObstacleData,ObstacleData,ObstacleData.lua,defined,2,BaseGhost;SmallEmotes,,,,1.139672,24556151
ShadeHubGarlicIdle01,ObstacleData,ObstacleData,ObstacleData.lua,defined,2,BaseGhost;SmallEmotes,,,,1.139672,24556151
ShadeHubGuardIdle01,ObstacleData,ObstacleData,ObstacleData.lua,defined,2,BaseGhost;LargeEmotes,,,,1.139672,24556151
ShadeHubHatIdle01,ObstacleData,ObstacleData,ObstacleData.lua,defined,2,BaseGhost;SmallEmotes,,,,1.139672,24556151
ShadeHubIdle01,ObstacleData,ObstacleData,ObstacleData.lua,defined,2,BaseGhost;SmallEmotes,,,,1.139672,24556151
ShadeHubLIdle01,ObstacleData,ObstacleData,ObstacleData.lua,defined,2,BaseGhost;LargeEmotes,,,,1.139672,24556151
ShadeHubLNecklaceIdle01,ObstacleData,ObstacleData,ObstacleData.lua,stub,1,BaseGhost;LargeEmotes,,,,1.139672,24556151
ShadeHubMIdle01,ObstacleData,ObstacleData,ObstacleData.lua,defined,2,BaseGhost;SmallEmotes,,,,1.139672,24556151
ShadeHubSIdle01,ObstacleData,ObstacleData,ObstacleData.lua,defined,4,BaseGhost;SmallEmotes,,,,1.139672,24556151
ShadeHubTBowtieIdle01,ObstacleData,ObstacleData,ObstacleData.lua,stub,1,BaseGhost;SmallEmotes,,,,1.139672,24556151
ShadeHubTChefIdle01,ObstacleData,ObstacleData,ObstacleData.lua,stub,1,BaseGhost;SmallEmotes,,,,1.139672,24556151
ShadeHubTChefIdle02,ObstacleData,ObstacleData,ObstacleData.lua,stub,1,BaseGhost;SmallEmotes,,,,1.139672,24556151
ShadeHubTIdle01,ObstacleData,ObstacleData,ObstacleData.lua,defined,2,BaseGhost;SmallEmotes,,,,1.139672,24556151
ShadeHubTowelIdle01,ObstacleData,ObstacleData,ObstacleData.lua,stub,1,BaseGhost;SmallEmotes,,,,1.139672,24556151
ShadeHubWaterIdle01,ObstacleData,ObstacleData,ObstacleData.lua,defined,2,BaseGhost;SmallEmotes,,,,1.139672,24556151
ShadeOceanusMIdle01,ObstacleData,ObstacleData<overwrite>,ObstacleDataG.lua,stub,1,BaseGhost;SmallEmotes,,,,1.139672,24556151
ShadeOceanusSIdle01,ObstacleData,ObstacleData<overwrite>,ObstacleDataG.lua,stub,1,BaseGhost;SmallEmotes,,,,1.139672,24556151
ShadeOceanusTIdle01,ObstacleData,ObstacleData<overwrite>,ObstacleDataG.lua,stub,1,BaseGhost;SmallEmotes,,,,1.139672,24556151
ShadeShipsFiveIdle01,ObstacleData,ObstacleData<overwrite>,ObstacleDataO.lua,stub,1,BaseGhost;SmallEmotes,,,,1.139672,24556151
ShadeShipsFiveSwaySW01,ObstacleData,ObstacleData<overwrite>,ObstacleDataO.lua,stub,1,BaseGhost;SmallEmotes,,,,1.139672,24556151
ShadeShipsOneIdle01,ObstacleData,ObstacleData<overwrite>,ObstacleDataO.lua,stub,1,BaseGhost;SmallEmotes,,,,1.139672,24556151
ShadeShipsOneSwaySW01,ObstacleData,ObstacleData<overwrite>,ObstacleDataO.lua,stub,1,BaseGhost;SmallEmotes,,,,1.139672,24556151
ShadeShipsThreeIdle01,ObstacleData,ObstacleData<overwrite>,ObstacleDataO.lua,stub,1,BaseGhost;SmallEmotes,,,,1.139672,24556151
ShadeShipsThreeSwaySW01,ObstacleData,ObstacleData<overwrite>,ObstacleDataO.lua,stub,1,BaseGhost;SmallEmotes,,,,1.139672,24556151
ShadeTyphonIdle01,ObstacleData,ObstacleData<overwrite>,ObstacleDataQ.lua,stub,1,BaseGhost;SmallEmotes,,,,1.139672,24556151
ShipsBarrel01,ObstacleData,ObstacleData<overwrite>,ObstacleDataO.lua,defined,2,BaseIndestructibleHitFx,,,,1.139672,24556151
ShipsBucket01,ObstacleData,ObstacleData<overwrite>,ObstacleDataO.lua,defined,2,BaseIndestructibleHitFx,,,,1.139672,24556151
ShipsChest01,ObstacleData,ObstacleData<overwrite>,ObstacleDataO.lua,defined,2,BaseIndestructibleHitFx,,,,1.139672,24556151
ShipsCrate01,ObstacleData,ObstacleData<overwrite>,ObstacleDataO.lua,defined,2,BaseIndestructibleHitFx,,,,1.139672,24556151
ShipsExitDoor,ObstacleData,ObstacleData<overwrite>,ObstacleDataO.lua,defined,10,ExitDoor,,,,1.139672,24556151
ShipsJerkyhoard01,ObstacleData,ObstacleData<overwrite>,ObstacleDataO.lua,defined,8,BaseDestructible,,,,1.139672,24556151
ShipsPostBossDoor,ObstacleData,ObstacleData<overwrite>,ObstacleDataO.lua,defined,6,PostBossDoor,,,,1.139672,24556151
ShipsPowerCell,ObstacleData,ObstacleData<overwrite>,ObstacleDataO.lua,defined,1,,,,,1.139672,24556151
ShipsSackGroup01,ObstacleData,ObstacleData<overwrite>,ObstacleDataO.lua,defined,2,BaseIndestructibleHitFx,,,,1.139672,24556151
ShipsSackGroup02,ObstacleData,ObstacleData<overwrite>,ObstacleDataO.lua,defined,2,BaseIndestructibleHitFx,,,,1.139672,24556151
ShipsStatue01,ObstacleData,ObstacleData<overwrite>,ObstacleDataO.lua,defined,2,,,,,1.139672,24556151
ShipsStatue01_Destroyed,ObstacleData,ObstacleData<overwrite>,ObstacleDataO.lua,defined,2,,,,,1.139672,24556151
ShipsSteeringWheel,ObstacleData,ObstacleData<overwrite>,ObstacleDataO.lua,defined,17,,,,,1.139672,24556151
ShipsSteeringWheelLeft,ObstacleData,ObstacleData<overwrite>,ObstacleDataO.lua,defined,13,,,,,1.139672,24556151
ShipsSteeringWheelRight,ObstacleData,ObstacleData<overwrite>,ObstacleDataO.lua,defined,13,,,,,1.139672,24556151
ShipsTableGroup01,ObstacleData,ObstacleData<overwrite>,ObstacleDataO.lua,defined,2,BaseIndestructibleHitFx,,,,1.139672,24556151
ShovelPoint,ObstacleData,ObstacleData,ObstacleData.lua,defined,10,,,,UseShovelPoint,1.139672,24556151
SmallEmotes,ObstacleData,ObstacleData,ObstacleData.lua,defined,1,,,,,1.139672,24556151
SmallGhost01,ObstacleData,ObstacleData,ObstacleData.lua,defined,3,BaseGhost;TinyEmotes,,,,1.139672,24556151
SmokeRising,ObstacleData,ObstacleData,ObstacleData.lua,defined,1,,,,,1.139672,24556151
SmokeRisingHardBright,ObstacleData,ObstacleData,ObstacleData.lua,defined,1,,,,,1.139672,24556151
StatueTrap_Demeter,ObstacleData,ObstacleData<overwrite>,ObstacleDataP.lua,defined,4,StatueTrap_Zeus,,,,1.139672,24556151
StatueTrap_Hestia,ObstacleData,ObstacleData<overwrite>,ObstacleDataP.lua,defined,4,StatueTrap_Zeus,,,,1.139672,24556151
StatueTrap_Poseidon,ObstacleData,ObstacleData<overwrite>,ObstacleDataP.lua,defined,4,StatueTrap_Zeus,,,,1.139672,24556151
StatueTrap_Zeus,ObstacleData,ObstacleData<overwrite>,ObstacleDataP.lua,defined,17,,,,UseGodStatueTrap,1.139672,24556151
StyxDestructiblePillar,ObstacleData,ObstacleData,ObstacleData.lua,defined,3,,,,,1.139672,24556151
StyxDestructiblePillarA,ObstacleData,ObstacleData,ObstacleData.lua,defined,3,,,,,1.139672,24556151
StyxDestructiblePillarB,ObstacleData,ObstacleData,ObstacleData.lua,defined,3,,,,,1.139672,24556151
StyxDestructiblePillarC,ObstacleData,ObstacleData,ObstacleData.lua,defined,2,,,,,1.139672,24556151
SurfaceDestructiblePillar,ObstacleData,ObstacleData<overwrite>,ObstacleDataN.lua,defined,3,,,,,1.139672,24556151
SurfaceDestructiblePillarA,ObstacleData,ObstacleData<overwrite>,ObstacleDataN.lua,defined,3,,,,,1.139672,24556151
SurfaceDestructiblePillarB,ObstacleData,ObstacleData<overwrite>,ObstacleDataN.lua,defined,3,,,,,1.139672,24556151
SurfaceDestructiblePillarC,ObstacleData,ObstacleData<overwrite>,ObstacleDataN.lua,defined,2,,,,,1.139672,24556151
SurfaceGravemarker01,ObstacleData,ObstacleData<overwrite>,ObstacleDataN.lua,defined,2,TartarusRubble02,,,,1.139672,24556151
SurfaceGravemarker02,ObstacleData,ObstacleData<overwrite>,ObstacleDataN.lua,stub,1,TartarusRubble02,,,,1.139672,24556151
SurfaceGravemarker04,ObstacleData,ObstacleData<overwrite>,ObstacleDataN.lua,stub,1,TartarusRubble02,,,,1.139672,24556151
SurfaceGravemarker06,ObstacleData,ObstacleData<overwrite>,ObstacleDataN.lua,stub,1,TartarusRubble02,,,,1.139672,24556151
SurfaceRubble02b,ObstacleData,ObstacleData<overwrite>,ObstacleDataN.lua,defined,2,TartarusRubble02,,,,1.139672,24556151
SurfaceShop,ObstacleData,ObstacleData<overwrite>,ObstacleDataN.lua,defined,13,,SurfaceShop,赫尔墨斯的神龛,AttemptUseChallengeSwitch,1.139672,24556151
TallGhost01,ObstacleData,ObstacleData,ObstacleData.lua,defined,3,BaseGhost;SmallEmotes,,,,1.139672,24556151
TartarusBarrel01,ObstacleData,ObstacleData<overwrite>,ObstacleDataN.lua,defined,2,BaseIndestructibleHitFx,,,,1.139672,24556151
TartarusCubeBrick03,ObstacleData,ObstacleData,ObstacleData.lua,defined,3,,,,,1.139672,24556151
TartarusCubeBrick05,ObstacleData,ObstacleData,ObstacleData.lua,defined,1,,,,,1.139672,24556151
TartarusDoor03b,ObstacleData,ObstacleData,ObstacleData.lua,defined,9,ExitDoor,,,,1.139672,24556151
TartarusFencePicket02,ObstacleData,ObstacleData,ObstacleData.lua,defined,1,,,,,1.139672,24556151
TartarusFireGlow,ObstacleData,ObstacleData,ObstacleData.lua,defined,1,,,,,1.139672,24556151
TartarusFlame,ObstacleData,ObstacleData,ObstacleData.lua,defined,2,,,,,1.139672,24556151
TartarusGhost01,ObstacleData,ObstacleData,ObstacleData.lua,defined,3,BaseGhost,,,,1.139672,24556151
TartarusHalfPillarBase04,ObstacleData,ObstacleData,ObstacleData.lua,defined,3,,,,,1.139672,24556151
TartarusHalfPillarBase04A,ObstacleData,ObstacleData,ObstacleData.lua,defined,3,,,,,1.139672,24556151
TartarusHalfPillarBase04B,ObstacleData,ObstacleData,ObstacleData.lua,defined,3,,,,,1.139672,24556151
TartarusHalfPillarBase04C,ObstacleData,ObstacleData,ObstacleData.lua,defined,2,,,,,1.139672,24556151
TartarusPillarBase04,ObstacleData,ObstacleData,ObstacleData.lua,defined,3,,,,,1.139672,24556151
TartarusPillarBase04A,ObstacleData,ObstacleData,ObstacleData.lua,defined,3,,,,,1.139672,24556151
TartarusPillarBase04B,ObstacleData,ObstacleData,ObstacleData.lua,defined,3,,,,,1.139672,24556151
TartarusPillarBase04C,ObstacleData,ObstacleData,ObstacleData.lua,defined,2,,,,,1.139672,24556151
TartarusPillarBase09,ObstacleData,ObstacleData,ObstacleData.lua,defined,1,,,,,1.139672,24556151
TartarusRubble02,ObstacleData,ObstacleData,ObstacleData.lua,defined,5,BaseDestructible,,,,1.139672,24556151
TartarusRubble02b,ObstacleData,ObstacleData,ObstacleData.lua,stub,1,TartarusRubble02,,,,1.139672,24556151
TartarusRubble02c,ObstacleData,ObstacleData,ObstacleData.lua,stub,1,TartarusRubble02,,,,1.139672,24556151
TartarusRubble03,ObstacleData,ObstacleData,ObstacleData.lua,stub,0,,,,,1.139672,24556151
TartarusRubble05,ObstacleData,ObstacleData,ObstacleData.lua,defined,2,BaseDestructible,,,,1.139672,24556151
TartarusRubble06,ObstacleData,ObstacleData,ObstacleData.lua,defined,2,BaseDestructible,,,,1.139672,24556151
TartarusWallBrick10,ObstacleData,ObstacleData,ObstacleData.lua,defined,1,,,,,1.139672,24556151
TartarusWallBrick13,ObstacleData,ObstacleData,ObstacleData.lua,defined,1,,,,,1.139672,24556151
TimeChallengeSwitch_Money,ObstacleData,ObstacleData,ObstacleData.lua,defined,7,ChallengeSwitch,,,,1.139672,24556151
TimeTrap,ObstacleData,ObstacleData,ObstacleData.lua,defined,3,,,,,1.139672,24556151
TimeTrapA,ObstacleData,ObstacleData,ObstacleData.lua,defined,3,,,,,1.139672,24556151
TimeTrapB,ObstacleData,ObstacleData,ObstacleData.lua,defined,2,,,,,1.139672,24556151
TinyEmotes,ObstacleData,ObstacleData,ObstacleData.lua,defined,1,,,,,1.139672,24556151
TorchFlame,ObstacleData,ObstacleData,ObstacleData.lua,defined,2,,,,,1.139672,24556151
TrialUpgrade,ObstacleData,ObstacleData,ObstacleData.lua,defined,1,,TrialUpgrade,卡俄斯,,1.139672,24556151
TyphonDestructiblePillar01,ObstacleData,ObstacleData<overwrite>,ObstacleDataQ.lua,defined,4,,,,,1.139672,24556151
TyphonDestructiblePillar01_Destroyed,ObstacleData,ObstacleData<overwrite>,ObstacleDataQ.lua,defined,1,,,,,1.139672,24556151
TyphonDestructiblePillar02,ObstacleData,ObstacleData<overwrite>,ObstacleDataQ.lua,defined,3,TyphonDestructiblePillar01,,,,1.139672,24556151
TyphonDestructiblePillar02_Destroyed,ObstacleData,ObstacleData<overwrite>,ObstacleDataQ.lua,defined,1,,,,,1.139672,24556151
TyphonDestructiblePillar03,ObstacleData,ObstacleData<overwrite>,ObstacleDataQ.lua,defined,3,TyphonDestructiblePillar01,,,,1.139672,24556151
TyphonDestructiblePillar03_Destroyed,ObstacleData,ObstacleData<overwrite>,ObstacleDataQ.lua,defined,1,,,,,1.139672,24556151
TyphonDestructiblePillar04,ObstacleData,ObstacleData<overwrite>,ObstacleDataQ.lua,defined,3,TyphonDestructiblePillar01,,,,1.139672,24556151
TyphonDestructiblePillar04_Destroyed,ObstacleData,ObstacleData<overwrite>,ObstacleDataQ.lua,defined,1,,,,,1.139672,24556151
TyphonExitDoor,ObstacleData,ObstacleData<overwrite>,ObstacleDataQ.lua,defined,20,ExitDoor,,,,1.139672,24556151
TyphonSpike,ObstacleData,ObstacleData<overwrite>,ObstacleDataQ.lua,defined,10,BaseDestructible,,,,1.139672,24556151
WellShop,ObstacleData,ObstacleData,ObstacleData.lua,defined,9,,WellShop,卡戎之井,AttemptUseChallengeSwitch,1.139672,24556151
WheatClusterC,ObstacleData,ObstacleData<overwrite>,ObstacleDataH.lua,defined,6,BaseDestructible,,,,1.139672,24556151
WheatClusterC_Light,ObstacleData,ObstacleData<overwrite>,ObstacleDataH.lua,stub,1,WheatClusterC,,,,1.139672,24556151
WheatClusterC_LightB,ObstacleData,ObstacleData<overwrite>,ObstacleDataH.lua,stub,1,WheatClusterC,,,,1.139672,24556151
WheatClusterC_Lines,ObstacleData,ObstacleData<overwrite>,ObstacleDataH.lua,stub,1,WheatClusterC,,,,1.139672,24556151
ZagContract,ObstacleData,ObstacleData,ObstacleData.lua,defined,11,ExitDoor,,,,1.139672,24556151
_Impassable_Tile64IsoUnitsOnly_Short,ObstacleData,ObstacleData,ObstacleData.lua,stub,0,,,,,1.139672,24556151
_Impassable_Tile64IsoUnitsOnly_Tall,ObstacleData,ObstacleData,ObstacleData.lua,stub,0,,,,,1.139672,24556151
Divisor,PercentFormatNamesLookup,PercentFormatNamesLookup,UIData.lua,stub,0,,,,,1.139672,24556151
LuckModifiedPercent,PercentFormatNamesLookup,PercentFormatNamesLookup,UIData.lua,stub,0,,,,,1.139672,24556151
NegativePercentDelta,PercentFormatNamesLookup,PercentFormatNamesLookup,UIData.lua,stub,0,,,,,1.139672,24556151
Percent,PercentFormatNamesLookup,PercentFormatNamesLookup,UIData.lua,stub,0,,,,,1.139672,24556151
PercentDelta,PercentFormatNamesLookup,PercentFormatNamesLookup,UIData.lua,stub,0,,,,,1.139672,24556151
PercentHeal,PercentFormatNamesLookup,PercentFormatNamesLookup,UIData.lua,stub,0,,,,,1.139672,24556151
PercentOfBase,PercentFormatNamesLookup,PercentFormatNamesLookup,UIData.lua,stub,0,,,,,1.139672,24556151
PercentReciprocalDelta,PercentFormatNamesLookup,PercentFormatNamesLookup,UIData.lua,stub,0,,,,,1.139672,24556151
TimesOneHundredPercent,PercentFormatNamesLookup,PercentFormatNamesLookup,UIData.lua,stub,0,,,,,1.139672,24556151
DefaultGameStateRequirements,PickaxePointData,PickaxePointData,HarvestData.lua,stub,0,,,,,1.139672,24556151
HarvestPointName,PickaxePointData,PickaxePointData,HarvestData.lua,stub,0,,,,,1.139672,24556151
RoomChanceName,PickaxePointData,PickaxePointData,HarvestData.lua,stub,0,,,,,1.139672,24556151
SpawnChance,PickaxePointData,PickaxePointData,HarvestData.lua,stub,0,,,,,1.139672,24556151
SpawnLimitPerBiome,PickaxePointData,PickaxePointData,HarvestData.lua,stub,0,,,,,1.139672,24556151
ToolName,PickaxePointData,PickaxePointData,HarvestData.lua,stub,0,,,,,1.139672,24556151
WeightedOptions,PickaxePointData,PickaxePointData,HarvestData.lua,stub,0,,,,,1.139672,24556151
clone,Pickle,Pickle,SaveLogic.lua,stub,0,,,,,1.139672,24556151
Pig,PolymorphPresentationData,PolymorphPresentationData,CombatPresentation.lua,defined,13,,,,,1.139672,24556151
Rat,PolymorphPresentationData,PolymorphPresentationData,CombatPresentation.lua,defined,14,,,,,1.139672,24556151
Sheep,PolymorphPresentationData,PolymorphPresentationData,CombatPresentation.lua,defined,13,,,,,1.139672,24556151
YoungMel,PolymorphPresentationData,PolymorphPresentationData,CombatPresentation.lua,defined,12,,,,,1.139672,24556151
DoraNormalAppearArgs,PresetAudioArgs,PresetAudioArgs,AudioData.lua,defined,2,,,,,1.139672,24556151
DoraScaryAppearArgs,PresetAudioArgs,PresetAudioArgs,AudioData.lua,defined,3,,,,,1.139672,24556151
AchillesEndingGreeting,PresetEventArgs,PresetEventArgs,NPCData.lua,defined,3,,,,,1.139672,24556151
ApplyErisCurse,PresetEventArgs,PresetEventArgs,NPCData.lua,defined,1,,,,,1.139672,24556151
ArachneCostumeChoices,PresetEventArgs,PresetEventArgs,NPCData.lua,defined,7,,,,,1.139672,24556151
ArachneHubGreeting,PresetEventArgs,PresetEventArgs,NPCData.lua,defined,4,,,,,1.139672,24556151
ArachneMuttering,PresetEventArgs,PresetEventArgs,NPCData.lua,defined,3,,,,,1.139672,24556151
ArachneMutteringRepeatable,PresetEventArgs,PresetEventArgs,NPCData.lua,defined,2,,,,,1.139672,24556151
ArtemisGreeting,PresetEventArgs,PresetEventArgs,NPCData.lua,defined,4,,,,,1.139672,24556151
ArtemisSinging,PresetEventArgs,PresetEventArgs,NPCData.lua,defined,3,,,,,1.139672,24556151
ArtemisSingingEndTheme,PresetEventArgs,PresetEventArgs,NPCData.lua,defined,3,,,,,1.139672,24556151
ArtemisSingingEndTheme_FromStart,PresetEventArgs,PresetEventArgs,NPCData.lua,defined,1,,,,,1.139672,24556151
ArtemisSingingRandom,PresetEventArgs,PresetEventArgs,NPCData.lua,defined,4,,,,,1.139672,24556151
ArtemisSingingRandom_FromStart,PresetEventArgs,PresetEventArgs,NPCData.lua,defined,2,,,,,1.139672,24556151
ArtemisSinging_FromStart,PresetEventArgs,PresetEventArgs,NPCData.lua,defined,1,,,,,1.139672,24556151
CharonGreeting,PresetEventArgs,PresetEventArgs,NPCData.lua,defined,4,,,,,1.139672,24556151
ChronosGreeting,PresetEventArgs,PresetEventArgs,NPCData.lua,defined,2,,,,,1.139672,24556151
ChronosNightmareGreeting,PresetEventArgs,PresetEventArgs,NPCData.lua,defined,4,,,,,1.139672,24556151
CirceBlessingChoices,PresetEventArgs,PresetEventArgs,NPCData.lua,defined,7,,,,,1.139672,24556151
CirceChanting,PresetEventArgs,PresetEventArgs,NPCData.lua,defined,3,,,,,1.139672,24556151
CirceChantingRepeatable,PresetEventArgs,PresetEventArgs,NPCData.lua,defined,2,,,,,1.139672,24556151
DemeterGreeting,PresetEventArgs,PresetEventArgs,NPCData.lua,defined,2,,,,,1.139672,24556151
DionysusFeasting,PresetEventArgs,PresetEventArgs,NPCData.lua,defined,2,,,,,1.139672,24556151
EchoBenefitChoices,PresetEventArgs,PresetEventArgs,NPCData.lua,defined,7,,,,,1.139672,24556151
ErisCrying,PresetEventArgs,PresetEventArgs,NPCData.lua,defined,5,,,,,1.139672,24556151
ErisGreeting,PresetEventArgs,PresetEventArgs,NPCData.lua,defined,5,,,,,1.139672,24556151
HadesGreeting,PresetEventArgs,PresetEventArgs,NPCData.lua,defined,2,,,,,1.139672,24556151
HadesPersephoneGreeting,PresetEventArgs,PresetEventArgs,NPCData.lua,defined,2,,,,,1.139672,24556151
HadesZagreusChatting,PresetEventArgs,PresetEventArgs,NPCData.lua,defined,3,,,,,1.139672,24556151
HecateFirstGreeting,PresetEventArgs,PresetEventArgs,NPCData.lua,defined,6,,,,,1.139672,24556151
HecateGreeting,PresetEventArgs,PresetEventArgs,NPCData.lua,defined,8,,,,,1.139672,24556151
HecateHiding01,PresetEventArgs,PresetEventArgs,NPCData.lua,defined,3,,,,,1.139672,24556151
HecateHiding02,PresetEventArgs,PresetEventArgs,NPCData.lua,defined,3,,,,,1.139672,24556151
HecateHiding03,PresetEventArgs,PresetEventArgs,NPCData.lua,defined,3,,,,,1.139672,24556151
HeraclesConsideringBathing,PresetEventArgs,PresetEventArgs,NPCData.lua,defined,2,,,,,1.139672,24556151
HermesHubGreeting,PresetEventArgs,PresetEventArgs,NPCData.lua,defined,4,,,,,1.139672,24556151
HypnosDreamGreeting,PresetEventArgs,PresetEventArgs,NPCData.lua,defined,4,,,,,1.139672,24556151
IcarusBenefitChoices,PresetEventArgs,PresetEventArgs,NPCData.lua,defined,7,,,,,1.139672,24556151
IcarusGreeting,PresetEventArgs,PresetEventArgs,NPCData.lua,defined,5,,,,,1.139672,24556151
MedeaCurseChoices,PresetEventArgs,PresetEventArgs,NPCData.lua,defined,7,,,,,1.139672,24556151
MedeaHubGreeting,PresetEventArgs,PresetEventArgs,NPCData.lua,defined,4,,,,,1.139672,24556151
MedeaResearching,PresetEventArgs,PresetEventArgs,NPCData.lua,defined,3,,,,,1.139672,24556151
MedeaResearchingRepeatable,PresetEventArgs,PresetEventArgs,NPCData.lua,defined,2,,,,,1.139672,24556151
MedeaWitchcraft,PresetEventArgs,PresetEventArgs,NPCData.lua,defined,3,,,,,1.139672,24556151
MorosGreeting,PresetEventArgs,PresetEventArgs,NPCData.lua,defined,3,,,,,1.139672,24556151
NarcissusBenefitChoices,PresetEventArgs,PresetEventArgs,NPCData.lua,defined,7,,,,,1.139672,24556151
NarcissusFieldsGreeting,PresetEventArgs,PresetEventArgs,NPCData.lua,defined,3,,,,,1.139672,24556151
NarcissusMuttering,PresetEventArgs,PresetEventArgs,NPCData.lua,defined,3,,,,,1.139672,24556151
NarcissusMutteringContinuous,PresetEventArgs,PresetEventArgs,NPCData.lua,defined,2,,,,,1.139672,24556151
NarcissusMutteringContinuousRepeatable,PresetEventArgs,PresetEventArgs,NPCData.lua,defined,1,,,,,1.139672,24556151
NarcissusMutteringRepeatable,PresetEventArgs,PresetEventArgs,NPCData.lua,defined,2,,,,,1.139672,24556151
NemesisBuyItemChoices,PresetEventArgs,PresetEventArgs,NPCData.lua,defined,5,,,,,1.139672,24556151
NemesisDamageContestArgs,PresetEventArgs,PresetEventArgs,NPCData.lua,defined,10,,,,,1.139672,24556151
NemesisGetFreeItemArgs,PresetEventArgs,PresetEventArgs,NPCData.lua,defined,7,,,,,1.139672,24556151
NemesisGetFreeItemPremiumArgs,PresetEventArgs,PresetEventArgs,NPCData.lua,defined,7,,,,,1.139672,24556151
NemesisGiveTraitForItemChoices,PresetEventArgs,PresetEventArgs,NPCData.lua,defined,5,,,,,1.139672,24556151
NemesisGreeting,PresetEventArgs,PresetEventArgs,NPCData.lua,defined,3,,,,,1.139672,24556151
NemesisRandomEventGreeting,PresetEventArgs,PresetEventArgs,NPCData.lua,defined,4,,,,,1.139672,24556151
NemesisTakeDamageForItemChoices,PresetEventArgs,PresetEventArgs,NPCData.lua,defined,8,,,,,1.139672,24556151
NeoChronosGreeting,PresetEventArgs,PresetEventArgs,NPCData.lua,defined,3,,,,,1.139672,24556151
NyxGreeting,PresetEventArgs,PresetEventArgs,NPCData.lua,defined,3,,,,,1.139672,24556151
OdysseusFeasting,PresetEventArgs,PresetEventArgs,NPCData.lua,defined,2,,,,,1.139672,24556151
OdysseusGreeting,PresetEventArgs,PresetEventArgs,NPCData.lua,defined,3,,,,,1.139672,24556151
OdysseusHideAndSeek,PresetEventArgs,PresetEventArgs,NPCData.lua,defined,2,,,,,1.139672,24556151
OdysseusReturnGreeting,PresetEventArgs,PresetEventArgs,NPCData.lua,defined,3,,,,,1.139672,24556151
RejectionBoonInteract,PresetEventArgs,PresetEventArgs,NPCData.lua,defined,2,,,,,1.139672,24556151
SeleneGreeting,PresetEventArgs,PresetEventArgs,NPCData.lua,defined,2,,,,,1.139672,24556151
SeleneTrueEndingGreeting,PresetEventArgs,PresetEventArgs,NPCData.lua,defined,2,,,,,1.139672,24556151
ZagreusEndingGreeting,PresetEventArgs,PresetEventArgs,NPCData.lua,defined,2,,,,,1.139672,24556151
ZeusHeraFinalGreeting,PresetEventArgs,PresetEventArgs,NPCData.lua,defined,2,,,,,1.139672,24556151
ZeusHeraGreeting,PresetEventArgs,PresetEventArgs,NPCData.lua,defined,2,,,,,1.139672,24556151
AmbientSound,ProjectileThingPropertyNames,ProjectileThingPropertyNames,TraitData.lua,stub,0,,,,,1.139672,24556151
AttachedAnim,ProjectileThingPropertyNames,ProjectileThingPropertyNames,TraitData.lua,stub,0,,,,,1.139672,24556151
Graphic,ProjectileThingPropertyNames,ProjectileThingPropertyNames,TraitData.lua,stub,0,,,,,1.139672,24556151
Boon,RerollCosts,RerollCosts,MetaUpgradeData.lua,stub,0,,Boon,奥林匹斯的祝福,,1.139672,24556151
Hammer,RerollCosts,RerollCosts,MetaUpgradeData.lua,stub,0,,Hammer,{!Icons.Hammer} 狄德勒斯之锤,,1.139672,24556151
ReuseIncrement,RerollCosts,RerollCosts,MetaUpgradeData.lua,stub,0,,,,,1.139672,24556151
SellTrait,RerollCosts,RerollCosts,MetaUpgradeData.lua,stub,0,,,,,1.139672,24556151
Shop,RerollCosts,RerollCosts,MetaUpgradeData.lua,stub,0,,,,,1.139672,24556151
Talent,RerollCosts,RerollCosts,MetaUpgradeData.lua,stub,0,,,,,1.139672,24556151
ClockworkGoal,RewardData,RewardData,RewardData.lua,defined,3,,,,,1.139672,24556151
Shop,RewardData,RewardData,RewardData.lua,stub,0,,,,,1.139672,24556151
HubCombatRoomEasyBans,RewardSets,RewardSets,RewardData.lua,stub,0,,,,,1.139672,24556151
OpeningRoomBans,RewardSets,RewardSets,RewardData.lua,stub,0,,,,,1.139672,24556151
SubroomEasyBans,RewardSets,RewardSets,RewardData.lua,stub,0,,,,,1.139672,24556151
SubroomHardBans,RewardSets,RewardSets,RewardData.lua,stub,0,,,,,1.139672,24556151
BountyInfoBannerArgs,RoomEventData,RoomEventData,RoomData.lua,defined,1,,,,,1.139672,24556151
EntranceFunctionNamePriorities,RoomEventData,RoomEventData,RoomData.lua,stub,0,,,,,1.139672,24556151
ExitFunctionNamePriorities,RoomEventData,RoomEventData,RoomData.lua,stub,0,,,,,1.139672,24556151
GlobalRoomInputUnblockedEvents,RoomEventData,RoomEventData,RoomData.lua,stub,0,,,,,1.139672,24556151
GlobalRoomPostCombatReloadInputUnblockedEvents,RoomEventData,RoomEventData,RoomData.lua,stub,0,,,,,1.139672,24556151
GlobalRoomStartEvents,RoomEventData,RoomEventData,RoomData.lua,stub,0,,,,,1.139672,24556151
PauseMenuTakeOverAllowPause,RoomEventData,RoomEventData,RoomData.lua,defined,3,,,,,1.139672,24556151
PauseMenuTakeOverAutoUnpause,RoomEventData,RoomEventData,RoomData.lua,defined,2,,,,,1.139672,24556151
F,RoomSetIcons,RoomSetIcons,RoomSets.lua,stub,0,,F,F,,1.139672,24556151
G,RoomSetIcons,RoomSetIcons,RoomSets.lua,stub,0,,G,G,,1.139672,24556151
H,RoomSetIcons,RoomSetIcons,RoomSets.lua,stub,0,,H,H,,1.139672,24556151
I,RoomSetIcons,RoomSetIcons,RoomSets.lua,stub,0,,I,I,,1.139672,24556151
Mystery,RoomSetIcons,RoomSetIcons,RoomSets.lua,stub,0,,,,,1.139672,24556151
N,RoomSetIcons,RoomSetIcons,RoomSets.lua,stub,0,,N,N,,1.139672,24556151
O,RoomSetIcons,RoomSetIcons,RoomSets.lua,stub,0,,O,O,,1.139672,24556151
P,RoomSetIcons,RoomSetIcons,RoomSets.lua,stub,0,,P,P,,1.139672,24556151
Q,RoomSetIcons,RoomSetIcons,RoomSets.lua,stub,0,,Q,Q,,1.139672,24556151
Anomaly,RoomSets,RoomSets,RoomSets.lua,stub,0,,,,,1.139672,24556151
C,RoomSets,RoomSets,RoomSets.lua,stub,0,,C,C,,1.139672,24556151
Chaos,RoomSets,RoomSets,RoomSets.lua,stub,0,,,,,1.139672,24556151
Dream,RoomSets,RoomSets,RoomSets.lua,stub,0,,,,,1.139672,24556151
F,RoomSets,RoomSets,RoomSets.lua,stub,0,,F,F,,1.139672,24556151
G,RoomSets,RoomSets,RoomSets.lua,stub,0,,G,G,,1.139672,24556151
H,RoomSets,RoomSets,RoomSets.lua,stub,0,,H,H,,1.139672,24556151
I,RoomSets,RoomSets,RoomSets.lua,stub,0,,I,I,,1.139672,24556151
N,RoomSets,RoomSets,RoomSets.lua,stub,0,,N,N,,1.139672,24556151
N_SubRooms,RoomSets,RoomSets,RoomSets.lua,stub,0,,,,,1.139672,24556151
O,RoomSets,RoomSets,RoomSets.lua,stub,0,,O,O,,1.139672,24556151
P,RoomSets,RoomSets,RoomSets.lua,stub,0,,P,P,,1.139672,24556151
Q,RoomSets,RoomSets,RoomSets.lua,stub,0,,Q,Q,,1.139672,24556151
BountyFail,RunResultData,RunResultData,RunHistoryData.lua,stub,0,,,,,1.139672,24556151
BountySuccess,RunResultData,RunResultData,RunHistoryData.lua,stub,0,,,,,1.139672,24556151
DreamFail,RunResultData,RunResultData,RunHistoryData.lua,stub,0,,,,,1.139672,24556151
DreamSuccess,RunResultData,RunResultData,RunHistoryData.lua,stub,0,,,,,1.139672,24556151
SurfaceFail,RunResultData,RunResultData,RunHistoryData.lua,stub,0,,,,,1.139672,24556151
SurfaceRandomBountySuccess,RunResultData,RunResultData,RunHistoryData.lua,stub,0,,,,,1.139672,24556151
SurfaceSuccess,RunResultData,RunResultData,RunHistoryData.lua,stub,0,,,,,1.139672,24556151
UnderworldFail,RunResultData,RunResultData,RunHistoryData.lua,stub,0,,,,,1.139672,24556151
UnderworldRandomBountySuccess,RunResultData,RunResultData,RunHistoryData.lua,stub,0,,,,,1.139672,24556151
UnderworldSuccess,RunResultData,RunResultData,RunHistoryData.lua,stub,0,,,,,1.139672,24556151
BaseValue,SellTraitData,SellTraitData,SellTraitData.lua,stub,0,,,,,1.139672,24556151
RarityValues,SellTraitData,SellTraitData,SellTraitData.lua,defined,7,,,,,1.139672,24556151
RoundToNearestValue,SellTraitData,SellTraitData,SellTraitData.lua,stub,0,,,,,1.139672,24556151
StackValue,SellTraitData,SellTraitData,SellTraitData.lua,stub,0,,,,,1.139672,24556151
ShopItemSpacerX,ShopUI,ShopUI,UIData.lua,stub,0,,,,,1.139672,24556151
ShopItemSpacerY,ShopUI,ShopUI,UIData.lua,stub,0,,,,,1.139672,24556151
ShopItemStartX,ShopUI,ShopUI,UIData.lua,stub,0,,,,,1.139672,24556151
ShopItemStartY,ShopUI,ShopUI,UIData.lua,stub,0,,,,,1.139672,24556151
DefaultGameStateRequirements,ShovelPointData,ShovelPointData,HarvestData.lua,stub,0,,,,,1.139672,24556151
HarvestPointName,ShovelPointData,ShovelPointData,HarvestData.lua,stub,0,,,,,1.139672,24556151
RoomChanceName,ShovelPointData,ShovelPointData,HarvestData.lua,stub,0,,,,,1.139672,24556151
ShovelPointBonusDrops,ShovelPointData,ShovelPointData,HarvestData.lua,stub,0,,,,,1.139672,24556151
SpawnChance,ShovelPointData,ShovelPointData,HarvestData.lua,stub,0,,,,,1.139672,24556151
SpawnLimitPerBiome,ShovelPointData,ShovelPointData,HarvestData.lua,stub,0,,,,,1.139672,24556151
ToolName,ShovelPointData,ShovelPointData,HarvestData.lua,stub,0,,,,,1.139672,24556151
WeightedOptions,ShovelPointData,ShovelPointData,HarvestData.lua,stub,0,,,,,1.139672,24556151
EnemySpellChargeRadius,SpellChargeData,SpellChargeData,SpellData.lua,stub,0,,,,,1.139672,24556151
EnemySpellChargeYScale,SpellChargeData,SpellChargeData,SpellData.lua,stub,0,,,,,1.139672,24556151
SummonOutline,SpellDisplayData,SpellDisplayData,SpellData.lua,defined,6,,,,,1.139672,24556151
TraitSortOrder,SpellDisplayData,SpellDisplayData,SpellData.lua,stub,0,,,,,1.139672,24556151
DeadEndChance,SpellTalentData,SpellTalentData,SpellData.lua,stub,0,,,,,1.139672,24556151
DuoChance,SpellTalentData,SpellTalentData,SpellData.lua,stub,0,,,,,1.139672,24556151
InitialBonuses,SpellTalentData,SpellTalentData,SpellData.lua,stub,0,,,,,1.139672,24556151
MaxDepth,SpellTalentData,SpellTalentData,SpellData.lua,stub,0,,,,,1.139672,24556151
MaxPreReqs,SpellTalentData,SpellTalentData,SpellData.lua,stub,0,,,,,1.139672,24556151
MaxTalents,SpellTalentData,SpellTalentData,SpellData.lua,stub,0,,,,,1.139672,24556151
MaxTalentsPerDepth,SpellTalentData,SpellTalentData,SpellData.lua,stub,0,,,,,1.139672,24556151
MinTalents,SpellTalentData,SpellTalentData,SpellData.lua,stub,0,,,,,1.139672,24556151
ServeDuoGameRequirements,SpellTalentData,SpellTalentData,SpellData.lua,stub,0,,,,,1.139672,24556151
TalentTreeStructures,SpellTalentData,SpellTalentData,SpellData.lua,defined,4,,,,,1.139672,24556151
Speaking,StatusAnimations,StatusAnimations,EnemyData.lua,stub,0,,,,,1.139672,24556151
WantsToTalk,StatusAnimations,StatusAnimations,EnemyData.lua,stub,0,,,,,1.139672,24556151
Quests,StoryResetData,StoryResetData,StoryResetData.lua,stub,0,,,,,1.139672,24556151
Resources,StoryResetData,StoryResetData,StoryResetData.lua,stub,0,,,,,1.139672,24556151
TextLines,StoryResetData,StoryResetData,StoryResetData.lua,stub,0,,,,,1.139672,24556151
VoiceLines,StoryResetData,StoryResetData,StoryResetData.lua,stub,0,,,,,1.139672,24556151
WorldUpgrades,StoryResetData,StoryResetData,StoryResetData.lua,stub,0,,,,,1.139672,24556151
AltPenaltyFormat,TextFormats,TextFormats,UIData.lua,defined,3,,,,,1.139672,24556151
AltUpgradeFormat,TextFormats,TextFormats,UIData.lua,defined,3,,,,,1.139672,24556151
AltUpgradeFormatGold,TextFormats,TextFormats,UIData.lua,defined,3,,,,,1.139672,24556151
ArmorFormat,TextFormats,TextFormats,UIData.lua,defined,6,,,,,1.139672,24556151
AwardMaxFormat,TextFormats,TextFormats,UIData.lua,defined,2,,,,,1.139672,24556151
BaseFormat,TextFormats,TextFormats,UIData.lua,defined,5,,,,,1.139672,24556151
BoldFormat,TextFormats,TextFormats,UIData.lua,defined,6,,,,,1.139672,24556151
BoldFormatGraft,TextFormats,TextFormats,UIData.lua,defined,4,,,,,1.139672,24556151
BoldFormatGraftDark,TextFormats,TextFormats,UIData.lua,defined,4,,,,,1.139672,24556151
BoldFormatGraftNoColor,TextFormats,TextFormats,UIData.lua,defined,3,,,,,1.139672,24556151
BountyHighlightFormat,TextFormats,TextFormats,UIData.lua,defined,2,,,,,1.139672,24556151
CauseOfDeathFormat,TextFormats,TextFormats,UIData.lua,defined,4,,,,,1.139672,24556151
CodexBoldFormat,TextFormats,TextFormats,UIData.lua,defined,3,,,,,1.139672,24556151
CodexChapterClearFormat,TextFormats,TextFormats,UIData.lua,defined,3,,,,,1.139672,24556151
CodexItalicBoldFormat,TextFormats,TextFormats,UIData.lua,defined,2,,,,,1.139672,24556151
CodexItalicFormat,TextFormats,TextFormats,UIData.lua,defined,2,,,,,1.139672,24556151
CodexNameFormat,TextFormats,TextFormats,UIData.lua,defined,4,,,,,1.139672,24556151
CodexPreReqFormat,TextFormats,TextFormats,UIData.lua,defined,3,,,,,1.139672,24556151
CodexPreReqNumberFormat,TextFormats,TextFormats,UIData.lua,defined,3,,,,,1.139672,24556151
CodexStandardFormat,TextFormats,TextFormats,UIData.lua,defined,4,,,,,1.139672,24556151
CodexVanquishedFormat,TextFormats,TextFormats,UIData.lua,defined,3,,,,,1.139672,24556151
CombatTextHighlightFormat,TextFormats,TextFormats,UIData.lua,defined,2,,,,,1.139672,24556151
CommonFormat,TextFormats,TextFormats,UIData.lua,defined,2,,,,,1.139672,24556151
DebugEnemySpawnBiomeFormat,TextFormats,TextFormats,UIData.lua,defined,3,,,,,1.139672,24556151
DebugEnemySpawnEnemyFormat,TextFormats,TextFormats,UIData.lua,defined,3,,,,,1.139672,24556151
DialogChoiceInstructionFormat,TextFormats,TextFormats,UIData.lua,defined,3,,,,,1.139672,24556151
DialogLegendaryFormat,TextFormats,TextFormats,UIData.lua,defined,2,,,,,1.139672,24556151
DialogLegendaryItalicFormat,TextFormats,TextFormats,UIData.lua,defined,3,,,,,1.139672,24556151
DialogueItalicFormat,TextFormats,TextFormats,UIData.lua,defined,3,,,,,1.139672,24556151
DuoFormat,TextFormats,TextFormats,UIData.lua,defined,3,,,,,1.139672,24556151
Echo0,TextFormats,TextFormats,UIData.lua,defined,2,,,,,1.139672,24556151
Echo1,TextFormats,TextFormats,UIData.lua,defined,2,,,,,1.139672,24556151
Echo1Italic,TextFormats,TextFormats,UIData.lua,defined,3,,,,,1.139672,24556151
Echo2,TextFormats,TextFormats,UIData.lua,defined,2,,,,,1.139672,24556151
Echo2Italic,TextFormats,TextFormats,UIData.lua,defined,3,,,,,1.139672,24556151
Echo3,TextFormats,TextFormats,UIData.lua,defined,2,,,,,1.139672,24556151
ElementalFormat,TextFormats,TextFormats,UIData.lua,defined,3,,,,,1.139672,24556151
Emph,TextFormats,TextFormats,UIData.lua,defined,3,,,,,1.139672,24556151
EmphLegendary,TextFormats,TextFormats,UIData.lua,defined,4,,,,,1.139672,24556151
EndCreditsInlineCreditH3,TextFormats,TextFormats,UIData.lua,defined,6,,,,,1.139672,24556151
EndCreditsInlineCreditName,TextFormats,TextFormats,UIData.lua,defined,7,,,,,1.139672,24556151
EndCreditsInlineCreditNameCJK,TextFormats,TextFormats,UIData.lua,defined,7,,,,,1.139672,24556151
EndCreditsInlineCreditTitle,TextFormats,TextFormats,UIData.lua,defined,4,,,,,1.139672,24556151
EpicFormat,TextFormats,TextFormats,UIData.lua,defined,3,,,,,1.139672,24556151
GemstoneFormat,TextFormats,TextFormats,UIData.lua,defined,3,,,,,1.139672,24556151
GraspFormat,TextFormats,TextFormats,UIData.lua,defined,3,,,,,1.139672,24556151
HeroicFormat,TextFormats,TextFormats,UIData.lua,defined,3,,,,,1.139672,24556151
HighlightFormatGraft,TextFormats,TextFormats,UIData.lua,defined,2,,,,,1.139672,24556151
HighlightQuestReward,TextFormats,TextFormats,UIData.lua,defined,3,,,,,1.139672,24556151
InstructionFormat,TextFormats,TextFormats,UIData.lua,defined,5,,,,,1.139672,24556151
ItalicBoldFormat,TextFormats,TextFormats,UIData.lua,defined,2,,,,,1.139672,24556151
ItalicFormat,TextFormats,TextFormats,UIData.lua,defined,2,,,,,1.139672,24556151
ItalicFormatDark,TextFormats,TextFormats,UIData.lua,defined,3,,,,,1.139672,24556151
ItalicLightFormat,TextFormats,TextFormats,UIData.lua,defined,2,,,,,1.139672,24556151
LegendaryFormat,TextFormats,TextFormats,UIData.lua,defined,3,,,,,1.139672,24556151
LevelFormat,TextFormats,TextFormats,UIData.lua,defined,5,,,,,1.139672,24556151
LocationBannerSubtitleFormat,TextFormats,TextFormats,UIData.lua,defined,4,,,,,1.139672,24556151
LockedFormat,TextFormats,TextFormats,UIData.lua,defined,2,,,,,1.139672,24556151
LootFormat,TextFormats,TextFormats,UIData.lua,defined,6,,,,,1.139672,24556151
ManaFormat,TextFormats,TextFormats,UIData.lua,defined,6,,,,,1.139672,24556151
MemFormat,TextFormats,TextFormats,UIData.lua,defined,2,,,,,1.139672,24556151
MemFormatBold,TextFormats,TextFormats,UIData.lua,defined,3,,,,,1.139672,24556151
MetaPointFormat,TextFormats,TextFormats,UIData.lua,defined,7,,,,,1.139672,24556151
MoneyFormat,TextFormats,TextFormats,UIData.lua,defined,2,,,,,1.139672,24556151
MoneyFormatBold,TextFormats,TextFormats,UIData.lua,defined,3,,,,,1.139672,24556151
MoneyFormatCantAffordBold,TextFormats,TextFormats,UIData.lua,defined,3,,,,,1.139672,24556151
OldFormat,TextFormats,TextFormats,UIData.lua,defined,5,,,,,1.139672,24556151
OverlookFormat,TextFormats,TextFormats,UIData.lua,defined,3,,,,,1.139672,24556151
PenaltyFormat,TextFormats,TextFormats,UIData.lua,defined,6,,,,,1.139672,24556151
PropertyFormat,TextFormats,TextFormats,UIData.lua,defined,5,,,,,1.139672,24556151
RareFormat,TextFormats,TextFormats,UIData.lua,defined,3,,,,,1.139672,24556151
ReserveHealthFormat,TextFormats,TextFormats,UIData.lua,defined,6,,,,,1.139672,24556151
ResourceFormat,TextFormats,TextFormats,UIData.lua,defined,3,,,,,1.139672,24556151
RunHistoryFailureFormat,TextFormats,TextFormats,UIData.lua,defined,3,,,,,1.139672,24556151
RunHistorySuccessFormat,TextFormats,TextFormats,UIData.lua,defined,3,,,,,1.139672,24556151
ShopCostCantAffordFormat,TextFormats,TextFormats,UIData.lua,defined,2,,,,,1.139672,24556151
ShopCostFormat,TextFormats,TextFormats,UIData.lua,defined,2,,,,,1.139672,24556151
ShrineHighlightFormat,TextFormats,TextFormats,UIData.lua,defined,3,,,,,1.139672,24556151
ShrineHighlightInsufficientFormat,TextFormats,TextFormats,UIData.lua,defined,3,,,,,1.139672,24556151
ShrinePenaltyFormat,TextFormats,TextFormats,UIData.lua,defined,5,,,,,1.139672,24556151
ShrineUpgradeDisplayPenaltyFormat,TextFormats,TextFormats,UIData.lua,defined,6,,,,,1.139672,24556151
StatFormat,TextFormats,TextFormats,UIData.lua,defined,3,,,,,1.139672,24556151
TODO,TextFormats,TextFormats,UIData.lua,defined,1,,,,,1.139672,24556151
TeamFormat,TextFormats,TextFormats,UIData.lua,defined,3,,,,,1.139672,24556151
TeamHercFormat,TextFormats,TextFormats,UIData.lua,defined,3,,,,,1.139672,24556151
TeamMelFormat,TextFormats,TextFormats,UIData.lua,defined,3,,,,,1.139672,24556151
TeamNemFormat,TextFormats,TextFormats,UIData.lua,defined,3,,,,,1.139672,24556151
TempFormat,TextFormats,TextFormats,UIData.lua,defined,2,,,,,1.139672,24556151
TooltipPenaltyFormat,TextFormats,TextFormats,UIData.lua,defined,5,,,,,1.139672,24556151
TooltipUpgradeFormat,TextFormats,TextFormats,UIData.lua,defined,5,,,,,1.139672,24556151
TyphonFormat,TextFormats,TextFormats,UIData.lua,defined,3,,,,,1.139672,24556151
UpgradeFormat,TextFormats,TextFormats,UIData.lua,defined,6,,,,,1.139672,24556151
UpgradeFormatDark,TextFormats,TextFormats,UIData.lua,defined,6,,,,,1.139672,24556151
UseGiftPointFormat,TextFormats,TextFormats,UIData.lua,defined,7,,,,,1.139672,24556151
UseLockKeyFormat,TextFormats,TextFormats,UIData.lua,defined,7,,,,,1.139672,24556151
UseMetaPointFormat,TextFormats,TextFormats,UIData.lua,defined,7,,,,,1.139672,24556151
UseMoneyFormat,TextFormats,TextFormats,UIData.lua,defined,7,,,,,1.139672,24556151
UseShrinePointFormat,TextFormats,TextFormats,UIData.lua,defined,7,,,,,1.139672,24556151
UseTextArmorFormat,TextFormats,TextFormats,UIData.lua,defined,7,,,,,1.139672,24556151
UseTextChallengeFormat,TextFormats,TextFormats,UIData.lua,defined,7,,,,,1.139672,24556151
UseTextDamageFormat,TextFormats,TextFormats,UIData.lua,defined,7,,,,,1.139672,24556151
UseTextDisabledFormat,TextFormats,TextFormats,UIData.lua,defined,7,,,,,1.139672,24556151
UseTextFormat,TextFormats,TextFormats,UIData.lua,defined,9,,,,,1.139672,24556151
UseTextHealingFormat,TextFormats,TextFormats,UIData.lua,defined,7,,,,,1.139672,24556151
UseTextManaFormat,TextFormats,TextFormats,UIData.lua,defined,7,,,,,1.139672,24556151
UseTextPreReqFormat,TextFormats,TextFormats,UIData.lua,defined,7,,,,,1.139672,24556151
VowScreenNightsChampion,TextFormats,TextFormats,UIData.lua,defined,3,,,,,1.139672,24556151
WarningHighlightFormat,TextFormats,TextFormats,UIData.lua,defined,2,,,,,1.139672,24556151
WhiteFormat,TextFormats,TextFormats,UIData.lua,defined,2,,,,,1.139672,24556151
Aether,TraitElementData,TraitElementData,TraitData.lua,defined,3,,Aether,以太,,1.139672,24556151
Air,TraitElementData,TraitElementData,TraitData.lua,defined,3,,Air,风,,1.139672,24556151
Earth,TraitElementData,TraitElementData,TraitData.lua,defined,3,,Earth,土,,1.139672,24556151
Fire,TraitElementData,TraitElementData,TraitData.lua,defined,3,,Fire,火,,1.139672,24556151
Water,TraitElementData,TraitElementData,TraitData.lua,defined,3,,Water,水,,1.139672,24556151
Melee,TraitMainWeaponSlots,TraitMainWeaponSlots,TraitData.lua,stub,0,,,,,1.139672,24556151
Secondary,TraitMainWeaponSlots,TraitMainWeaponSlots,TraitData.lua,stub,0,,,,,1.139672,24556151
DefaultDiminishingReturnsMultiplier,TraitMultiplierData,TraitMultiplierData,TraitData.lua,stub,0,,,,,1.139672,24556151
DefaultMinMultiplier,TraitMultiplierData,TraitMultiplierData,TraitData.lua,stub,0,,,,,1.139672,24556151
AspectRarityText,TraitRarityData,TraitRarityData,TraitData.lua,stub,0,,,,,1.139672,24556151
BoonRarityReverseRollOrder,TraitRarityData,TraitRarityData,TraitData.lua,stub,0,,,,,1.139672,24556151
BoonRarityRollOrder,TraitRarityData,TraitRarityData,TraitData.lua,stub,0,,,,,1.139672,24556151
ElementalGameStateRequirements,TraitRarityData,TraitRarityData,TraitData.lua,stub,0,,,,,1.139672,24556151
HammerRarityText,TraitRarityData,TraitRarityData,TraitData.lua,stub,0,,,,,1.139672,24556151
LegacyGameStateRequirements,TraitRarityData,TraitRarityData,TraitData.lua,stub,0,,,,,1.139672,24556151
RarityUpgradeOrder,TraitRarityData,TraitRarityData,TraitData.lua,stub,0,,,,,1.139672,24556151
RarityValues,TraitRarityData,TraitRarityData,TraitData.lua,defined,7,,,,,1.139672,24556151
ShrineRarityText,TraitRarityData,TraitRarityData,TraitData.lua,stub,0,,,,,1.139672,24556151
TalentRarity,TraitRarityData,TraitRarityData,TraitData.lua,stub,0,,,,,1.139672,24556151
TalentRarityUpgradeOrder,TraitRarityData,TraitRarityData,TraitData.lua,stub,0,,,,,1.139672,24556151
WeaponRarityUpgradeOrder,TraitRarityData,TraitRarityData,TraitData.lua,stub,0,,,,,1.139672,24556151
AllCloseBoon,TraitRequirements,TraitRequirements,TraitData.lua,defined,1,,AllCloseBoon,度假胜地,,1.139672,24556151
AllElementalBoon,TraitRequirements,TraitRequirements,TraitData.lua,defined,1,,AllElementalBoon,合家团圆,,1.139672,24556151
AmplifyConeBoon,TraitRequirements,TraitRequirements,TraitData.lua,defined,1,,AmplifyConeBoon,巨浪滔天,,1.139672,24556151
ApolloBlindBoon,TraitRequirements,TraitRequirements,TraitData.lua,stub,0,,ApolloBlindBoon,如芒在背,,1.139672,24556151
ApolloExCastBoon,TraitRequirements,TraitRequirements,TraitData.lua,stub,0,,ApolloExCastBoon,夺目闪光,,1.139672,24556151
ApolloSecondStageCastBoon,TraitRequirements,TraitRequirements,TraitData.lua,defined,1,,ApolloSecondStageCastBoon,辉耀天灾,,1.139672,24556151
AresExCastBoon,TraitRequirements,TraitRequirements,TraitData.lua,stub,0,,AresExCastBoon,绞肉机器,,1.139672,24556151
AresStatusDoubleDamageBoon,TraitRequirements,TraitRequirements,TraitData.lua,stub,0,,AresStatusDoubleDamageBoon,重创一击,,1.139672,24556151
AutoRevengeBoon,TraitRequirements,TraitRequirements,TraitData.lua,defined,1,,AutoRevengeBoon,赶尽杀绝,,1.139672,24556151
BlindChanceBoon,TraitRequirements,TraitRequirements,TraitData.lua,stub,0,,BlindChanceBoon,应接不暇,,1.139672,24556151
BlindClearBoon,TraitRequirements,TraitRequirements,TraitData.lua,defined,1,,BlindClearBoon,醒脑重锤,,1.139672,24556151
BloodManaBurstBoon,TraitRequirements,TraitRequirements,TraitData.lua,defined,1,,BloodManaBurstBoon,血肉之欢,,1.139672,24556151
BloodRetentionBoon,TraitRequirements,TraitRequirements,TraitData.lua,defined,1,,BloodRetentionBoon,一脉相承,,1.139672,24556151
BurnArmorBoon,TraitRequirements,TraitRequirements,TraitData.lua,stub,0,,BurnArmorBoon,烫手山芋,,1.139672,24556151
BurnConsumeBoon,TraitRequirements,TraitRequirements,TraitData.lua,defined,1,,BurnConsumeBoon,蚀骨冰焰,,1.139672,24556151
BurnRefreshBoon,TraitRequirements,TraitRequirements,TraitData.lua,defined,1,,BurnRefreshBoon,燃烧欲望,,1.139672,24556151
BurnSprintBoon,TraitRequirements,TraitRequirements,TraitData.lua,defined,1,,BurnSprintBoon,辟火秘阵,,1.139672,24556151
BurnStackBoon,TraitRequirements,TraitRequirements,TraitData.lua,stub,0,,BurnStackBoon,五内俱焚,,1.139672,24556151
CastAnywhereBoon,TraitRequirements,TraitRequirements,TraitData.lua,stub,0,,CastAnywhereBoon,闪电标枪,,1.139672,24556151
CastAttachBoon,TraitRequirements,TraitRequirements,TraitData.lua,stub,0,,CastAttachBoon,严阵以待,,1.139672,24556151
ChaosLastStandBlessing,TraitRequirements,TraitRequirements,TraitData.lua,stub,0,,ChaosLastStandBlessing,混沌顽抗,,1.139672,24556151
ChaosMetaUpgradeCurse,TraitRequirements,TraitRequirements,TraitData.lua,stub,0,,ChaosMetaUpgradeCurse,匮乏混沌,,1.139672,24556151
CharmCrowdBoon,TraitRequirements,TraitRequirements,TraitData.lua,defined,1,,CharmCrowdBoon,神魂颠倒,,1.139672,24556151
ClearRootBoon,TraitRequirements,TraitRequirements,TraitData.lua,defined,1,,ClearRootBoon,碎冰重击,,1.139672,24556151
CoverRegenerationBoon,TraitRequirements,TraitRequirements,TraitData.lua,defined,1,,CoverRegenerationBoon,暖风拂面,,1.139672,24556151
DamageSharePotencyBoon,TraitRequirements,TraitRequirements,TraitData.lua,stub,0,,DamageSharePotencyBoon,全族遭殃,,1.139672,24556151
DoorHealToFullBoon,TraitRequirements,TraitRequirements,TraitData.lua,stub,0,,DoorHealToFullBoon,心满意足,,1.139672,24556151
DoubleBloodDropBoon,TraitRequirements,TraitRequirements,TraitData.lua,defined,1,,DoubleBloodDropBoon,血腥品味,,1.139672,24556151
DoubleBoltBoon,TraitRequirements,TraitRequirements,TraitData.lua,stub,0,,DoubleBoltBoon,双重雷击,,1.139672,24556151
DoubleExManaBoon,TraitRequirements,TraitRequirements,TraitData.lua,defined,1,,DoubleExManaBoon,才华横溢,,1.139672,24556151
DoubleMassiveAttackBoon,TraitRequirements,TraitRequirements,TraitData.lua,defined,1,,DoubleMassiveAttackBoon,趁热打铁,,1.139672,24556151
DoubleSplashBoon,TraitRequirements,TraitRequirements,TraitData.lua,defined,1,,DoubleSplashBoon,血海深仇,,1.139672,24556151
DoubleStrikeChanceBoon,TraitRequirements,TraitRequirements,TraitData.lua,stub,0,,DoubleStrikeChanceBoon,梅开二度,,1.139672,24556151
DoubleSwordBoon,TraitRequirements,TraitRequirements,TraitData.lua,defined,1,,DoubleSwordBoon,剑芒如雨,,1.139672,24556151
EchoBurnBoon,TraitRequirements,TraitRequirements,TraitData.lua,defined,1,,EchoBurnBoon,天雷地火,,1.139672,24556151
EchoExpirationBoon,TraitRequirements,TraitRequirements,TraitData.lua,stub,0,,EchoExpirationBoon,电光石火,,1.139672,24556151
FireballRendBoon,TraitRequirements,TraitRequirements,TraitData.lua,defined,1,,FireballRendBoon,四度烧伤,,1.139672,24556151
GoodStuffBoon,TraitRequirements,TraitRequirements,TraitData.lua,defined,1,,GoodStuffBoon,自然选择,,1.139672,24556151
InstantRootKill,TraitRequirements,TraitRequirements,TraitData.lua,defined,1,,InstantRootKill,严冬收割,,1.139672,24556151
KeepsakeLevelBoon,TraitRequirements,TraitRequirements,TraitData.lua,defined,1,,KeepsakeLevelBoon,家传珍宝,,1.139672,24556151
LightningDebuffGeneratorBoon,TraitRequirements,TraitRequirements,TraitData.lua,stub,0,,LightningDebuffGeneratorBoon,电流过载,,1.139672,24556151
LightningVulnerabilityBoon,TraitRequirements,TraitRequirements,TraitData.lua,defined,1,,LightningVulnerabilityBoon,湍流激电,,1.139672,24556151
LinkedDeathDamageBoon,TraitRequirements,TraitRequirements,TraitData.lua,stub,0,,LinkedDeathDamageBoon,生死与共,,1.139672,24556151
LuckyBoon,TraitRequirements,TraitRequirements,TraitData.lua,defined,1,,LuckyBoon,吉星高照,,1.139672,24556151
ManaBurstCountBoon,TraitRequirements,TraitRequirements,TraitData.lua,defined,1,,ManaBurstCountBoon,阳光心态,,1.139672,24556151
ManaRestoreDamageBoon,TraitRequirements,TraitRequirements,TraitData.lua,defined,1,,ManaRestoreDamageBoon,炽烈光环,,1.139672,24556151
ManaShieldBoon,TraitRequirements,TraitRequirements,TraitData.lua,defined,1,,ManaShieldBoon,刚强勇毅,,1.139672,24556151
MassiveCastBoon,TraitRequirements,TraitRequirements,TraitData.lua,defined,1,,MassiveCastBoon,震天动地,,1.139672,24556151
MassiveDamageBoon,TraitRequirements,TraitRequirements,TraitData.lua,stub,0,,MassiveDamageBoon,剧烈喷发,,1.139672,24556151
MassiveKnockupBoon,TraitRequirements,TraitRequirements,TraitData.lua,stub,0,,MassiveKnockupBoon,熔岩喷涌,,1.139672,24556151
MaxHealthDamageBoon,TraitRequirements,TraitRequirements,TraitData.lua,defined,1,,MaxHealthDamageBoon,大饱口福,,1.139672,24556151
MoneyDamageBoon,TraitRequirements,TraitRequirements,TraitData.lua,defined,1,,MoneyDamageBoon,涟漪效应,,1.139672,24556151
OmegaZeroBurnBoon,TraitRequirements,TraitRequirements,TraitData.lua,stub,0,,OmegaZeroBurnBoon,一点就着,,1.139672,24556151
PoseidonExCastBoon,TraitRequirements,TraitRequirements,TraitData.lua,stub,0,,PoseidonExCastBoon,泉涌而出,,1.139672,24556151
PoseidonSplashSprintBoon,TraitRequirements,TraitRequirements,TraitData.lua,defined,1,,PoseidonSplashSprintBoon,海滩飞球,,1.139672,24556151
PoseidonStatusBoon,TraitRequirements,TraitRequirements,TraitData.lua,stub,0,,PoseidonStatusBoon,落花流水,,1.139672,24556151
RaiseDeadBoon,TraitRequirements,TraitRequirements,TraitData.lua,defined,1,,RaiseDeadBoon,弃暗投明,,1.139672,24556151
RandomStatusBoon,TraitRequirements,TraitRequirements,TraitData.lua,defined,1,,RandomStatusBoon,六神无主,,1.139672,24556151
RapidSwordBoon,TraitRequirements,TraitRequirements,TraitData.lua,defined,1,,RapidSwordBoon,盖棺封钉,,1.139672,24556151
ReboundingSparkBoon,TraitRequirements,TraitRequirements,TraitData.lua,defined,1,,ReboundingSparkBoon,电流主宰,,1.139672,24556151
RendBloodDropBoon,TraitRequirements,TraitRequirements,TraitData.lua,stub,0,,RendBloodDropBoon,血染沙场,,1.139672,24556151
RootDurationBoon,TraitRequirements,TraitRequirements,TraitData.lua,stub,0,,RootDurationBoon,冰冷贮藏,,1.139672,24556151
RootStrikeBoon,TraitRequirements,TraitRequirements,TraitData.lua,defined,1,,RootStrikeBoon,冰雹风暴,,1.139672,24556151
SelfCastBoon,TraitRequirements,TraitRequirements,TraitData.lua,defined,1,,SelfCastBoon,肃杀之阵,,1.139672,24556151
SlamManaBurstBoon,TraitRequirements,TraitRequirements,TraitData.lua,defined,1,,SlamManaBurstBoon,心之律动,,1.139672,24556151
SlowExAttackBoon,TraitRequirements,TraitRequirements,TraitData.lua,stub,0,,SlowExAttackBoon,斩草除根,,1.139672,24556151
SpawnCastDamageBoon,TraitRequirements,TraitRequirements,TraitData.lua,stub,0,,SpawnCastDamageBoon,来者有份,,1.139672,24556151
SpawnKillBoon,TraitRequirements,TraitRequirements,TraitData.lua,defined,1,,SpawnKillBoon,五雷轰顶,,1.139672,24556151
SpellMoonBeamTrait,TraitRequirements,TraitRequirements,TraitData.lua,stub,0,,SpellMoonBeamTrait,星落如雨,,1.139672,24556151
SprintEchoBoon,TraitRequirements,TraitRequirements,TraitData.lua,defined,1,,SprintEchoBoon,浪漫火花,,1.139672,24556151
SteamBoon,TraitRequirements,TraitRequirements,TraitData.lua,defined,1,,SteamBoon,灼人蒸汽,,1.139672,24556151
StormSpawnBoon,TraitRequirements,TraitRequirements,TraitData.lua,defined,1,,StormSpawnBoon,热带气旋,,1.139672,24556151
SuperSacrificeBoonHera,TraitRequirements,TraitRequirements,TraitData.lua,defined,1,,SuperSacrificeBoonHera,弃王保后,,1.139672,24556151
SuperSacrificeBoonZeus,TraitRequirements,TraitRequirements,TraitData.lua,defined,1,,SuperSacrificeBoonZeus,弃后保王,,1.139672,24556151
TimeStopLastStandBoon,TraitRequirements,TraitRequirements,TraitData.lua,defined,1,,TimeStopLastStandBoon,消灾解难,,1.139672,24556151
WeakPotencyBoon,TraitRequirements,TraitRequirements,TraitData.lua,stub,0,,WeakPotencyBoon,心旌荡漾,,1.139672,24556151
WeakVulnerabilityBoon,TraitRequirements,TraitRequirements,TraitData.lua,stub,0,,WeakVulnerabilityBoon,拜倒裙下,,1.139672,24556151
WeaponUpgradeBoon,TraitRequirements,TraitRequirements,TraitData.lua,defined,1,,WeaponUpgradeBoon,尊享服务,,1.139672,24556151
PlayerSummons,UnitSets,UnitSets,WeaponSets.lua,defined,6,,,,,1.139672,24556151
Alice,UserDebugEquip,UserDebugEquip,DebugData.lua,defined,1,,,,,1.139672,24556151
Amir,UserDebugEquip,UserDebugEquip,DebugData.lua,defined,2,,,,,1.139672,24556151
Eduardo G,UserDebugEquip,UserDebugEquip,DebugData.lua,defined,1,,,,,1.139672,24556151
Greg Kasavin,UserDebugEquip,UserDebugEquip,DebugData.lua,defined,1,,,,,1.139672,24556151
Josh Barnett,UserDebugEquip,UserDebugEquip,DebugData.lua,defined,1,,,,,1.139672,24556151
ArtemisHealDrop,WeaponDataAllies,WeaponDataAllies,WeaponDataAllies.lua,defined,3,,,,,1.139672,24556151
ArtemisHuntersMark,WeaponDataAllies,WeaponDataAllies,WeaponDataAllies.lua,defined,2,,,,,1.139672,24556151
ArtemisSniper,WeaponDataAllies,WeaponDataAllies,WeaponDataAllies.lua,defined,2,,,,,1.139672,24556151
ArtemisVolley,WeaponDataAllies,WeaponDataAllies,WeaponDataAllies.lua,defined,2,,,,,1.139672,24556151
HeraclesLeap,WeaponDataAllies,WeaponDataAllies,WeaponDataAllies.lua,defined,3,,,,,1.139672,24556151
HeraclesMeleeArc,WeaponDataAllies,WeaponDataAllies,WeaponDataAllies.lua,defined,3,,,,,1.139672,24556151
IcarusBombardmentLine,WeaponDataAllies,WeaponDataAllies,WeaponDataAllies.lua,defined,3,,,,,1.139672,24556151
IcarusBombardmentLine2,WeaponDataAllies,WeaponDataAllies,WeaponDataAllies.lua,defined,3,,,,,1.139672,24556151
IcarusBombardmentLine3,WeaponDataAllies,WeaponDataAllies,WeaponDataAllies.lua,defined,3,,,,,1.139672,24556151
IcarusBombardmentLineReverse,WeaponDataAllies,WeaponDataAllies,WeaponDataAllies.lua,defined,3,IcarusBombardmentLine,,,,1.139672,24556151
IcarusBombardmentSingle,WeaponDataAllies,WeaponDataAllies,WeaponDataAllies.lua,defined,3,,,,,1.139672,24556151
NemesisAttack1,WeaponDataAllies,WeaponDataAllies,WeaponDataAllies.lua,defined,2,,,,,1.139672,24556151
NemesisAttack2,WeaponDataAllies,WeaponDataAllies,WeaponDataAllies.lua,defined,2,,,,,1.139672,24556151
NemesisAttack3,WeaponDataAllies,WeaponDataAllies,WeaponDataAllies.lua,defined,2,,,,,1.139672,24556151
NemesisDash,WeaponDataAllies,WeaponDataAllies,WeaponDataAllies.lua,defined,2,,,,,1.139672,24556151
NemesisSpecial,WeaponDataAllies,WeaponDataAllies,WeaponDataAllies.lua,defined,3,,,,,1.139672,24556151
ShadeMercAspectSpiritball,WeaponDataAllies,WeaponDataAllies,WeaponDataAllies.lua,defined,3,ShadeMercSpiritball,,,,1.139672,24556151
ShadeMercSpiritball,WeaponDataAllies,WeaponDataAllies,WeaponDataAllies.lua,defined,3,,,,,1.139672,24556151
SoulPylonDeath,WeaponDataAllies,WeaponDataAllies,WeaponDataAllies.lua,defined,1,,,,,1.139672,24556151
SpellSummonMelee,WeaponDataAllies,WeaponDataAllies,WeaponDataAllies.lua,defined,2,,,,,1.139672,24556151
AssassinStalkSpeed,WeaponEffectData,WeaponEffectData,EffectData.lua,defined,2,,,,,1.139672,24556151
AttackHighGrip,WeaponEffectData,WeaponEffectData,EffectData.lua,defined,2,,,,,1.139672,24556151
AttackLowGrip,WeaponEffectData,WeaponEffectData,EffectData.lua,defined,2,,,,,1.139672,24556151
AttackLowGripLong,WeaponEffectData,WeaponEffectData,EffectData.lua,defined,2,,,,,1.139672,24556151
AutomatonDefense,WeaponEffectData,WeaponEffectData,EffectData.lua,defined,3,,,,,1.139672,24556151
Inked,WeaponEffectData,WeaponEffectData,EffectData.lua,defined,4,,,,,1.139672,24556151
RushSpeed,WeaponEffectData,WeaponEffectData,EffectData.lua,defined,2,,,,,1.139672,24556151
SlowRotation,WeaponEffectData,WeaponEffectData,EffectData.lua,defined,2,,,,,1.139672,24556151
StalkerBurrowSpeedBoost,WeaponEffectData,WeaponEffectData,EffectData.lua,defined,2,,,,,1.139672,24556151
CastProjectileNames,WeaponSets,WeaponSets,WeaponSets.lua,stub,0,,,,,1.139672,24556151
EnemyMagicWeapons,WeaponSets,WeaponSets,WeaponSets.lua,stub,0,,,,,1.139672,24556151
ExpireProjectileExcludeProjectileNames,WeaponSets,WeaponSets,WeaponSets.lua,stub,0,,,,,1.139672,24556151
ExpireProjectileLastStandExcludeProjectileNames,WeaponSets,WeaponSets,WeaponSets.lua,stub,0,,,,,1.139672,24556151
HeroAllWeapons,WeaponSets,WeaponSets,WeaponSets.lua,stub,0,,,,,1.139672,24556151
HeroAllWeaponsAndSprint,WeaponSets,WeaponSets,WeaponSets.lua,stub,0,,,,,1.139672,24556151
HeroBlinkWeapons,WeaponSets,WeaponSets,WeaponSets.lua,stub,0,,,,,1.139672,24556151
HeroDashWeapons,WeaponSets,WeaponSets,WeaponSets.lua,stub,0,,,,,1.139672,24556151
HeroMeleeRangeWeapons,WeaponSets,WeaponSets,WeaponSets.lua,stub,0,,,,,1.139672,24556151
HeroNonExWeapons,WeaponSets,WeaponSets,WeaponSets.lua,stub,0,,,,,1.139672,24556151
HeroNonPhysicalWeapons,WeaponSets,WeaponSets,WeaponSets.lua,stub,0,,,,,1.139672,24556151
HeroPrimarySecondaryWeapons,WeaponSets,WeaponSets,WeaponSets.lua,stub,0,,,,,1.139672,24556151
HeroPrimaryWeapons,WeaponSets,WeaponSets,WeaponSets.lua,stub,0,,,,,1.139672,24556151
HeroRangedWeapons,WeaponSets,WeaponSets,WeaponSets.lua,stub,0,,,,,1.139672,24556151
HeroRushWeapons,WeaponSets,WeaponSets,WeaponSets.lua,stub,0,,,,,1.139672,24556151
HeroSecondaryWeapons,WeaponSets,WeaponSets,WeaponSets.lua,stub,0,,,,,1.139672,24556151
HeroSpellWeapons,WeaponSets,WeaponSets,WeaponSets.lua,stub,0,,,,,1.139672,24556151
HeroTransformForceCancelWeapons,WeaponSets,WeaponSets,WeaponSets.lua,stub,0,,,,,1.139672,24556151
HeroTransformWeapons,WeaponSets,WeaponSets,WeaponSets.lua,stub,0,,,,,1.139672,24556151
HeroWeaponSets,WeaponSets,WeaponSets,WeaponSets.lua,defined,6,,,,,1.139672,24556151
LavaWeaponNames,WeaponSets,WeaponSets,WeaponSets.lua,stub,0,,,,,1.139672,24556151
LinkedWeaponUpgrades,WeaponSets,WeaponSets,WeaponSets.lua,defined,13,,,,,1.139672,24556151
MapTransitionExpireProjectileExcludeNames,WeaponSets,WeaponSets,WeaponSets.lua,stub,0,,,,,1.139672,24556151
OlympianEffectNames,WeaponSets,WeaponSets,WeaponSets.lua,stub,0,,,,,1.139672,24556151
OlympianProjectileNames,WeaponSets,WeaponSets,WeaponSets.lua,stub,0,,,,,1.139672,24556151
RubbleWeapons,WeaponSets,WeaponSets,WeaponSets.lua,stub,0,,,,,1.139672,24556151
SpellProjectileNames,WeaponSets,WeaponSets,WeaponSets.lua,stub,0,,,,,1.139672,24556151
SprintProjectileNames,WeaponSets,WeaponSets,WeaponSets.lua,stub,0,,,,,1.139672,24556151
TimeSlowExpireProjectileExcludeProjectileNames,WeaponSets,WeaponSets,WeaponSets.lua,stub,0,,,,,1.139672,24556151
TrapWeapons,WeaponSets,WeaponSets,WeaponSets.lua,stub,0,,,,,1.139672,24556151