id,table,source_namespace,source_file,state,field_count,inherit_from,display_key,display_name_zh_cn,use_function,game_version,steam_build
AchAllArcana,AchievementData,AchievementData,AchievementData.lua,defined,2,DefaultAchievement,,,,1.139672,24556151
AchAllArcanaMax,AchievementData,AchievementData,AchievementData.lua,defined,2,DefaultAchievement,,,,1.139672,24556151
AchAllAspects,AchievementData,AchievementData,AchievementData.lua,defined,2,DefaultAchievement,,,,1.139672,24556151
AchAllFamiliars,AchievementData,AchievementData,AchievementData.lua,defined,2,DefaultAchievement,,,,1.139672,24556151
AchAllFamiliarsMax,AchievementData,AchievementData,AchievementData.lua,defined,2,DefaultAchievement,,,,1.139672,24556151
AchAllKeepsakes,AchievementData,AchievementData,AchievementData.lua,defined,2,DefaultAchievement,,,,1.139672,24556151
AchAllOtherAch,AchievementData,AchievementData,AchievementData.lua,defined,2,DefaultAchievement,,,,1.139672,24556151
AchAllRandomStreak,AchievementData,AchievementData,AchievementData.lua,defined,2,DefaultAchievement,,,,1.139672,24556151
AchAllRandomUnderworld,AchievementData,AchievementData,AchievementData.lua,defined,2,DefaultAchievement,,,,1.139672,24556151
AchAllWeapons,AchievementData,AchievementData,AchievementData.lua,defined,2,DefaultAchievement,,,,1.139672,24556151
AchBathHouse,AchievementData,AchievementData,AchievementData.lua,defined,2,DefaultAchievement,,,,1.139672,24556151
AchBeatChronosWithArcana,AchievementData,AchievementData,AchievementData.lua,defined,2,DefaultAchievement,,,,1.139672,24556151
AchBeatHecateNoArcana,AchievementData,AchievementData,AchievementData.lua,defined,2,DefaultAchievement,,,,1.139672,24556151
AchBeatRivalsVow1,AchievementData,AchievementData,AchievementData.lua,defined,2,DefaultAchievement,,,,1.139672,24556151
AchBeatTyphonWithWeapons,AchievementData,AchievementData,AchievementData.lua,defined,2,DefaultAchievement,,,,1.139672,24556151
AchBounties1,AchievementData,AchievementData,AchievementData.lua,defined,2,DefaultAchievement,,,,1.139672,24556151
AchCatchFish,AchievementData,AchievementData,AchievementData.lua,defined,2,DefaultAchievement,,,,1.139672,24556151
AchCauldronSpells1,AchievementData,AchievementData,AchievementData.lua,defined,2,DefaultAchievement,,,,1.139672,24556151
AchClearChaosQuest,AchievementData,AchievementData,AchievementData.lua,defined,2,DefaultAchievement,,,,1.139672,24556151
AchClearEphyra,AchievementData,AchievementData,AchievementData.lua,defined,2,DefaultAchievement,,,,1.139672,24556151
AchClearErebus,AchievementData,AchievementData,AchievementData.lua,defined,2,DefaultAchievement,,,,1.139672,24556151
AchClearFields,AchievementData,AchievementData,AchievementData.lua,defined,2,DefaultAchievement,,,,1.139672,24556151
AchClearOceanus,AchievementData,AchievementData,AchievementData.lua,defined,2,DefaultAchievement,,,,1.139672,24556151
AchClearOlympus,AchievementData,AchievementData,AchievementData.lua,defined,2,DefaultAchievement,,,,1.139672,24556151
AchClearSummit,AchievementData,AchievementData,AchievementData.lua,defined,2,DefaultAchievement,,,,1.139672,24556151
AchClearTartarus,AchievementData,AchievementData,AchievementData.lua,defined,2,DefaultAchievement,,,,1.139672,24556151
AchClearThessaly,AchievementData,AchievementData,AchievementData.lua,defined,2,DefaultAchievement,,,,1.139672,24556151
AchClearWithAllAspects,AchievementData,AchievementData,AchievementData.lua,defined,2,DefaultAchievement,,,,1.139672,24556151
AchConfideFrinos,AchievementData,AchievementData,AchievementData.lua,defined,2,DefaultAchievement,,,,1.139672,24556151
AchEarnPrestige1,AchievementData,AchievementData,AchievementData.lua,defined,2,DefaultAchievement,,,,1.139672,24556151
AchEarnStatue1,AchievementData,AchievementData,AchievementData.lua,defined,2,DefaultAchievement,,,,1.139672,24556151
AchEarnStatue2,AchievementData,AchievementData,AchievementData.lua,defined,2,DefaultAchievement,,,,1.139672,24556151
AchEpilogue,AchievementData,AchievementData,AchievementData.lua,defined,2,DefaultAchievement,,,,1.139672,24556151
AchFamiliarCostumes,AchievementData,AchievementData,AchievementData.lua,defined,2,DefaultAchievement,,,,1.139672,24556151
AchFishingPier,AchievementData,AchievementData,AchievementData.lua,defined,2,DefaultAchievement,,,,1.139672,24556151
AchForgeBonds,AchievementData,AchievementData,AchievementData.lua,defined,2,DefaultAchievement,,,,1.139672,24556151
AchHelpArachne,AchievementData,AchievementData,AchievementData.lua,defined,2,DefaultAchievement,,,,1.139672,24556151
AchHelpDora,AchievementData,AchievementData,AchievementData.lua,defined,2,DefaultAchievement,,,,1.139672,24556151
AchHelpHypnos,AchievementData,AchievementData,AchievementData.lua,defined,2,DefaultAchievement,,,,1.139672,24556151
AchHelpNarcissusAndEcho,AchievementData,AchievementData,AchievementData.lua,defined,2,DefaultAchievement,,,,1.139672,24556151
AchHelpOdysseus,AchievementData,AchievementData,AchievementData.lua,defined,2,DefaultAchievement,,,,1.139672,24556151
AchKillWitchAsSheep,AchievementData,AchievementData,AchievementData.lua,defined,3,DefaultAchievement,,,,1.139672,24556151
AchMaxMem,AchievementData,AchievementData,AchievementData.lua,defined,2,DefaultAchievement,,,,1.139672,24556151
AchNemesisCombat,AchievementData,AchievementData,AchievementData.lua,defined,2,DefaultAchievement,,,,1.139672,24556151
AchProphecies1,AchievementData,AchievementData,AchievementData.lua,defined,2,DefaultAchievement,,,,1.139672,24556151
AchSummonSiren,AchievementData,AchievementData,AchievementData.lua,defined,2,DefaultAchievement,,,,1.139672,24556151
AchTartarusInDress,AchievementData,AchievementData,AchievementData.lua,defined,2,DefaultAchievement,,,,1.139672,24556151
AchTaverna,AchievementData,AchievementData,AchievementData.lua,defined,2,DefaultAchievement,,,,1.139672,24556151
AchTrueEnding,AchievementData,AchievementData,AchievementData.lua,defined,2,DefaultAchievement,,,,1.139672,24556151
AchWinSecretContest,AchievementData,AchievementData,AchievementData.lua,defined,2,DefaultAchievement,,,,1.139672,24556151
DefaultAchievement,AchievementData,AchievementData,AchievementData.lua,debug_only,1,,,,,1.139672,24556151
Badge_Rank01_Tier01,BadgeData,BadgeData,BadgeData.lua,defined,3,BaseBadge,Badge_Rank01_Tier01,恶灵 X,,1.139672,24556151
Badge_Rank01_Tier02,BadgeData,BadgeData,BadgeData.lua,defined,3,BaseBadge,Badge_Rank01_Tier02,恶灵 IX,,1.139672,24556151
Badge_Rank01_Tier03,BadgeData,BadgeData,BadgeData.lua,defined,3,BaseBadge,Badge_Rank01_Tier03,恶灵 VIII,,1.139672,24556151
Badge_Rank01_Tier04,BadgeData,BadgeData,BadgeData.lua,defined,3,BaseBadge,Badge_Rank01_Tier04,恶灵 VII,,1.139672,24556151
Badge_Rank01_Tier05,BadgeData,BadgeData,BadgeData.lua,defined,3,BaseBadge,Badge_Rank01_Tier05,恶灵 VI,,1.139672,24556151
Badge_Rank01_Tier06,BadgeData,BadgeData,BadgeData.lua,defined,3,BaseBadge,Badge_Rank01_Tier06,恶灵 V,,1.139672,24556151
Badge_Rank01_Tier07,BadgeData,BadgeData,BadgeData.lua,defined,3,BaseBadge,Badge_Rank01_Tier07,恶灵 IV,,1.139672,24556151
Badge_Rank01_Tier08,BadgeData,BadgeData,BadgeData.lua,defined,3,BaseBadge,Badge_Rank01_Tier08,恶灵 III,,1.139672,24556151
Badge_Rank01_Tier09,BadgeData,BadgeData,BadgeData.lua,defined,3,BaseBadge,Badge_Rank01_Tier09,恶灵 II,,1.139672,24556151
Badge_Rank01_Tier10,BadgeData,BadgeData,BadgeData.lua,defined,3,BaseBadge,Badge_Rank01_Tier10,恶灵 I,,1.139672,24556151
Badge_Rank02_Tier01,BadgeData,BadgeData,BadgeData.lua,defined,3,BaseBadge,Badge_Rank02_Tier01,鬼影 X,,1.139672,24556151
Badge_Rank02_Tier02,BadgeData,BadgeData,BadgeData.lua,defined,3,BaseBadge,Badge_Rank02_Tier02,鬼影 IX,,1.139672,24556151
Badge_Rank02_Tier03,BadgeData,BadgeData,BadgeData.lua,defined,3,BaseBadge,Badge_Rank02_Tier03,鬼影 VIII,,1.139672,24556151
Badge_Rank02_Tier04,BadgeData,BadgeData,BadgeData.lua,defined,3,BaseBadge,Badge_Rank02_Tier04,鬼影 VII,,1.139672,24556151
Badge_Rank02_Tier05,BadgeData,BadgeData,BadgeData.lua,defined,3,BaseBadge,Badge_Rank02_Tier05,鬼影 VI,,1.139672,24556151
Badge_Rank02_Tier06,BadgeData,BadgeData,BadgeData.lua,defined,3,BaseBadge,Badge_Rank02_Tier06,鬼影 V,,1.139672,24556151
Badge_Rank02_Tier07,BadgeData,BadgeData,BadgeData.lua,defined,3,BaseBadge,Badge_Rank02_Tier07,鬼影 IV,,1.139672,24556151
Badge_Rank02_Tier08,BadgeData,BadgeData,BadgeData.lua,defined,3,BaseBadge,Badge_Rank02_Tier08,鬼影 III,,1.139672,24556151
Badge_Rank02_Tier09,BadgeData,BadgeData,BadgeData.lua,defined,3,BaseBadge,Badge_Rank02_Tier09,鬼影 II,,1.139672,24556151
Badge_Rank02_Tier10,BadgeData,BadgeData,BadgeData.lua,defined,3,BaseBadge,Badge_Rank02_Tier10,鬼影 I,,1.139672,24556151
Badge_Rank03_Tier01,BadgeData,BadgeData,BadgeData.lua,defined,3,BaseBadge,Badge_Rank03_Tier01,复归者 X,,1.139672,24556151
Badge_Rank03_Tier02,BadgeData,BadgeData,BadgeData.lua,defined,3,BaseBadge,Badge_Rank03_Tier02,复归者 IX,,1.139672,24556151
Badge_Rank03_Tier03,BadgeData,BadgeData,BadgeData.lua,defined,3,BaseBadge,Badge_Rank03_Tier03,复归者 VIII,,1.139672,24556151
Badge_Rank03_Tier04,BadgeData,BadgeData,BadgeData.lua,defined,3,BaseBadge,Badge_Rank03_Tier04,复归者 VII,,1.139672,24556151
Badge_Rank03_Tier05,BadgeData,BadgeData,BadgeData.lua,defined,3,BaseBadge,Badge_Rank03_Tier05,复归者 VI,,1.139672,24556151
Badge_Rank03_Tier06,BadgeData,BadgeData,BadgeData.lua,defined,3,BaseBadge,Badge_Rank03_Tier06,复归者 V,,1.139672,24556151
Badge_Rank03_Tier07,BadgeData,BadgeData,BadgeData.lua,defined,3,BaseBadge,Badge_Rank03_Tier07,复归者 IV,,1.139672,24556151
Badge_Rank03_Tier08,BadgeData,BadgeData,BadgeData.lua,defined,3,BaseBadge,Badge_Rank03_Tier08,复归者 III,,1.139672,24556151
Badge_Rank03_Tier09,BadgeData,BadgeData,BadgeData.lua,defined,3,BaseBadge,Badge_Rank03_Tier09,复归者 II,,1.139672,24556151
Badge_Rank03_Tier10,BadgeData,BadgeData,BadgeData.lua,defined,3,BaseBadge,Badge_Rank03_Tier10,复归者 I,,1.139672,24556151
Badge_Rank04_Tier01,BadgeData,BadgeData,BadgeData.lua,defined,3,BaseBadge,Badge_Rank04_Tier01,梦魇 X,,1.139672,24556151
Badge_Rank04_Tier02,BadgeData,BadgeData,BadgeData.lua,defined,3,BaseBadge,Badge_Rank04_Tier02,梦魇 IX,,1.139672,24556151
Badge_Rank04_Tier03,BadgeData,BadgeData,BadgeData.lua,defined,3,BaseBadge,Badge_Rank04_Tier03,梦魇 VIII,,1.139672,24556151
Badge_Rank04_Tier04,BadgeData,BadgeData,BadgeData.lua,defined,3,BaseBadge,Badge_Rank04_Tier04,梦魇 VII,,1.139672,24556151
Badge_Rank04_Tier05,BadgeData,BadgeData,BadgeData.lua,defined,3,BaseBadge,Badge_Rank04_Tier05,梦魇 VI,,1.139672,24556151
Badge_Rank04_Tier06,BadgeData,BadgeData,BadgeData.lua,defined,3,BaseBadge,Badge_Rank04_Tier06,梦魇 V,,1.139672,24556151
Badge_Rank04_Tier07,BadgeData,BadgeData,BadgeData.lua,defined,3,BaseBadge,Badge_Rank04_Tier07,梦魇 IV,,1.139672,24556151
Badge_Rank04_Tier08,BadgeData,BadgeData,BadgeData.lua,defined,3,BaseBadge,Badge_Rank04_Tier08,梦魇 III,,1.139672,24556151
Badge_Rank04_Tier09,BadgeData,BadgeData,BadgeData.lua,defined,3,BaseBadge,Badge_Rank04_Tier09,梦魇 II,,1.139672,24556151
Badge_Rank04_Tier10,BadgeData,BadgeData,BadgeData.lua,defined,3,BaseBadge,Badge_Rank04_Tier10,梦魇 I,,1.139672,24556151
Badge_Rank05_Tier01,BadgeData,BadgeData,BadgeData.lua,defined,3,BaseBadge,Badge_Rank05_Tier01,匿踪者 X,,1.139672,24556151
Badge_Rank05_Tier02,BadgeData,BadgeData,BadgeData.lua,defined,3,BaseBadge,Badge_Rank05_Tier02,匿踪者 IX,,1.139672,24556151
Badge_Rank05_Tier03,BadgeData,BadgeData,BadgeData.lua,defined,3,BaseBadge,Badge_Rank05_Tier03,匿踪者 VIII,,1.139672,24556151
Badge_Rank05_Tier04,BadgeData,BadgeData,BadgeData.lua,defined,3,BaseBadge,Badge_Rank05_Tier04,匿踪者 VII,,1.139672,24556151
Badge_Rank05_Tier05,BadgeData,BadgeData,BadgeData.lua,defined,3,BaseBadge,Badge_Rank05_Tier05,匿踪者 VI,,1.139672,24556151
Badge_Rank05_Tier06,BadgeData,BadgeData,BadgeData.lua,defined,3,BaseBadge,Badge_Rank05_Tier06,匿踪者 V,,1.139672,24556151
Badge_Rank05_Tier07,BadgeData,BadgeData,BadgeData.lua,defined,3,BaseBadge,Badge_Rank05_Tier07,匿踪者 IV,,1.139672,24556151
Badge_Rank05_Tier08,BadgeData,BadgeData,BadgeData.lua,defined,3,BaseBadge,Badge_Rank05_Tier08,匿踪者 III,,1.139672,24556151
Badge_Rank05_Tier09,BadgeData,BadgeData,BadgeData.lua,defined,3,BaseBadge,Badge_Rank05_Tier09,匿踪者 II,,1.139672,24556151
Badge_Rank05_Tier10,BadgeData,BadgeData,BadgeData.lua,defined,3,BaseBadge,Badge_Rank05_Tier10,匿踪者 I,,1.139672,24556151
BaseBadge,BadgeData,BadgeData,BadgeData.lua,defined,8,,,,,1.139672,24556151
BasePackageBountyBiomeF,BountyData,BountyData,BountyData.lua,debug_only,3,HecateEncounters,,,,1.139672,24556151
BasePackageBountyBiomeG,BountyData,BountyData,BountyData.lua,debug_only,4,ScyllaEncounters,,,,1.139672,24556151
BasePackageBountyBiomeH,BountyData,BountyData,BountyData.lua,debug_only,4,InfestedCerberusEncounters,,,,1.139672,24556151
BasePackageBountyBiomeI,BountyData,BountyData,BountyData.lua,debug_only,4,ChronosEncounters,,,,1.139672,24556151
BasePackageBountyBiomeN,BountyData,BountyData,BountyData.lua,debug_only,3,PolyphemusEncounters,,,,1.139672,24556151
BasePackageBountyBiomeO,BountyData,BountyData,BountyData.lua,debug_only,4,ErisEncounters,,,,1.139672,24556151
BasePackageBountyBiomeP,BountyData,BountyData,BountyData.lua,debug_only,4,PrometheusEncounters,,,,1.139672,24556151
BasePackageBountyBiomeQ,BountyData,BountyData,BountyData.lua,debug_only,4,TyphonEncounters,,,,1.139672,24556151
BasePackageBountyRandom,BountyData,BountyData,BountyData.lua,debug_only,14,,,,,1.139672,24556151
BountyPackageTest,BountyData,BountyData,BountyData.lua,debug_only,10,DefaultPackagedBounty;HecateEncounters,,,,1.139672,24556151
BountyShrineAxeFBoss,BountyData,BountyData,BountyData.lua,defined,4,DefaultBossHeatBounty;HecateEncounters,,,,1.139672,24556151
BountyShrineAxeGBoss,BountyData,BountyData,BountyData.lua,defined,4,DefaultBossHeatBounty;ScyllaEncounters,,,,1.139672,24556151
BountyShrineAxeHBoss,BountyData,BountyData,BountyData.lua,defined,3,DefaultBossHeatBounty;InfestedCerberusEncounters,,,,1.139672,24556151
BountyShrineAxeIBoss,BountyData,BountyData,BountyData.lua,defined,4,DefaultBossHeatBounty;ChronosEncounters,,,,1.139672,24556151
BountyShrineAxeNBoss,BountyData,BountyData,BountyData.lua,defined,3,DefaultBossHeatBounty;PolyphemusEncounters,,,,1.139672,24556151
BountyShrineAxeOBoss,BountyData,BountyData,BountyData.lua,defined,3,DefaultBossHeatBounty;ErisEncounters,,,,1.139672,24556151
BountyShrineAxePBoss,BountyData,BountyData,BountyData.lua,defined,3,DefaultBossHeatBounty;PrometheusEncounters,,,,1.139672,24556151
BountyShrineAxeQBoss,BountyData,BountyData,BountyData.lua,defined,4,DefaultBossHeatBounty;TyphonEncounters,,,,1.139672,24556151
BountyShrineDaggerFBoss,BountyData,BountyData,BountyData.lua,defined,4,DefaultBossHeatBounty;HecateEncounters,,,,1.139672,24556151
BountyShrineDaggerGBoss,BountyData,BountyData,BountyData.lua,defined,3,DefaultBossHeatBounty;ScyllaEncounters,,,,1.139672,24556151
BountyShrineDaggerHBoss,BountyData,BountyData,BountyData.lua,defined,3,DefaultBossHeatBounty;InfestedCerberusEncounters,,,,1.139672,24556151
BountyShrineDaggerIBoss,BountyData,BountyData,BountyData.lua,defined,4,DefaultBossHeatBounty;ChronosEncounters,,,,1.139672,24556151
BountyShrineDaggerNBoss,BountyData,BountyData,BountyData.lua,defined,3,DefaultBossHeatBounty;PolyphemusEncounters,,,,1.139672,24556151
BountyShrineDaggerOBoss,BountyData,BountyData,BountyData.lua,defined,3,DefaultBossHeatBounty;ErisEncounters,,,,1.139672,24556151
BountyShrineDaggerPBoss,BountyData,BountyData,BountyData.lua,defined,4,DefaultBossHeatBounty;PrometheusEncounters,,,,1.139672,24556151
BountyShrineDaggerQBoss,BountyData,BountyData,BountyData.lua,defined,4,DefaultBossHeatBounty;TyphonEncounters,,,,1.139672,24556151
BountyShrineLobFBoss,BountyData,BountyData,BountyData.lua,defined,3,DefaultBossHeatBounty;HecateEncounters,,,,1.139672,24556151
BountyShrineLobGBoss,BountyData,BountyData,BountyData.lua,defined,3,DefaultBossHeatBounty;ScyllaEncounters,,,,1.139672,24556151
BountyShrineLobHBoss,BountyData,BountyData,BountyData.lua,defined,3,DefaultBossHeatBounty;InfestedCerberusEncounters,,,,1.139672,24556151
BountyShrineLobIBoss,BountyData,BountyData,BountyData.lua,defined,4,DefaultBossHeatBounty;ChronosEncounters,,,,1.139672,24556151
BountyShrineLobNBoss,BountyData,BountyData,BountyData.lua,defined,4,DefaultBossHeatBounty;PolyphemusEncounters,,,,1.139672,24556151
BountyShrineLobOBoss,BountyData,BountyData,BountyData.lua,defined,4,DefaultBossHeatBounty;ErisEncounters,,,,1.139672,24556151
BountyShrineLobPBoss,BountyData,BountyData,BountyData.lua,defined,3,DefaultBossHeatBounty;PrometheusEncounters,,,,1.139672,24556151
BountyShrineLobQBoss,BountyData,BountyData,BountyData.lua,defined,4,DefaultBossHeatBounty;TyphonEncounters,,,,1.139672,24556151
BountyShrineStaffFBoss,BountyData,BountyData,BountyData.lua,defined,3,DefaultBossHeatBounty;HecateEncounters,,,,1.139672,24556151
BountyShrineStaffGBoss,BountyData,BountyData,BountyData.lua,defined,3,DefaultBossHeatBounty;ScyllaEncounters,,,,1.139672,24556151
BountyShrineStaffHBoss,BountyData,BountyData,BountyData.lua,defined,4,DefaultBossHeatBounty;InfestedCerberusEncounters,,,,1.139672,24556151
BountyShrineStaffIBoss,BountyData,BountyData,BountyData.lua,defined,4,DefaultBossHeatBounty;ChronosEncounters,,,,1.139672,24556151
BountyShrineStaffNBoss,BountyData,BountyData,BountyData.lua,defined,3,DefaultBossHeatBounty;PolyphemusEncounters,,,,1.139672,24556151
BountyShrineStaffOBoss,BountyData,BountyData,BountyData.lua,defined,3,DefaultBossHeatBounty;ErisEncounters,,,,1.139672,24556151
BountyShrineStaffPBoss,BountyData,BountyData,BountyData.lua,defined,4,DefaultBossHeatBounty;PrometheusEncounters,,,,1.139672,24556151
BountyShrineStaffQBoss,BountyData,BountyData,BountyData.lua,defined,4,DefaultBossHeatBounty;TyphonEncounters,,,,1.139672,24556151
BountyShrineSuitFBoss,BountyData,BountyData,BountyData.lua,defined,3,DefaultBossHeatBounty;HecateEncounters,,,,1.139672,24556151
BountyShrineSuitGBoss,BountyData,BountyData,BountyData.lua,defined,3,DefaultBossHeatBounty;ScyllaEncounters,,,,1.139672,24556151
BountyShrineSuitHBoss,BountyData,BountyData,BountyData.lua,defined,4,DefaultBossHeatBounty;InfestedCerberusEncounters,,,,1.139672,24556151
BountyShrineSuitIBoss,BountyData,BountyData,BountyData.lua,defined,4,DefaultBossHeatBounty;ChronosEncounters,,,,1.139672,24556151
BountyShrineSuitNBoss,BountyData,BountyData,BountyData.lua,defined,3,DefaultBossHeatBounty;PolyphemusEncounters,,,,1.139672,24556151
BountyShrineSuitOBoss,BountyData,BountyData,BountyData.lua,defined,4,DefaultBossHeatBounty;ErisEncounters,,,,1.139672,24556151
BountyShrineSuitPBoss,BountyData,BountyData,BountyData.lua,defined,3,DefaultBossHeatBounty;PrometheusEncounters,,,,1.139672,24556151
BountyShrineSuitQBoss,BountyData,BountyData,BountyData.lua,defined,4,DefaultBossHeatBounty;TyphonEncounters,,,,1.139672,24556151
BountyShrineTorchFBoss,BountyData,BountyData,BountyData.lua,defined,3,DefaultBossHeatBounty;HecateEncounters,,,,1.139672,24556151
BountyShrineTorchGBoss,BountyData,BountyData,BountyData.lua,defined,4,DefaultBossHeatBounty;ScyllaEncounters,,,,1.139672,24556151
BountyShrineTorchHBoss,BountyData,BountyData,BountyData.lua,defined,3,DefaultBossHeatBounty;InfestedCerberusEncounters,,,,1.139672,24556151
BountyShrineTorchIBoss,BountyData,BountyData,BountyData.lua,defined,4,DefaultBossHeatBounty;ChronosEncounters,,,,1.139672,24556151
BountyShrineTorchNBoss,BountyData,BountyData,BountyData.lua,defined,4,DefaultBossHeatBounty;PolyphemusEncounters,,,,1.139672,24556151
BountyShrineTorchOBoss,BountyData,BountyData,BountyData.lua,defined,3,DefaultBossHeatBounty;ErisEncounters,,,,1.139672,24556151
BountyShrineTorchPBoss,BountyData,BountyData,BountyData.lua,defined,3,DefaultBossHeatBounty;PrometheusEncounters,,,,1.139672,24556151
BountyShrineTorchQBoss,BountyData,BountyData,BountyData.lua,defined,4,DefaultBossHeatBounty;TyphonEncounters,,,,1.139672,24556151
ChronosEncounters,BountyData,BountyData,BountyData.lua,debug_only,2,,,,,1.139672,24556151
DefaultBossHeatBounty,BountyData,BountyData,BountyData.lua,debug_only,4,,,,,1.139672,24556151
DefaultPackagedBounty,BountyData,BountyData,BountyData.lua,debug_only,9,,,,,1.139672,24556151
ErisEncounters,BountyData,BountyData,BountyData.lua,debug_only,2,,,,,1.139672,24556151
HecateEncounters,BountyData,BountyData,BountyData.lua,debug_only,2,,,,,1.139672,24556151
InfestedCerberusEncounters,BountyData,BountyData,BountyData.lua,debug_only,2,,,,,1.139672,24556151
PackageBountyAphrodite,BountyData,BountyData,BountyData.lua,defined,13,DefaultPackagedBounty;BasePackageBountyBiomeO,PackageBountyAphrodite,心痛试炼,,1.139672,24556151
PackageBountyAres,BountyData,BountyData,BountyData.lua,defined,13,DefaultPackagedBounty;BasePackageBountyBiomeN,PackageBountyAres,杀戮试炼,,1.139672,24556151
PackageBountyAxeLegendary,BountyData,BountyData,BountyData.lua,defined,12,DefaultPackagedBounty;BasePackageBountyBiomeO,PackageBountyAxeLegendary,悍勇试炼,,1.139672,24556151
PackageBountyChaos,BountyData,BountyData,BountyData.lua,defined,12,DefaultPackagedBounty;BasePackageBountyBiomeP,PackageBountyChaos,命运试炼,,1.139672,24556151
PackageBountyChaosIntro,BountyData,BountyData,BountyData.lua,defined,10,DefaultPackagedBounty;BasePackageBountyBiomeF,PackageBountyChaosIntro,原初试炼,,1.139672,24556151
PackageBountyCriticalHealth,BountyData,BountyData,BountyData.lua,defined,13,DefaultPackagedBounty;BasePackageBountyBiomeO,PackageBountyCriticalHealth,鲜血试炼,,1.139672,24556151
PackageBountyDaggerLegendary,BountyData,BountyData,BountyData.lua,defined,12,DefaultPackagedBounty;BasePackageBountyBiomeG,PackageBountyDaggerLegendary,女妖试炼,,1.139672,24556151
PackageBountyDemeter,BountyData,BountyData,BountyData.lua,defined,12,DefaultPackagedBounty;BasePackageBountyBiomeH,PackageBountyDemeter,秋收试炼,,1.139672,24556151
PackageBountyGold,BountyData,BountyData,BountyData.lua,defined,13,DefaultPackagedBounty;BasePackageBountyBiomeN,PackageBountyGold,黄金试炼,,1.139672,24556151
PackageBountyHazard,BountyData,BountyData,BountyData.lua,defined,14,DefaultPackagedBounty;BasePackageBountyBiomeN,PackageBountyHazard,浩劫试炼,,1.139672,24556151
PackageBountyHealer,BountyData,BountyData,BountyData.lua,defined,12,DefaultPackagedBounty;BasePackageBountyBiomeG,PackageBountyHealer,活力试炼,,1.139672,24556151
PackageBountyHecate,BountyData,BountyData,BountyData.lua,defined,13,DefaultPackagedBounty;BasePackageBountyBiomeF,PackageBountyHecate,侍女试炼,,1.139672,24556151
PackageBountyHellChop,BountyData,BountyData,BountyData.lua,defined,13,DefaultPackagedBounty;BasePackageBountyBiomeF,PackageBountyHellChop,体魄试炼,,1.139672,24556151
PackageBountyHera,BountyData,BountyData,BountyData.lua,defined,13,DefaultPackagedBounty;BasePackageBountyBiomeP,PackageBountyHera,荣誉试炼,,1.139672,24556151
PackageBountyHestia,BountyData,BountyData,BountyData.lua,defined,13,DefaultPackagedBounty;BasePackageBountyBiomeH,PackageBountyHestia,烈焰试炼,,1.139672,24556151
PackageBountyLobLegendary,BountyData,BountyData,BountyData.lua,defined,13,DefaultPackagedBounty;BasePackageBountyBiomeF,PackageBountyLobLegendary,流放试炼,,1.139672,24556151
PackageBountyLowMana,BountyData,BountyData,BountyData.lua,defined,12,DefaultPackagedBounty;BasePackageBountyBiomeG,PackageBountyLowMana,盛怒试炼,,1.139672,24556151
PackageBountyOceanus,BountyData,BountyData,BountyData.lua,defined,11,DefaultPackagedBounty;BasePackageBountyBiomeG,PackageBountyOceanus,海盐试炼,,1.139672,24556151
PackageBountyOneTouch,BountyData,BountyData,BountyData.lua,defined,13,DefaultPackagedBounty;BasePackageBountyBiomeG,PackageBountyOneTouch,灭绝试炼,,1.139672,24556151
PackageBountyPolyphemus,BountyData,BountyData,BountyData.lua,defined,13,DefaultPackagedBounty;BasePackageBountyBiomeN,PackageBountyPolyphemus,羊群试炼,,1.139672,24556151
PackageBountyRandomSurface_Difficulty1,BountyData,BountyData,BountyData.lua,defined,10,BasePackageBountyRandom;TyphonEncounters,PackageBountyRandomSurface_Difficulty1,天界混沌,,1.139672,24556151
PackageBountyRandomSurface_Difficulty2,BountyData,BountyData,BountyData.lua,defined,9,BasePackageBountyRandom;TyphonEncounters,PackageBountyRandomSurface_Difficulty2,超级天界混沌,,1.139672,24556151
PackageBountyRandomUnderworld_Difficulty1,BountyData,BountyData,BountyData.lua,defined,10,BasePackageBountyRandom;ChronosEncounters,PackageBountyRandomUnderworld_Difficulty1,冥界混沌,,1.139672,24556151
PackageBountyRandomUnderworld_Difficulty2,BountyData,BountyData,BountyData.lua,defined,9,BasePackageBountyRandom;ChronosEncounters,PackageBountyRandomUnderworld_Difficulty2,超级冥界混沌,,1.139672,24556151
PackageBountyRevenge,BountyData,BountyData,BountyData.lua,defined,13,DefaultPackagedBounty;BasePackageBountyBiomeN,PackageBountyRevenge,复仇试炼,,1.139672,24556151
PackageBountyScylla,BountyData,BountyData,BountyData.lua,defined,13,DefaultPackagedBounty;BasePackageBountyBiomeG,PackageBountyScylla,漂泊试炼,,1.139672,24556151
PackageBountySpeed,BountyData,BountyData,BountyData.lua,defined,13,DefaultPackagedBounty;BasePackageBountyBiomeH,PackageBountySpeed,迅捷试炼,,1.139672,24556151
PackageBountySpellCast,BountyData,BountyData,BountyData.lua,defined,14,DefaultPackagedBounty;BasePackageBountyBiomeF,PackageBountySpellCast,明月试炼,,1.139672,24556151
PackageBountyStaffLegendary,BountyData,BountyData,BountyData.lua,defined,13,DefaultPackagedBounty;BasePackageBountyBiomeN,PackageBountyStaffLegendary,胡狼试炼,,1.139672,24556151
PackageBountyStarter,BountyData,BountyData,BountyData.lua,defined,9,DefaultPackagedBounty;BasePackageBountyBiomeF,PackageBountyStarter,谦卑试炼,,1.139672,24556151
PackageBountyStrife,BountyData,BountyData,BountyData.lua,defined,13,DefaultPackagedBounty;BasePackageBountyBiomeO,PackageBountyStrife,金苹果试炼,,1.139672,24556151
PackageBountySuitLegendary,BountyData,BountyData,BountyData.lua,defined,12,DefaultPackagedBounty;BasePackageBountyBiomeP,PackageBountySuitLegendary,主宰试炼,,1.139672,24556151
PackageBountyTorchLegendary,BountyData,BountyData,BountyData.lua,defined,12,DefaultPackagedBounty;BasePackageBountyBiomeH,PackageBountyTorchLegendary,魔神试炼,,1.139672,24556151
PackageBountyZeus,BountyData,BountyData,BountyData.lua,defined,14,DefaultPackagedBounty;BasePackageBountyBiomeF,PackageBountyZeus,雷霆试炼,,1.139672,24556151
PolyphemusEncounters,BountyData,BountyData,BountyData.lua,debug_only,2,,,,,1.139672,24556151
PrometheusEncounters,BountyData,BountyData,BountyData.lua,debug_only,2,,,,,1.139672,24556151
ScyllaEncounters,BountyData,BountyData,BountyData.lua,debug_only,2,,,,,1.139672,24556151
ShrineBountyNameSwapMap,BountyData,BountyData,BountyData.lua,defined,42,,,,,1.139672,24556151
TyphonEncounters,BountyData,BountyData,BountyData.lua,debug_only,2,,,,,1.139672,24556151
Costume_Default,CostumeData,CostumeData,CostumeData.lua,defined,2,,,,,1.139672,24556151
BiomeFish,FishingData,FishingData,HarvestData.lua,defined,10,,,,,1.139672,24556151
DefaultGameStateRequirements,FishingData,FishingData,HarvestData.lua,stub,0,,,,,1.139672,24556151
Difficulty,FishingData,FishingData,HarvestData.lua,defined,2,,,,,1.139672,24556151
FidgetInterval,FishingData,FishingData,HarvestData.lua,stub,0,,,,,1.139672,24556151
FishValues,FishingData,FishingData,HarvestData.lua,defined,28,BaseFish,,,,1.139672,24556151
HarvestPointName,FishingData,FishingData,HarvestData.lua,stub,0,,,,,1.139672,24556151
RoomChanceName,FishingData,FishingData,HarvestData.lua,stub,0,,,,,1.139672,24556151
SpawnChance,FishingData,FishingData,HarvestData.lua,stub,0,,,,,1.139672,24556151
SpawnLimitPerBiome,FishingData,FishingData,HarvestData.lua,stub,0,,,,,1.139672,24556151
ToolName,FishingData,FishingData,HarvestData.lua,stub,0,,,,,1.139672,24556151
JustPlantedAnimation,GardenData,GardenData,GardenData.lua,stub,0,,,,,1.139672,24556151
PlotOrder,GardenData,GardenData,GardenData.lua,stub,0,,,,,1.139672,24556151
Seeds,GardenData,GardenData,GardenData.lua,defined,10,,,,,1.139672,24556151
DefaultGameStateRequirements,HarvestData,HarvestData,HarvestData.lua,stub,0,,,,,1.139672,24556151
DefaultSpawnChances,HarvestData,HarvestData,HarvestData.lua,stub,0,,,,,1.139672,24556151
WeightedOptions,HarvestData,HarvestData,HarvestData.lua,stub,0,,,,,1.139672,24556151
BaseBonusMetaUpgrade,MetaUpgradeCardData,MetaUpgradeCardData,MetaUpgradeData.lua,debug_only,6,,,,,1.139672,24556151
BaseMetaUpgrade,MetaUpgradeCardData,MetaUpgradeCardData,MetaUpgradeData.lua,debug_only,6,,,,,1.139672,24556151
BonusDodge,MetaUpgradeCardData,MetaUpgradeCardData,MetaUpgradeData.lua,defined,10,BaseBonusMetaUpgrade,BonusDodge,信使,,1.139672,24556151
BonusHealth,MetaUpgradeCardData,MetaUpgradeCardData,MetaUpgradeData.lua,defined,10,BaseBonusMetaUpgrade,BonusHealth,坚毅,,1.139672,24556151
BonusRarity,MetaUpgradeCardData,MetaUpgradeCardData,MetaUpgradeData.lua,defined,12,BaseBonusMetaUpgrade,BonusRarity,王后,,1.139672,24556151
CardDraw,MetaUpgradeCardData,MetaUpgradeCardData,MetaUpgradeData.lua,defined,10,BaseBonusMetaUpgrade,CardDraw,审判,,1.139672,24556151
CastBuff,MetaUpgradeCardData,MetaUpgradeCardData,MetaUpgradeData.lua,defined,11,BaseMetaUpgrade,CastBuff,复仇三女神,,1.139672,24556151
CastCount,MetaUpgradeCardData,MetaUpgradeCardData,MetaUpgradeData.lua,defined,10,BaseMetaUpgrade,CastCount,永恒,,1.139672,24556151
ChanneledBlock,MetaUpgradeCardData,MetaUpgradeCardData,MetaUpgradeData.lua,defined,9,BaseMetaUpgrade,ChanneledBlock,恋人,,1.139672,24556151
ChanneledCast,MetaUpgradeCardData,MetaUpgradeCardData,MetaUpgradeData.lua,defined,11,BaseMetaUpgrade,ChanneledCast,女术士,,1.139672,24556151
DoorReroll,MetaUpgradeCardData,MetaUpgradeCardData,MetaUpgradeData.lua,defined,11,BaseMetaUpgrade,DoorReroll,巫术师,,1.139672,24556151
EpicRarityBoost,MetaUpgradeCardData,MetaUpgradeCardData,MetaUpgradeData.lua,defined,10,BaseBonusMetaUpgrade,EpicRarityBoost,神性,,1.139672,24556151
HealthRegen,MetaUpgradeCardData,MetaUpgradeCardData,MetaUpgradeData.lua,defined,12,BaseMetaUpgrade,HealthRegen,逆子,,1.139672,24556151
LastStand,MetaUpgradeCardData,MetaUpgradeCardData,MetaUpgradeData.lua,defined,11,BaseMetaUpgrade,LastStand,死神,,1.139672,24556151
LowHealthBonus,MetaUpgradeCardData,MetaUpgradeCardData,MetaUpgradeData.lua,defined,11,BaseMetaUpgrade,LowHealthBonus,力量,,1.139672,24556151
LowManaDamageBonus,MetaUpgradeCardData,MetaUpgradeCardData,MetaUpgradeData.lua,defined,9,BaseMetaUpgrade,LowManaDamageBonus,猎手,,1.139672,24556151
MagicCrit,MetaUpgradeCardData,MetaUpgradeCardData,MetaUpgradeData.lua,defined,9,BaseMetaUpgrade,MagicCrit,黑夜,,1.139672,24556151
ManaOverTime,MetaUpgradeCardData,MetaUpgradeCardData,MetaUpgradeData.lua,defined,10,BaseMetaUpgrade,ManaOverTime,匿踪者,,1.139672,24556151
MaxHealthPerRoom,MetaUpgradeCardData,MetaUpgradeCardData,MetaUpgradeData.lua,defined,11,BaseBonusMetaUpgrade,MaxHealthPerRoom,半人马,,1.139672,24556151
MetaToRunUpgrade,MetaUpgradeCardData,MetaUpgradeCardData,MetaUpgradeData.lua,defined,10,BaseMetaUpgrade,MetaToRunUpgrade,巧匠,,1.139672,24556151
RarityBoost,MetaUpgradeCardData,MetaUpgradeCardData,MetaUpgradeData.lua,defined,9,BaseMetaUpgrade,RarityBoost,精锐,,1.139672,24556151
ScreenReroll,MetaUpgradeCardData,MetaUpgradeCardData,MetaUpgradeData.lua,defined,11,BaseMetaUpgrade,ScreenReroll,斗士,,1.139672,24556151
SorceryRegenUpgrade,MetaUpgradeCardData,MetaUpgradeCardData,MetaUpgradeData.lua,defined,11,BaseMetaUpgrade,SorceryRegenUpgrade,月亮,,1.139672,24556151
SprintShield,MetaUpgradeCardData,MetaUpgradeCardData,MetaUpgradeData.lua,defined,10,BaseMetaUpgrade,SprintShield,迅疾者,,1.139672,24556151
StartingGold,MetaUpgradeCardData,MetaUpgradeCardData,MetaUpgradeData.lua,defined,11,BaseMetaUpgrade,StartingGold,摆渡人,,1.139672,24556151
StatusVulnerability,MetaUpgradeCardData,MetaUpgradeCardData,MetaUpgradeData.lua,defined,9,BaseMetaUpgrade,StatusVulnerability,起源,,1.139672,24556151
TradeOff,MetaUpgradeCardData,MetaUpgradeCardData,MetaUpgradeData.lua,defined,14,BaseMetaUpgrade,TradeOff,命运,,1.139672,24556151
BanUnpickedBoonsShrineUpgrade,MetaUpgradeData,MetaUpgradeData,MetaUpgradeData.lua,defined,5,BaseMetaUpgrade,BanUnpickedBoonsShrineUpgrade,拒却之誓,,1.139672,24556151
BaseMetaUpgrade,MetaUpgradeData,MetaUpgradeData,MetaUpgradeData.lua,defined,1,,,,,1.139672,24556151
BiomeSpeedShrineUpgrade,MetaUpgradeData,MetaUpgradeData,MetaUpgradeData.lua,defined,8,BaseMetaUpgrade,BiomeSpeedShrineUpgrade,时间之誓,,1.139672,24556151
BoonManaReserveShrineUpgrade,MetaUpgradeData,MetaUpgradeData,MetaUpgradeData.lua,defined,6,BaseMetaUpgrade,BoonManaReserveShrineUpgrade,傲慢之誓,,1.139672,24556151
BoonSkipShrineUpgrade,MetaUpgradeData,MetaUpgradeData,MetaUpgradeData.lua,defined,5,BaseMetaUpgrade,BoonSkipShrineUpgrade,苦涩之誓,,1.139672,24556151
BossDifficultyShrineUpgrade,MetaUpgradeData,MetaUpgradeData,MetaUpgradeData.lua,defined,9,BaseMetaUpgrade,BossDifficultyShrineUpgrade,敌手之誓,,1.139672,24556151
EnemyCountShrineUpgrade,MetaUpgradeData,MetaUpgradeData,MetaUpgradeData.lua,defined,6,BaseMetaUpgrade,EnemyCountShrineUpgrade,蜂拥之誓,,1.139672,24556151
EnemyDamageShrineUpgrade,MetaUpgradeData,MetaUpgradeData,MetaUpgradeData.lua,defined,8,BaseMetaUpgrade,EnemyDamageShrineUpgrade,痛苦之誓,,1.139672,24556151
EnemyEliteShrineUpgrade,MetaUpgradeData,MetaUpgradeData,MetaUpgradeData.lua,defined,5,BaseMetaUpgrade,EnemyEliteShrineUpgrade,尖牙之誓,,1.139672,24556151
EnemyHealthShrineUpgrade,MetaUpgradeData,MetaUpgradeData,MetaUpgradeData.lua,defined,6,BaseMetaUpgrade,EnemyHealthShrineUpgrade,顽强之誓,,1.139672,24556151
EnemyRespawnShrineUpgrade,MetaUpgradeData,MetaUpgradeData,MetaUpgradeData.lua,defined,9,BaseMetaUpgrade,EnemyRespawnShrineUpgrade,缠怨之誓,,1.139672,24556151
EnemyShieldShrineUpgrade,MetaUpgradeData,MetaUpgradeData,MetaUpgradeData.lua,defined,6,BaseMetaUpgrade,EnemyShieldShrineUpgrade,护身之誓,,1.139672,24556151
EnemySpeedShrineUpgrade,MetaUpgradeData,MetaUpgradeData,MetaUpgradeData.lua,defined,6,BaseMetaUpgrade,EnemySpeedShrineUpgrade,躁乱之誓,,1.139672,24556151
HealingReductionShrineUpgrade,MetaUpgradeData,MetaUpgradeData,MetaUpgradeData.lua,defined,6,BaseMetaUpgrade,HealingReductionShrineUpgrade,伤痕之誓,,1.139672,24556151
LimitGraspShrineUpgrade,MetaUpgradeData,MetaUpgradeData,MetaUpgradeData.lua,defined,6,BaseMetaUpgrade,LimitGraspShrineUpgrade,幻灭之誓,,1.139672,24556151
MinibossCountShrineUpgrade,MetaUpgradeData,MetaUpgradeData,MetaUpgradeData.lua,defined,5,BaseMetaUpgrade,MinibossCountShrineUpgrade,繁影之誓,,1.139672,24556151
NextBiomeEnemyShrineUpgrade,MetaUpgradeData,MetaUpgradeData,MetaUpgradeData.lua,defined,8,BaseMetaUpgrade,NextBiomeEnemyShrineUpgrade,猖獗之誓,,1.139672,24556151
ShopPricesShrineUpgrade,MetaUpgradeData,MetaUpgradeData,MetaUpgradeData.lua,defined,6,BaseMetaUpgrade,ShopPricesShrineUpgrade,破财之誓,,1.139672,24556151
ActivateCatFamiliar,ObjectiveData,ObjectiveData,ObjectiveData.lua,defined,1,,,,,1.139672,24556151
AdvancedTooltipPrompt,ObjectiveData,ObjectiveData,ObjectiveData.lua,defined,1,,,,,1.139672,24556151
AnomalyStart,ObjectiveData,ObjectiveData,ObjectiveData.lua,defined,1,,,,,1.139672,24556151
BiomeNPylons,ObjectiveData,ObjectiveData,ObjectiveData.lua,defined,4,,,,,1.139672,24556151
BountyAdvancedTooltip,ObjectiveData,ObjectiveData,ObjectiveData.lua,defined,1,,,,,1.139672,24556151
BountyPrompt,ObjectiveData,ObjectiveData,ObjectiveData.lua,defined,3,,,,,1.139672,24556151
CapturePointProgress,ObjectiveData,ObjectiveData,ObjectiveData.lua,defined,3,,,,,1.139672,24556151
CardPrompt,ObjectiveData,ObjectiveData,ObjectiveData.lua,defined,3,,,,,1.139672,24556151
ChallengeReward,ObjectiveData,ObjectiveData,ObjectiveData.lua,defined,1,,,,,1.139672,24556151
CheckFamiliarInfoPrompt,ObjectiveData,ObjectiveData,ObjectiveData.lua,defined,1,,,,,1.139672,24556151
CheckFamiliarUpgradeInfoPrompt,ObjectiveData,ObjectiveData,ObjectiveData.lua,defined,1,,,,,1.139672,24556151
DoraDecorationIntroPrompt,ObjectiveData,ObjectiveData,ObjectiveData.lua,defined,1,,,,,1.139672,24556151
EliteChallenge,ObjectiveData,ObjectiveData,ObjectiveData.lua,defined,1,,,,,1.139672,24556151
ExorcismPrompt,ObjectiveData,ObjectiveData,ObjectiveData.lua,defined,3,,,,,1.139672,24556151
FamiliarPrompt,ObjectiveData,ObjectiveData,ObjectiveData.lua,defined,3,,,,,1.139672,24556151
FamiliarUpgradePrompt,ObjectiveData,ObjectiveData,ObjectiveData.lua,defined,1,,,,,1.139672,24556151
Flashback02Prompt,ObjectiveData,ObjectiveData,ObjectiveData.lua,defined,1,,,,,1.139672,24556151
GiftMedeaPoints,ObjectiveData,ObjectiveData,ObjectiveData.lua,defined,1,,,,,1.139672,24556151
GiftPrompt,ObjectiveData,ObjectiveData,ObjectiveData.lua,defined,3,,,,,1.139672,24556151
HeraclesMoney,ObjectiveData,ObjectiveData,ObjectiveData.lua,defined,3,,,,,1.139672,24556151
HitSkelly,ObjectiveData,ObjectiveData,ObjectiveData.lua,defined,4,,,,,1.139672,24556151
KeepsakePrompt,ObjectiveData,ObjectiveData,ObjectiveData.lua,defined,3,,,,,1.139672,24556151
KillChronos,ObjectiveData,ObjectiveData,ObjectiveData.lua,defined,1,,,,,1.139672,24556151
KillSkelly,ObjectiveData,ObjectiveData,ObjectiveData.lua,defined,1,,,,,1.139672,24556151
KillTyphon,ObjectiveData,ObjectiveData,ObjectiveData.lua,defined,1,,,,,1.139672,24556151
NemesisBet,ObjectiveData,ObjectiveData,ObjectiveData.lua,defined,2,,,,,1.139672,24556151
NemesisDamageContest,ObjectiveData,ObjectiveData,ObjectiveData.lua,defined,3,,,,,1.139672,24556151
NemesisKills,ObjectiveData,ObjectiveData,ObjectiveData.lua,defined,4,,,,,1.139672,24556151
OpenInventory,ObjectiveData,ObjectiveData,ObjectiveData.lua,defined,1,,,,,1.139672,24556151
OpenInventorySkelly,ObjectiveData,ObjectiveData,ObjectiveData.lua,defined,1,,,,,1.139672,24556151
PerfectClear,ObjectiveData,ObjectiveData,ObjectiveData.lua,defined,1,,,,,1.139672,24556151
PerfectClearCleanup,ObjectiveData,ObjectiveData,ObjectiveData.lua,defined,1,,,,,1.139672,24556151
PlayerKills,ObjectiveData,ObjectiveData,ObjectiveData.lua,defined,3,,,,,1.139672,24556151
PlayerMoney,ObjectiveData,ObjectiveData,ObjectiveData.lua,defined,3,,,,,1.139672,24556151
PostCreditsStartNewRun,ObjectiveData,ObjectiveData,ObjectiveData.lua,defined,1,,,,,1.139672,24556151
SkyEntranceInput,ObjectiveData,ObjectiveData,ObjectiveData.lua,defined,1,,,,,1.139672,24556151
SpellLaserPrompt,ObjectiveData,ObjectiveData,ObjectiveData.lua,defined,1,,,,,1.139672,24556151
SpellLeapPrompt,ObjectiveData,ObjectiveData,ObjectiveData.lua,defined,1,,,,,1.139672,24556151
SpellMeteorPrompt,ObjectiveData,ObjectiveData,ObjectiveData.lua,defined,1,,,,,1.139672,24556151
SpellPolymorphPrompt,ObjectiveData,ObjectiveData,ObjectiveData.lua,defined,1,,,,,1.139672,24556151
SpellPotionPrompt,ObjectiveData,ObjectiveData,ObjectiveData.lua,defined,1,,,,,1.139672,24556151
SpellSummonPrompt,ObjectiveData,ObjectiveData,ObjectiveData.lua,defined,1,,,,,1.139672,24556151
SpellTimeSlowPrompt,ObjectiveData,ObjectiveData,ObjectiveData.lua,defined,1,,,,,1.139672,24556151
SpellTransformPrompt,ObjectiveData,ObjectiveData,ObjectiveData.lua,defined,1,,,,,1.139672,24556151
TimeChallenge,ObjectiveData,ObjectiveData,ObjectiveData.lua,defined,1,,,,,1.139672,24556151
TimeChallengeValue,ObjectiveData,ObjectiveData,ObjectiveData.lua,defined,3,,,,,1.139672,24556151
UseDreamRunDoor,ObjectiveData,ObjectiveData,ObjectiveData.lua,defined,1,,,,,1.139672,24556151
UseShrinePrompt,ObjectiveData,ObjectiveData,ObjectiveData.lua,defined,1,,,,,1.139672,24556151
UseSurfaceDoor,ObjectiveData,ObjectiveData,ObjectiveData.lua,defined,1,,,,,1.139672,24556151
WeaponAxeSpecialSwing,ObjectiveData,ObjectiveData,ObjectiveData.lua,defined,1,,,,,1.139672,24556151
WeaponDaggerThrowCharged,ObjectiveData,ObjectiveData,ObjectiveData.lua,defined,1,,,,,1.139672,24556151
WeaponDaggerWombo,ObjectiveData,ObjectiveData,ObjectiveData.lua,defined,1,,,,,1.139672,24556151
WeaponLobCharged,ObjectiveData,ObjectiveData,ObjectiveData.lua,defined,1,,,,,1.139672,24556151
WeaponLobCharged_Hel,ObjectiveData,ObjectiveData,ObjectiveData.lua,defined,1,,,,,1.139672,24556151
WeaponLobPickup,ObjectiveData,ObjectiveData,ObjectiveData.lua,defined,1,,,,,1.139672,24556151
WeaponLobSpecialCharged,ObjectiveData,ObjectiveData,ObjectiveData.lua,defined,1,,,,,1.139672,24556151
WeaponLobSpecial_Hel,ObjectiveData,ObjectiveData,ObjectiveData.lua,defined,1,,,,,1.139672,24556151
WeaponLob_Hel,ObjectiveData,ObjectiveData,ObjectiveData.lua,defined,1,,,,,1.139672,24556151
WeaponStaffBall_Anubis,ObjectiveData,ObjectiveData,ObjectiveData.lua,defined,1,,,,,1.139672,24556151
WeaponStaffSwing_Anubis,ObjectiveData,ObjectiveData,ObjectiveData.lua,defined,1,,,,,1.139672,24556151
WeaponSuitRangedCharged,ObjectiveData,ObjectiveData,ObjectiveData.lua,defined,1,,,,,1.139672,24556151
WeaponSuitRangedCharged_Shiva,ObjectiveData,ObjectiveData,ObjectiveData.lua,defined,1,,,,,1.139672,24556151
WeaponTorchCharged,ObjectiveData,ObjectiveData,ObjectiveData.lua,defined,1,,,,,1.139672,24556151
WeaponTorchCharged_Supay,ObjectiveData,ObjectiveData,ObjectiveData.lua,defined,1,,,,,1.139672,24556151
WeaponTorchSpecialCharged,ObjectiveData,ObjectiveData,ObjectiveData.lua,defined,1,,,,,1.139672,24556151
ActivateCatFamiliar,ObjectiveSetData,ObjectiveSetData,ObjectiveData.lua,defined,3,,,,,1.139672,24556151
AdvancedTooltipPrompt,ObjectiveSetData,ObjectiveSetData,ObjectiveData.lua,defined,5,,,,,1.139672,24556151
AnomalyStart,ObjectiveSetData,ObjectiveSetData,ObjectiveData.lua,defined,3,,,,,1.139672,24556151
AutofireTorchTutorial,ObjectiveSetData,ObjectiveSetData,ObjectiveData.lua,defined,7,,,,,1.139672,24556151
AxeTutorial,ObjectiveSetData,ObjectiveSetData,ObjectiveData.lua,defined,7,,,,,1.139672,24556151
BiomeNBossUnlock,ObjectiveSetData,ObjectiveSetData,ObjectiveData.lua,defined,5,,,,,1.139672,24556151
BountyAdvancedTooltip,ObjectiveSetData,ObjectiveSetData,ObjectiveData.lua,defined,4,,,,,1.139672,24556151
BountyPrompt,ObjectiveSetData,ObjectiveSetData,ObjectiveData.lua,defined,4,,,,,1.139672,24556151
CapturePoint,ObjectiveSetData,ObjectiveSetData,ObjectiveData.lua,defined,4,,,,,1.139672,24556151
CardPrompt,ObjectiveSetData,ObjectiveSetData,ObjectiveData.lua,defined,3,,,,,1.139672,24556151
CheckFamiliarInfoPrompt,ObjectiveSetData,ObjectiveSetData,ObjectiveData.lua,defined,3,,,,,1.139672,24556151
CheckFamiliarUpgradeInfoPrompt,ObjectiveSetData,ObjectiveSetData,ObjectiveData.lua,defined,3,,,,,1.139672,24556151
DaggerTutorial,ObjectiveSetData,ObjectiveSetData,ObjectiveData.lua,defined,7,,,,,1.139672,24556151
DaggerTutorial_Morrigan,ObjectiveSetData,ObjectiveSetData,ObjectiveData.lua,defined,7,,,,,1.139672,24556151
DoraDecorationIntroPrompt,ObjectiveSetData,ObjectiveSetData,ObjectiveData.lua,defined,3,,,,,1.139672,24556151
DreamRunPrompt,ObjectiveSetData,ObjectiveSetData,ObjectiveData.lua,defined,4,,,,,1.139672,24556151
EliteChallenge,ObjectiveSetData,ObjectiveSetData,ObjectiveData.lua,defined,3,,,,,1.139672,24556151
ExorcismPrompt,ObjectiveSetData,ObjectiveSetData,ObjectiveData.lua,defined,2,,,,,1.139672,24556151
FCastTutorial,ObjectiveSetData,ObjectiveSetData,ObjectiveData.lua,defined,3,,,,,1.139672,24556151
FCastTutorialInCombat,ObjectiveSetData,ObjectiveSetData,ObjectiveData.lua,defined,5,,,,,1.139672,24556151
FamiliarPrompt,ObjectiveSetData,ObjectiveSetData,ObjectiveData.lua,defined,3,,,,,1.139672,24556151
FamiliarUpgradePrompt,ObjectiveSetData,ObjectiveSetData,ObjectiveData.lua,defined,3,,,,,1.139672,24556151
Flashback02Prompt,ObjectiveSetData,ObjectiveSetData,ObjectiveData.lua,defined,2,,,,,1.139672,24556151
GiftMedeaPoints,ObjectiveSetData,ObjectiveSetData,ObjectiveData.lua,defined,4,,,,,1.139672,24556151
GiftPrompt,ObjectiveSetData,ObjectiveSetData,ObjectiveData.lua,defined,4,,,,,1.139672,24556151
HeraclesChallenge,ObjectiveSetData,ObjectiveSetData,ObjectiveData.lua,defined,4,,,,,1.139672,24556151
KeepsakePrompt,ObjectiveSetData,ObjectiveSetData,ObjectiveData.lua,defined,3,,,,,1.139672,24556151
KillChronos,ObjectiveSetData,ObjectiveSetData,ObjectiveData.lua,defined,5,,,,,1.139672,24556151
KillTyphon,ObjectiveSetData,ObjectiveSetData,ObjectiveData.lua,defined,5,,,,,1.139672,24556151
LobTutorial,ObjectiveSetData,ObjectiveSetData,ObjectiveData.lua,defined,7,,,,,1.139672,24556151
LobTutorial_Hel,ObjectiveSetData,ObjectiveSetData,ObjectiveData.lua,defined,7,,,,,1.139672,24556151
NemesisChallenge,ObjectiveSetData,ObjectiveSetData,ObjectiveData.lua,defined,4,,,,,1.139672,24556151
NemesisDamageContest,ObjectiveSetData,ObjectiveSetData,ObjectiveData.lua,defined,4,,,,,1.139672,24556151
OpenInventory,ObjectiveSetData,ObjectiveSetData,ObjectiveData.lua,defined,3,,,,,1.139672,24556151
PerfectClear,ObjectiveSetData,ObjectiveSetData,ObjectiveData.lua,defined,4,,,,,1.139672,24556151
PostCreditsStartNewRun,ObjectiveSetData,ObjectiveSetData,ObjectiveData.lua,defined,4,,,,,1.139672,24556151
ShrineUnlockedPrompt,ObjectiveSetData,ObjectiveSetData,ObjectiveData.lua,defined,5,,,,,1.139672,24556151
SkellyCastQuest,ObjectiveSetData,ObjectiveSetData,ObjectiveData.lua,defined,3,,,,,1.139672,24556151
SkellyHitQuest,ObjectiveSetData,ObjectiveSetData,ObjectiveData.lua,defined,3,,,,,1.139672,24556151
SkellyInventoryQuest,ObjectiveSetData,ObjectiveSetData,ObjectiveData.lua,defined,4,,,,,1.139672,24556151
SkellyKillQuest,ObjectiveSetData,ObjectiveSetData,ObjectiveData.lua,defined,5,,,,,1.139672,24556151
SkellyShadeMercQuest,ObjectiveSetData,ObjectiveSetData,ObjectiveData.lua,defined,3,,,,,1.139672,24556151
SkellySprintQuest,ObjectiveSetData,ObjectiveSetData,ObjectiveData.lua,defined,3,,,,,1.139672,24556151
SkyEntranceInput,ObjectiveSetData,ObjectiveSetData,ObjectiveData.lua,defined,3,,,,,1.139672,24556151
SpellLaserPrompt,ObjectiveSetData,ObjectiveSetData,ObjectiveData.lua,defined,4,,,,,1.139672,24556151
SpellLeapPrompt,ObjectiveSetData,ObjectiveSetData,ObjectiveData.lua,defined,4,,,,,1.139672,24556151
SpellMeteorPrompt,ObjectiveSetData,ObjectiveSetData,ObjectiveData.lua,defined,4,,,,,1.139672,24556151
SpellPolymorphPrompt,ObjectiveSetData,ObjectiveSetData,ObjectiveData.lua,defined,4,,,,,1.139672,24556151
SpellPotionPrompt,ObjectiveSetData,ObjectiveSetData,ObjectiveData.lua,defined,4,,,,,1.139672,24556151
SpellSummonPrompt,ObjectiveSetData,ObjectiveSetData,ObjectiveData.lua,defined,4,,,,,1.139672,24556151
SpellTimeSlowPrompt,ObjectiveSetData,ObjectiveSetData,ObjectiveData.lua,defined,4,,,,,1.139672,24556151
SpellTransformPrompt,ObjectiveSetData,ObjectiveSetData,ObjectiveData.lua,defined,4,,,,,1.139672,24556151
StaffTutorial,ObjectiveSetData,ObjectiveSetData,ObjectiveData.lua,defined,7,,,,,1.139672,24556151
StaffTutorial_Anubis,ObjectiveSetData,ObjectiveSetData,ObjectiveData.lua,defined,7,,,,,1.139672,24556151
SuitTutorial,ObjectiveSetData,ObjectiveSetData,ObjectiveData.lua,defined,7,,,,,1.139672,24556151
SuitTutorial_Shiva,ObjectiveSetData,ObjectiveSetData,ObjectiveData.lua,defined,7,,,,,1.139672,24556151
SurfaceDoorPrompt,ObjectiveSetData,ObjectiveSetData,ObjectiveData.lua,defined,5,,,,,1.139672,24556151
TimeChallenge,ObjectiveSetData,ObjectiveSetData,ObjectiveData.lua,defined,3,,,,,1.139672,24556151
TorchTutorial,ObjectiveSetData,ObjectiveSetData,ObjectiveData.lua,defined,7,,,,,1.139672,24556151
DefaultBondQuest,QuestData,QuestData<overwrite>,QuestData.lua,debug_only,2,,,,,1.139672,24556151
DefaultBondSpecialQuest,QuestData,QuestData<overwrite>,QuestData.lua,debug_only,2,,,,,1.139672,24556151
DefaultChaosQuest,QuestData,QuestData<overwrite>,QuestData.lua,debug_only,2,,,,,1.139672,24556151
DefaultFatesQuest,QuestData,QuestData<overwrite>,QuestData.lua,debug_only,2,,,,,1.139672,24556151
DefaultKillQuest,QuestData,QuestData<overwrite>,QuestData.lua,debug_only,2,,,,,1.139672,24556151
DefaultNatureQuest,QuestData,QuestData<overwrite>,QuestData.lua,debug_only,2,,,,,1.139672,24556151
DefaultNoDecalQuest,QuestData,QuestData<overwrite>,QuestData.lua,debug_only,2,,,,,1.139672,24556151
DefaultOlympianQuest,QuestData,QuestData<overwrite>,QuestData.lua,debug_only,2,,,,,1.139672,24556151
DefaultQuestItem,QuestData,QuestData<overwrite>,QuestData.lua,debug_only,3,,,,,1.139672,24556151
DefaultUnseenQuest,QuestData,QuestData<overwrite>,QuestData.lua,debug_only,2,,,,,1.139672,24556151
QuestAphroditeUpgrades,QuestData,QuestData<overwrite>,QuestData.lua,defined,6,DefaultQuestItem;DefaultBondQuest,QuestAphroditeUpgrades,美丽之主,,1.139672,24556151
QuestApolloUpgrades,QuestData,QuestData<overwrite>,QuestData.lua,defined,6,DefaultQuestItem;DefaultOlympianQuest,QuestApolloUpgrades,光明之主,,1.139672,24556151
QuestArachneUpgrades,QuestData,QuestData<overwrite>,QuestData.lua,defined,6,DefaultQuestItem;DefaultFatesQuest,QuestArachneUpgrades,华服织匠,,1.139672,24556151
QuestAresUpgrades,QuestData,QuestData<overwrite>,QuestData.lua,defined,6,DefaultQuestItem;DefaultKillQuest,QuestAresUpgrades,战争之主,,1.139672,24556151
QuestArtemisUpgrades,QuestData,QuestData<overwrite>,QuestData.lua,defined,6,DefaultQuestItem;DefaultNatureQuest,QuestArtemisUpgrades,狩猎之主,,1.139672,24556151
QuestAthenaUpgrades,QuestData,QuestData<overwrite>,QuestData.lua,defined,6,DefaultQuestItem;DefaultOlympianQuest,QuestAthenaUpgrades,善战之主,,1.139672,24556151
QuestAxeHammerUpgrades,QuestData,QuestData<overwrite>,QuestData.lua,defined,6,DefaultQuestItem;DefaultUnseenQuest,QuestAxeHammerUpgrades,月石之斧,,1.139672,24556151
QuestBeatChronosWithArcana,QuestData,QuestData<overwrite>,QuestData.lua,defined,7,DefaultQuestItem;DefaultKillQuest,QuestBeatChronosWithArcana,万古奥秘,,1.139672,24556151
QuestBeatHecate,QuestData,QuestData<overwrite>,QuestData.lua,defined,6,DefaultQuestItem;DefaultUnseenQuest,QuestBeatHecate,岔路女巫,,1.139672,24556151
QuestBeatHecateWithoutArcana,QuestData,QuestData<overwrite>,QuestData.lua,defined,6,DefaultQuestItem;DefaultUnseenQuest,QuestBeatHecateWithoutArcana,真才实学,,1.139672,24556151
QuestBeatTyphonWithWeapons,QuestData,QuestData<overwrite>,QuestData.lua,defined,6,DefaultQuestItem;DefaultKillQuest,QuestBeatTyphonWithWeapons,暗夜之剑,,1.139672,24556151
QuestCatchFish,QuestData,QuestData<overwrite>,QuestData.lua,defined,7,DefaultQuestItem;DefaultNatureQuest,QuestCatchFish,水中居民,,1.139672,24556151
QuestCauldronSpellsSmall,QuestData,QuestData<overwrite>,QuestData.lua,defined,6,DefaultQuestItem;DefaultUnseenQuest,QuestCauldronSpellsSmall,咒术大师,,1.139672,24556151
QuestChaosBlessings,QuestData,QuestData<overwrite>,QuestData.lua,defined,6,DefaultQuestItem;DefaultChaosQuest,QuestChaosBlessings,原初美善,,1.139672,24556151
QuestChaosCurses,QuestData,QuestData<overwrite>,QuestData.lua,defined,6,DefaultQuestItem;DefaultChaosQuest,QuestChaosCurses,原初罪恶,,1.139672,24556151
QuestChaosKeepsakeFullRun,QuestData,QuestData<overwrite>,QuestData.lua,defined,8,DefaultQuestItem;DefaultChaosQuest,QuestChaosKeepsakeFullRun,天选之神,,1.139672,24556151
QuestCirceUpgrades,QuestData,QuestData<overwrite>,QuestData.lua,defined,6,DefaultQuestItem;DefaultNatureQuest,QuestCirceUpgrades,变化女巫,,1.139672,24556151
QuestClearBountiesSmall,QuestData,QuestData<overwrite>,QuestData.lua,defined,6,DefaultQuestItem;DefaultChaosQuest,QuestClearBountiesSmall,混沌旨意,,1.139672,24556151
QuestClearedWithAllAspects,QuestData,QuestData<overwrite>,QuestData.lua,defined,6,DefaultQuestItem;DefaultKillQuest,QuestClearedWithAllAspects,暗夜奇才,,1.139672,24556151
QuestClearedWithAllFamiliars,QuestData,QuestData<overwrite>,QuestData.lua,defined,6,DefaultQuestItem;DefaultNatureQuest,QuestClearedWithAllFamiliars,兽栏大师,,1.139672,24556151
QuestCodexSmall,QuestData,QuestData<overwrite>,QuestData.lua,defined,6,DefaultQuestItem;DefaultUnseenQuest,QuestCodexSmall,暗影学识,,1.139672,24556151
QuestCollectDreamPoints,QuestData,QuestData<overwrite>,QuestData.lua,defined,6,DefaultQuestItem;DefaultKillQuest,QuestCollectDreamPoints,歇息之梦,,1.139672,24556151
QuestCosmeticsSmall,QuestData,QuestData<overwrite>,QuestData.lua,defined,6,DefaultQuestItem;DefaultBondQuest,QuestCosmeticsSmall,岔路之家,,1.139672,24556151
QuestDaggerHammerUpgrades,QuestData,QuestData<overwrite>,QuestData.lua,defined,6,DefaultQuestItem;DefaultUnseenQuest,QuestDaggerHammerUpgrades,姊妹双刃,,1.139672,24556151
QuestDarkSorceries,QuestData,QuestData<overwrite>,QuestData.lua,defined,6,DefaultQuestItem;DefaultUnseenQuest,QuestDarkSorceries,月之礼赠,,1.139672,24556151
QuestDeliverAnubisAspect,QuestData,QuestData<overwrite>,QuestData.lua,defined,8,DefaultQuestItem;DefaultFatesQuest,QuestDeliverAnubisAspect,胡狼形态,,1.139672,24556151
QuestDeliverHelAspect,QuestData,QuestData<overwrite>,QuestData.lua,defined,8,DefaultQuestItem;DefaultFatesQuest,QuestDeliverHelAspect,幽冥形态,,1.139672,24556151
QuestDeliverMorriganAspect,QuestData,QuestData<overwrite>,QuestData.lua,defined,8,DefaultQuestItem;DefaultFatesQuest,QuestDeliverMorriganAspect,乌鸦形态,,1.139672,24556151
QuestDeliverNergalAspect,QuestData,QuestData<overwrite>,QuestData.lua,defined,8,DefaultQuestItem;DefaultFatesQuest,QuestDeliverNergalAspect,战士形态,,1.139672,24556151
QuestDeliverShivaAspect,QuestData,QuestData<overwrite>,QuestData.lua,defined,8,DefaultQuestItem;DefaultFatesQuest,QuestDeliverShivaAspect,灭世形态,,1.139672,24556151
QuestDeliverSupayAspect,QuestData,QuestData<overwrite>,QuestData.lua,defined,8,DefaultQuestItem;DefaultFatesQuest,QuestDeliverSupayAspect,暗影形态,,1.139672,24556151
QuestDemeterUpgrades,QuestData,QuestData<overwrite>,QuestData.lua,defined,6,DefaultQuestItem;DefaultOlympianQuest,QuestDemeterUpgrades,四季之主,,1.139672,24556151
QuestDionysusUpgrades,QuestData,QuestData<overwrite>,QuestData.lua,defined,6,DefaultQuestItem;DefaultOlympianQuest,QuestDionysusUpgrades,狂欢之主,,1.139672,24556151
QuestDreamClearedWithAllWeapons,QuestData,QuestData<overwrite>,QuestData.lua,defined,6,DefaultQuestItem;DefaultKillQuest,QuestDreamClearedWithAllWeapons,胜利之梦,,1.139672,24556151
QuestDreamClearedWithShrinePoints,QuestData,QuestData<overwrite>,QuestData.lua,defined,6,DefaultQuestItem;DefaultKillQuest,QuestDreamClearedWithShrinePoints,恐惧之梦,,1.139672,24556151
QuestEchoUpgrades,QuestData,QuestData<overwrite>,QuestData.lua,defined,6,DefaultQuestItem;DefaultNatureQuest,QuestEchoUpgrades,余音不散,,1.139672,24556151
QuestEliteAttributeKills,QuestData,QuestData<overwrite>,QuestData.lua,defined,7,DefaultQuestItem;DefaultKillQuest,QuestEliteAttributeKills,杀意毕露,,1.139672,24556151
QuestFirstSurfaceClear,QuestData,QuestData<overwrite>,QuestData.lua,defined,8,DefaultQuestItem;DefaultFatesQuest,QuestFirstSurfaceClear,天界风暴,,1.139672,24556151
QuestFirstUnderworldClear,QuestData,QuestData<overwrite>,QuestData.lua,defined,6,DefaultQuestItem;DefaultFatesQuest,QuestFirstUnderworldClear,挫败时间,,1.139672,24556151
QuestGiftNectar,QuestData,QuestData<overwrite>,QuestData.lua,defined,6,DefaultQuestItem;DefaultBondQuest,QuestGiftNectar,好礼相送,,1.139672,24556151
QuestHadesUpgrades,QuestData,QuestData<overwrite>,QuestData.lua,defined,6,DefaultQuestItem;DefaultKillQuest,QuestHadesUpgrades,死者之主,,1.139672,24556151
QuestHelpArachne,QuestData,QuestData<overwrite>,QuestData.lua,defined,10,DefaultQuestItem;DefaultBondSpecialQuest,QuestHelpArachne,新绸旧怨,,1.139672,24556151
QuestHelpCirce,QuestData,QuestData<overwrite>,QuestData.lua,defined,7,DefaultQuestItem;DefaultKillQuest,QuestHelpCirce,淹没野心,,1.139672,24556151
QuestHelpDora,QuestData,QuestData<overwrite>,QuestData.lua,defined,10,DefaultQuestItem;DefaultBondSpecialQuest,QuestHelpDora,往日重现,,1.139672,24556151
QuestHelpMedea,QuestData,QuestData<overwrite>,QuestData.lua,defined,6,DefaultQuestItem;DefaultKillQuest,QuestHelpMedea,苦涩泪珠,,1.139672,24556151
QuestHelpNarcissusAndEcho,QuestData,QuestData<overwrite>,QuestData.lua,defined,10,DefaultQuestItem;DefaultBondSpecialQuest,QuestHelpNarcissusAndEcho,余音潋滟,,1.139672,24556151
QuestHelpOdysseus,QuestData,QuestData<overwrite>,QuestData.lua,defined,10,DefaultQuestItem;DefaultBondSpecialQuest,QuestHelpOdysseus,恩怨未了,,1.139672,24556151
QuestHephaestusUpgrades,QuestData,QuestData<overwrite>,QuestData.lua,defined,6,DefaultQuestItem;DefaultOlympianQuest,QuestHephaestusUpgrades,锻炉之主,,1.139672,24556151
QuestHeraUpgrades,QuestData,QuestData<overwrite>,QuestData.lua,defined,6,DefaultQuestItem;DefaultOlympianQuest,QuestHeraUpgrades,婚配之主,,1.139672,24556151
QuestHermesUpgrades,QuestData,QuestData<overwrite>,QuestData.lua,defined,6,DefaultQuestItem;DefaultOlympianQuest,QuestHermesUpgrades,捷足之主,,1.139672,24556151
QuestHestiaUpgrades,QuestData,QuestData<overwrite>,QuestData.lua,defined,6,DefaultQuestItem;DefaultOlympianQuest,QuestHestiaUpgrades,炉灶之主,,1.139672,24556151
QuestIcarusUpgrades,QuestData,QuestData<overwrite>,QuestData.lua,defined,6,DefaultQuestItem;DefaultUnseenQuest,QuestIcarusUpgrades,自由之翼,,1.139672,24556151
QuestLegendaryUpgrades,QuestData,QuestData<overwrite>,QuestData.lua,defined,6,DefaultQuestItem;DefaultOlympianQuest,QuestLegendaryUpgrades,传奇神力,,1.139672,24556151
QuestLobHammerUpgrades,QuestData,QuestData<overwrite>,QuestData.lua,defined,6,DefaultQuestItem;DefaultUnseenQuest,QuestLobHammerUpgrades,银白之颅,,1.139672,24556151
QuestMaxCardUpgrade,QuestData,QuestData<overwrite>,QuestData.lua,defined,6,DefaultQuestItem;DefaultUnseenQuest,QuestMaxCardUpgrade,大阿卡那,,1.139672,24556151
QuestMaxWeaponUpgrade,QuestData,QuestData<overwrite>,QuestData.lua,defined,8,DefaultQuestItem;DefaultFatesQuest,QuestMaxWeaponUpgrade,觉醒形态,,1.139672,24556151
QuestMedeaCurses,QuestData,QuestData<overwrite>,QuestData.lua,defined,6,DefaultQuestItem;DefaultKillQuest,QuestMedeaCurses,暗影女巫,,1.139672,24556151
QuestMeetCyclopsWithOdysseusKeepsake,QuestData,QuestData<overwrite>,QuestData.lua,defined,6,DefaultQuestItem;DefaultKillQuest,QuestMeetCyclopsWithOdysseusKeepsake,无人在意,,1.139672,24556151
QuestMeetOlympians,QuestData,QuestData<overwrite>,QuestData.lua,defined,6,DefaultQuestItem;DefaultOlympianQuest,QuestMeetOlympians,家族之需,,1.139672,24556151
QuestMeetShrineAltBosses,QuestData,QuestData<overwrite>,QuestData.lua,defined,7,DefaultQuestItem;DefaultKillQuest,QuestMeetShrineAltBosses,难逢敌手,,1.139672,24556151
QuestMemLevel10,QuestData,QuestData<overwrite>,QuestData.lua,defined,6,DefaultQuestItem;DefaultUnseenQuest,QuestMemLevel10,奥秘参透,,1.139672,24556151
QuestMiniBossKills,QuestData,QuestData<overwrite>,QuestData.lua,defined,7,DefaultQuestItem;DefaultKillQuest,QuestMiniBossKills,死亡之影,,1.139672,24556151
QuestMiniBossKillsSurface,QuestData,QuestData<overwrite>,QuestData.lua,defined,6,DefaultQuestItem;DefaultKillQuest,QuestMiniBossKillsSurface,毁灭之影,,1.139672,24556151
QuestNarcissusUpgrades,QuestData,QuestData<overwrite>,QuestData.lua,defined,6,DefaultQuestItem;DefaultBondQuest,QuestNarcissusUpgrades,孤芳自赏,,1.139672,24556151
QuestPetFrog,QuestData,QuestData<overwrite>,QuestData.lua,defined,6,DefaultQuestItem;DefaultBondQuest,QuestPetFrog,魔宠倾诉,,1.139672,24556151
QuestPoseidonUpgrades,QuestData,QuestData<overwrite>,QuestData.lua,defined,6,DefaultQuestItem;DefaultOlympianQuest,QuestPoseidonUpgrades,海洋之主,,1.139672,24556151
QuestPurchasePinnedItems,QuestData,QuestData<overwrite>,QuestData.lua,defined,6,DefaultQuestItem;DefaultNatureQuest,QuestPurchasePinnedItems,牢记勿忘,,1.139672,24556151
QuestRandomBountyClearStreak,QuestData,QuestData<overwrite>,QuestData.lua,defined,8,DefaultQuestItem;DefaultChaosQuest,QuestRandomBountyClearStreak,无常有常,,1.139672,24556151
QuestRecruitFamiliars,QuestData,QuestData<overwrite>,QuestData.lua,defined,6,DefaultQuestItem;DefaultBondQuest,QuestRecruitFamiliars,魔宠作伴,,1.139672,24556151
QuestRescueFatesTrue,QuestData,QuestData<overwrite>,QuestData.lua,defined,10,DefaultQuestItem;DefaultFatesQuest,QuestRescueFatesTrue,我们希望与你相见,,1.139672,24556151
QuestSeleneDuos,QuestData,QuestData<overwrite>,QuestData.lua,defined,5,DefaultQuestItem;DefaultOlympianQuest,QuestSeleneDuos,神助之力,,1.139672,24556151
QuestShadeMercRecruits,QuestData,QuestData<overwrite>,QuestData.lua,defined,6,DefaultQuestItem;DefaultBondQuest,QuestShadeMercRecruits,灵体之触,,1.139672,24556151
QuestSpendCharonPoints,QuestData,QuestData<overwrite>,QuestData.lua,defined,6,DefaultQuestItem;DefaultUnseenQuest,QuestSpendCharonPoints,一掷千金,,1.139672,24556151
QuestStaffHammerUpgrades,QuestData,QuestData<overwrite>,QuestData.lua,defined,6,DefaultQuestItem;DefaultUnseenQuest,QuestStaffHammerUpgrades,女巫之杖,,1.139672,24556151
QuestSuitHammerUpgrades,QuestData,QuestData<overwrite>,QuestData.lua,defined,6,DefaultQuestItem;DefaultUnseenQuest,QuestSuitHammerUpgrades,漆黑战衣,,1.139672,24556151
QuestSynergyUpgrades,QuestData,QuestData<overwrite>,QuestData.lua,defined,6,DefaultQuestItem;DefaultOlympianQuest,QuestSynergyUpgrades,携手合力,,1.139672,24556151
QuestToolsUnlocks,QuestData,QuestData<overwrite>,QuestData.lua,defined,6,DefaultQuestItem;DefaultNatureQuest,QuestToolsUnlocks,先利其器,,1.139672,24556151
QuestToolsUpgrades,QuestData,QuestData<overwrite>,QuestData.lua,defined,6,DefaultQuestItem;DefaultNatureQuest,QuestToolsUpgrades,巧夺天工,,1.139672,24556151
QuestTorchHammerUpgrades,QuestData,QuestData<overwrite>,QuestData.lua,defined,6,DefaultQuestItem;DefaultUnseenQuest,QuestTorchHammerUpgrades,暗影之炬,,1.139672,24556151
QuestUnlockAllCards,QuestData,QuestData<overwrite>,QuestData.lua,defined,7,DefaultQuestItem;DefaultUnseenQuest,QuestUnlockAllCards,学识广博,,1.139672,24556151
QuestUnlockAllWeaponAspects,QuestData,QuestData<overwrite>,QuestData.lua,defined,7,DefaultQuestItem;DefaultUnseenQuest,QuestUnlockAllWeaponAspects,匿踪守望,,1.139672,24556151
QuestUnlockAllWeapons,QuestData,QuestData<overwrite>,QuestData.lua,defined,6,DefaultQuestItem;DefaultUnseenQuest,QuestUnlockAllWeapons,暗夜武器,,1.139672,24556151
QuestUnlockBountyBoard,QuestData,QuestData<overwrite>,QuestData.lua,defined,8,DefaultQuestItem;DefaultChaosQuest,QuestUnlockBountyBoard,胜利视像,,1.139672,24556151
QuestUnlockDagger,QuestData,QuestData<overwrite>,QuestData.lua,defined,5,DefaultQuestItem;DefaultUnseenQuest,QuestUnlockDagger,纯银之刃,,1.139672,24556151
QuestUnlockMoros,QuestData,QuestData<overwrite>,QuestData.lua,defined,9,DefaultQuestItem;DefaultFatesQuest,QuestUnlockMoros,毁灭使者,,1.139672,24556151
QuestUpgradeFamiliars,QuestData,QuestData<overwrite>,QuestData.lua,defined,8,DefaultQuestItem;DefaultBondQuest,QuestUpgradeFamiliars,魔宠情深,,1.139672,24556151
QuestWakeHypnos,QuestData,QuestData<overwrite>,QuestData.lua,defined,8,DefaultQuestItem;DefaultBondSpecialQuest,QuestWakeHypnos,最沉之梦,,1.139672,24556151
QuestWellShopItems,QuestData,QuestData<overwrite>,QuestData.lua,defined,6,DefaultQuestItem;DefaultUnseenQuest,QuestWellShopItems,重要顾客,,1.139672,24556151
QuestZeusUpgrades,QuestData,QuestData<overwrite>,QuestData.lua,defined,6,DefaultQuestItem;DefaultOlympianQuest,QuestZeusUpgrades,天界之主,,1.139672,24556151
Laser,SpellData,SpellData,SpellData.lua,defined,3,,,,,1.139672,24556151
Leap,SpellData,SpellData,SpellData.lua,defined,4,,,,,1.139672,24556151
Meteor,SpellData,SpellData,SpellData.lua,defined,4,,,,,1.139672,24556151
MoonBeam,SpellData,SpellData,SpellData.lua,defined,3,,,,,1.139672,24556151
Polymorph,SpellData,SpellData,SpellData.lua,defined,3,,Polymorph,变形,,1.139672,24556151
Potion,SpellData,SpellData,SpellData.lua,defined,4,,,,,1.139672,24556151
Summon,SpellData,SpellData,SpellData.lua,defined,5,,,,,1.139672,24556151
TimeSlow,SpellData,SpellData,SpellData.lua,defined,3,,,,,1.139672,24556151
Transform,SpellData,SpellData,SpellData.lua,defined,4,,,,,1.139672,24556151
Cosmetic_AmbientCats,WorldUpgradeData,WorldUpgradeData<overwrite>,CosmeticsData.lua,defined,12,DefaultCosmeticItem,Cosmetic_AmbientCats,猫科动物栖息地,,1.139672,24556151
Cosmetic_AmbientDogs,WorldUpgradeData,WorldUpgradeData<overwrite>,CosmeticsData.lua,defined,13,DefaultCosmeticItem,Cosmetic_AmbientDogs,犬科动物栖息地,,1.139672,24556151
Cosmetic_AmbientFrogs,WorldUpgradeData,WorldUpgradeData<overwrite>,CosmeticsData.lua,defined,10,DefaultCosmeticItem,Cosmetic_AmbientFrogs,两栖动物栖息地,,1.139672,24556151
Cosmetic_ApolloLyre,WorldUpgradeData,WorldUpgradeData<overwrite>,CosmeticsData.lua,defined,6,DefaultCosmeticItem,Cosmetic_ApolloLyre,阿波罗的七弦琴（仿品）,,1.139672,24556151
Cosmetic_Aquarium,WorldUpgradeData,WorldUpgradeData<overwrite>,CosmeticsData.lua,defined,11,DefaultCosmeticItem,Cosmetic_Aquarium,附魔水族馆,,1.139672,24556151
Cosmetic_ArachneTapestry,WorldUpgradeData,WorldUpgradeData<overwrite>,CosmeticsData.lua,defined,6,DefaultCosmeticItem,Cosmetic_ArachneTapestry,丝质挂毯,,1.139672,24556151
Cosmetic_ArtemisAmaranthus,WorldUpgradeData,WorldUpgradeData<overwrite>,CosmeticsData.lua,defined,7,DefaultCosmeticItem,Cosmetic_ArtemisAmaranthus,红色苋从,,1.139672,24556151
Cosmetic_ArtemisFlowerCircle01,WorldUpgradeData,WorldUpgradeData<overwrite>,CosmeticsData.lua,defined,9,DefaultCosmeticItem,Cosmetic_ArtemisFlowerCircle01,淡色花阵,,1.139672,24556151
Cosmetic_ArtemisFlowerCircle01a,WorldUpgradeData,WorldUpgradeData<overwrite>,CosmeticsData.lua,defined,9,DefaultCosmeticItem,Cosmetic_ArtemisFlowerCircle01a,蓝色花阵,,1.139672,24556151
Cosmetic_ArtemisFlowerCircle01b,WorldUpgradeData,WorldUpgradeData<overwrite>,CosmeticsData.lua,defined,9,DefaultCosmeticItem,Cosmetic_ArtemisFlowerCircle01b,绯红花阵,,1.139672,24556151
Cosmetic_ArtemisLyre,WorldUpgradeData,WorldUpgradeData<overwrite>,CosmeticsData.lua,defined,7,DefaultCosmeticItem,Cosmetic_ArtemisLyre,阿尔忒弥斯的七弦琴（仿品）,,1.139672,24556151
Cosmetic_ArtemisTarget,WorldUpgradeData,WorldUpgradeData<overwrite>,CosmeticsData.lua,defined,7,DefaultCosmeticItem,Cosmetic_ArtemisTarget,弓箭标靶,,1.139672,24556151
Cosmetic_AsteriusPlush,WorldUpgradeData,WorldUpgradeData<overwrite>,CosmeticsData.lua,defined,7,DefaultCosmeticItem,Cosmetic_AsteriusPlush,米诺斯之牛毛绒玩具,,1.139672,24556151
Cosmetic_BathChangingScreens,WorldUpgradeData,WorldUpgradeData<overwrite>,CosmeticsData.lua,defined,8,DefaultCosmeticItem,Cosmetic_BathChangingScreens,折叠式屏风,,1.139672,24556151
Cosmetic_BathSoaps,WorldUpgradeData,WorldUpgradeData<overwrite>,CosmeticsData.lua,defined,7,DefaultCosmeticItem,Cosmetic_BathSoaps,炼金制沐浴用品,,1.139672,24556151
Cosmetic_BathTowelRacks,WorldUpgradeData,WorldUpgradeData<overwrite>,CosmeticsData.lua,defined,8,DefaultCosmeticItem,Cosmetic_BathTowelRacks,青铜毛巾架,,1.139672,24556151
Cosmetic_BirdHouse,WorldUpgradeData,WorldUpgradeData<overwrite>,CosmeticsData.lua,defined,9,DefaultCosmeticItem,Cosmetic_BirdHouse,豪华鸟舍,,1.139672,24556151
Cosmetic_BrokerLantern01,WorldUpgradeData,WorldUpgradeData<overwrite>,CosmeticsData.lua,defined,7,DefaultCosmeticItem,Cosmetic_BrokerLantern01,商人灯笼,,1.139672,24556151
Cosmetic_BrokerRug,WorldUpgradeData,WorldUpgradeData<overwrite>,CosmeticsData.lua,defined,7,DefaultCosmeticItem,Cosmetic_BrokerRug,商人地毯,,1.139672,24556151
Cosmetic_BrokerWagon01,WorldUpgradeData,WorldUpgradeData<overwrite>,CosmeticsData.lua,defined,10,DefaultCosmeticItem,Cosmetic_BrokerWagon01,拾荒者货车,,1.139672,24556151
Cosmetic_BrokerWagon02,WorldUpgradeData,WorldUpgradeData<overwrite>,CosmeticsData.lua,defined,10,DefaultCosmeticItem,Cosmetic_BrokerWagon02,预言师货车,,1.139672,24556151
Cosmetic_CardDeck01,WorldUpgradeData,WorldUpgradeData<overwrite>,CosmeticsData.lua,defined,10,DefaultCosmeticItem,Cosmetic_CardDeck01,匿踪者牌背,,1.139672,24556151
Cosmetic_CardDeck02,WorldUpgradeData,WorldUpgradeData<overwrite>,CosmeticsData.lua,defined,6,Cosmetic_CardDeck01,Cosmetic_CardDeck02,暗夜牌背,,1.139672,24556151
Cosmetic_CardDeck03,WorldUpgradeData,WorldUpgradeData<overwrite>,CosmeticsData.lua,defined,6,Cosmetic_CardDeck02,Cosmetic_CardDeck03,紧密联系牌背,,1.139672,24556151
Cosmetic_CardDeck04,WorldUpgradeData,WorldUpgradeData<overwrite>,CosmeticsData.lua,defined,6,Cosmetic_CardDeck01,Cosmetic_CardDeck04,遥远联系牌背,,1.139672,24556151
Cosmetic_CardDeck05,WorldUpgradeData,WorldUpgradeData<overwrite>,CosmeticsData.lua,defined,6,Cosmetic_CardDeck01,Cosmetic_CardDeck05,魔宠牌背,,1.139672,24556151
Cosmetic_CardDeck06,WorldUpgradeData,WorldUpgradeData<overwrite>,CosmeticsData.lua,defined,6,Cosmetic_CardDeck01,Cosmetic_CardDeck06,恐惧牌背,,1.139672,24556151
Cosmetic_CardDeck07,WorldUpgradeData,WorldUpgradeData<overwrite>,CosmeticsData.lua,defined,6,Cosmetic_CardDeck01,Cosmetic_CardDeck07,隐藏联系牌背,,1.139672,24556151
Cosmetic_CardDeck08,WorldUpgradeData,WorldUpgradeData<overwrite>,CosmeticsData.lua,defined,6,Cosmetic_CardDeck01,Cosmetic_CardDeck08,命运羁绊卡牌,,1.139672,24556151
Cosmetic_CatScratcher,WorldUpgradeData,WorldUpgradeData<overwrite>,CosmeticsData.lua,defined,9,DefaultCosmeticItem,Cosmetic_CatScratcher,猫抓柱,,1.139672,24556151
Cosmetic_Cauldron01,WorldUpgradeData,WorldUpgradeData<overwrite>,CosmeticsData.lua,defined,8,DefaultCosmeticItem,Cosmetic_Cauldron01,三岔路口炼金釜,,1.139672,24556151
Cosmetic_Cauldron01a,WorldUpgradeData,WorldUpgradeData<overwrite>,CosmeticsData.lua,defined,10,DefaultCosmeticItem,Cosmetic_Cauldron01a,星辰炼金釜,,1.139672,24556151
Cosmetic_Cauldron01b,WorldUpgradeData,WorldUpgradeData<overwrite>,CosmeticsData.lua,defined,10,DefaultCosmeticItem,Cosmetic_Cauldron01b,巨蟒炼金釜,,1.139672,24556151
Cosmetic_CauldronPillars01,WorldUpgradeData,WorldUpgradeData<overwrite>,CosmeticsData.lua,defined,8,DefaultCosmeticItem,Cosmetic_CauldronPillars01,三岔路口立柱,,1.139672,24556151
Cosmetic_CauldronPillars01a,WorldUpgradeData,WorldUpgradeData<overwrite>,CosmeticsData.lua,defined,10,DefaultCosmeticItem,Cosmetic_CauldronPillars01a,月食立柱,,1.139672,24556151
Cosmetic_CauldronPillars01b,WorldUpgradeData,WorldUpgradeData<overwrite>,CosmeticsData.lua,defined,10,DefaultCosmeticItem,Cosmetic_CauldronPillars01b,月光立柱,,1.139672,24556151
Cosmetic_CauldronPillars01c,WorldUpgradeData,WorldUpgradeData<overwrite>,CosmeticsData.lua,defined,10,DefaultCosmeticItem,Cosmetic_CauldronPillars01c,冥河立柱,,1.139672,24556151
Cosmetic_CauldronRing01,WorldUpgradeData,WorldUpgradeData<overwrite>,CosmeticsData.lua,defined,7,DefaultCosmeticItem,Cosmetic_CauldronRing01,石头圆阵,,1.139672,24556151
Cosmetic_CauldronRing01a,WorldUpgradeData,WorldUpgradeData<overwrite>,CosmeticsData.lua,defined,9,DefaultCosmeticItem,Cosmetic_CauldronRing01a,月光圆阵,,1.139672,24556151
Cosmetic_CauldronRing01b,WorldUpgradeData,WorldUpgradeData<overwrite>,CosmeticsData.lua,defined,9,DefaultCosmeticItem,Cosmetic_CauldronRing01b,大地圆阵,,1.139672,24556151
Cosmetic_CharonOar,WorldUpgradeData,WorldUpgradeData<overwrite>,CosmeticsData.lua,defined,6,DefaultCosmeticItem,Cosmetic_CharonOar,冥河船桨,,1.139672,24556151
Cosmetic_ChronosHourglass,WorldUpgradeData,WorldUpgradeData<overwrite>,CosmeticsData.lua,defined,6,DefaultCosmeticItem,Cosmetic_ChronosHourglass,黄金沙漏,,1.139672,24556151
Cosmetic_CollectableArtemis,WorldUpgradeData,WorldUpgradeData<overwrite>,CosmeticsData.lua,defined,7,DefaultCosmeticItem,Cosmetic_CollectableArtemis,冥界玩偶：阿尔忒弥斯,,1.139672,24556151
Cosmetic_CollectableCharon,WorldUpgradeData,WorldUpgradeData<overwrite>,CosmeticsData.lua,defined,7,DefaultCosmeticItem,Cosmetic_CollectableCharon,冥界玩偶：卡戎,,1.139672,24556151
Cosmetic_CollectableDora,WorldUpgradeData,WorldUpgradeData<overwrite>,CosmeticsData.lua,defined,7,DefaultCosmeticItem,Cosmetic_CollectableDora,冥界玩偶：朵拉,,1.139672,24556151
Cosmetic_CollectableEris,WorldUpgradeData,WorldUpgradeData<overwrite>,CosmeticsData.lua,defined,7,DefaultCosmeticItem,Cosmetic_CollectableEris,冥界玩偶：厄里斯,,1.139672,24556151
Cosmetic_CollectableHecate,WorldUpgradeData,WorldUpgradeData<overwrite>,CosmeticsData.lua,defined,7,DefaultCosmeticItem,Cosmetic_CollectableHecate,冥界玩偶：赫卡忒,,1.139672,24556151
Cosmetic_CollectableHypnos,WorldUpgradeData,WorldUpgradeData<overwrite>,CosmeticsData.lua,defined,7,DefaultCosmeticItem,Cosmetic_CollectableHypnos,冥界玩偶：修普诺斯,,1.139672,24556151
Cosmetic_CollectableIcarus,WorldUpgradeData,WorldUpgradeData<overwrite>,CosmeticsData.lua,defined,7,DefaultCosmeticItem,Cosmetic_CollectableIcarus,冥界玩偶：伊卡洛斯,,1.139672,24556151
Cosmetic_CollectableMoros,WorldUpgradeData,WorldUpgradeData<overwrite>,CosmeticsData.lua,defined,7,DefaultCosmeticItem,Cosmetic_CollectableMoros,冥界玩偶：摩罗斯,,1.139672,24556151
Cosmetic_CollectableNemesis,WorldUpgradeData,WorldUpgradeData<overwrite>,CosmeticsData.lua,defined,7,DefaultCosmeticItem,Cosmetic_CollectableNemesis,冥界玩偶：涅墨西斯,,1.139672,24556151
Cosmetic_CollectableOdysseus,WorldUpgradeData,WorldUpgradeData<overwrite>,CosmeticsData.lua,defined,7,DefaultCosmeticItem,Cosmetic_CollectableOdysseus,冥界玩偶：奥德修斯,,1.139672,24556151
Cosmetic_CollectableSelene,WorldUpgradeData,WorldUpgradeData<overwrite>,CosmeticsData.lua,defined,7,DefaultCosmeticItem,Cosmetic_CollectableSelene,冥界玩偶：塞勒涅,,1.139672,24556151
Cosmetic_CollectableShelf,WorldUpgradeData,WorldUpgradeData<overwrite>,CosmeticsData.lua,defined,4,DefaultCosmeticItem,,,,1.139672,24556151
Cosmetic_CollectableSkelly,WorldUpgradeData,WorldUpgradeData<overwrite>,CosmeticsData.lua,defined,7,DefaultCosmeticItem,Cosmetic_CollectableSkelly,冥界玩偶：瑟勒米乌斯,,1.139672,24556151
Cosmetic_DoraBench01,WorldUpgradeData,WorldUpgradeData<overwrite>,CosmeticsData.lua,defined,7,DefaultCosmeticItem,Cosmetic_DoraBench01,朴素凳子,,1.139672,24556151
Cosmetic_DoraBench02,WorldUpgradeData,WorldUpgradeData<overwrite>,CosmeticsData.lua,defined,9,DefaultCosmeticItem,Cosmetic_DoraBench02,闹鬼凳子,,1.139672,24556151
Cosmetic_DreamRug,WorldUpgradeData,WorldUpgradeData<overwrite>,CosmeticsData.lua,defined,6,DefaultCosmeticItem,Cosmetic_DreamRug,催眠地毯,,1.139672,24556151
Cosmetic_EmployeeOfTheMonth,WorldUpgradeData,WorldUpgradeData<overwrite>,CosmeticsData.lua,defined,6,DefaultCosmeticItem,Cosmetic_EmployeeOfTheMonth,冥府表彰板,,1.139672,24556151
Cosmetic_ErisJerkyShelf,WorldUpgradeData,WorldUpgradeData<overwrite>,CosmeticsData.lua,defined,7,DefaultCosmeticItem,Cosmetic_ErisJerkyShelf,食品收纳柜,,1.139672,24556151
Cosmetic_ErisRug,WorldUpgradeData,WorldUpgradeData<overwrite>,CosmeticsData.lua,defined,6,DefaultCosmeticItem,Cosmetic_ErisRug,三翼地毯,,1.139672,24556151
Cosmetic_ErisTrashcan,WorldUpgradeData,WorldUpgradeData<overwrite>,CosmeticsData.lua,defined,7,DefaultCosmeticItem,Cosmetic_ErisTrashcan,垃圾桶,,1.139672,24556151
Cosmetic_ErisWarningSign01,WorldUpgradeData,WorldUpgradeData<overwrite>,CosmeticsData.lua,defined,8,DefaultCosmeticItem,Cosmetic_ErisWarningSign01,纷争警示牌,,1.139672,24556151
Cosmetic_ExitCharm,WorldUpgradeData,WorldUpgradeData<overwrite>,CosmeticsData.lua,defined,8,DefaultCosmeticItem,Cosmetic_ExitCharm,两栖动物护符,,1.139672,24556151
Cosmetic_ExitCharm02,WorldUpgradeData,WorldUpgradeData<overwrite>,CosmeticsData.lua,defined,8,DefaultCosmeticItem,Cosmetic_ExitCharm02,鸟类动物护符,,1.139672,24556151
Cosmetic_ExitCharm03,WorldUpgradeData,WorldUpgradeData<overwrite>,CosmeticsData.lua,defined,8,DefaultCosmeticItem,Cosmetic_ExitCharm03,猫科动物护符,,1.139672,24556151
Cosmetic_ExitCharm04,WorldUpgradeData,WorldUpgradeData<overwrite>,CosmeticsData.lua,defined,8,DefaultCosmeticItem,Cosmetic_ExitCharm04,犬科动物护符,,1.139672,24556151
Cosmetic_ExitCharm05,WorldUpgradeData,WorldUpgradeData<overwrite>,CosmeticsData.lua,defined,8,DefaultCosmeticItem,Cosmetic_ExitCharm05,鼬属动物护符,,1.139672,24556151
Cosmetic_FallenLeaves01,WorldUpgradeData,WorldUpgradeData<overwrite>,CosmeticsData.lua,defined,8,DefaultCosmeticItem,Cosmetic_FallenLeaves01,秋色落叶,,1.139672,24556151
Cosmetic_FallenLeaves02,WorldUpgradeData,WorldUpgradeData<overwrite>,CosmeticsData.lua,defined,8,DefaultCosmeticItem,Cosmetic_FallenLeaves02,春意落叶,,1.139672,24556151
Cosmetic_FamiliarEffigy01,WorldUpgradeData,WorldUpgradeData<overwrite>,CosmeticsData.lua,defined,9,DefaultCosmeticItem,Cosmetic_FamiliarEffigy01,两栖动物雕像,,1.139672,24556151
Cosmetic_FamiliarEffigy01a,WorldUpgradeData,WorldUpgradeData<overwrite>,CosmeticsData.lua,defined,8,DefaultCosmeticItem,Cosmetic_FamiliarEffigy01a,渡鸦雕像,,1.139672,24556151
Cosmetic_FamiliarEffigy01b,WorldUpgradeData,WorldUpgradeData<overwrite>,CosmeticsData.lua,defined,8,DefaultCosmeticItem,Cosmetic_FamiliarEffigy01b,猫科动物雕像,,1.139672,24556151
Cosmetic_FanPoster01,WorldUpgradeData,WorldUpgradeData<overwrite>,CosmeticsData.lua,defined,8,DefaultCosmeticItem,Cosmetic_FanPoster01,斯库拉挂画,,1.139672,24556151
Cosmetic_FanPoster01a,WorldUpgradeData,WorldUpgradeData<overwrite>,CosmeticsData.lua,defined,8,DefaultCosmeticItem,Cosmetic_FanPoster01a,塞勒涅挂画,,1.139672,24556151
Cosmetic_FanPoster01b,WorldUpgradeData,WorldUpgradeData<overwrite>,CosmeticsData.lua,defined,8,DefaultCosmeticItem,Cosmetic_FanPoster01b,赫拉克勒斯挂画,,1.139672,24556151
Cosmetic_FarmBench01,WorldUpgradeData,WorldUpgradeData<overwrite>,CosmeticsData.lua,defined,8,DefaultCosmeticItem,Cosmetic_FarmBench01,喷泉长凳,,1.139672,24556151
Cosmetic_FarmGardenTools01,WorldUpgradeData,WorldUpgradeData<overwrite>,CosmeticsData.lua,defined,7,DefaultCosmeticItem,Cosmetic_FarmGardenTools01,农人工具组,,1.139672,24556151
Cosmetic_FarmPillars01,WorldUpgradeData,WorldUpgradeData<overwrite>,CosmeticsData.lua,defined,7,DefaultCosmeticItem,Cosmetic_FarmPillars01,喷泉桩子,,1.139672,24556151
Cosmetic_FarmWell01,WorldUpgradeData,WorldUpgradeData<overwrite>,CosmeticsData.lua,defined,8,DefaultCosmeticItem,Cosmetic_FarmWell01,喷泉水井,,1.139672,24556151
Cosmetic_FishingSign01,WorldUpgradeData,WorldUpgradeData<overwrite>,CosmeticsData.lua,defined,8,DefaultCosmeticItem,Cosmetic_FishingSign01,抽泣鱼码头标示,,1.139672,24556151
Cosmetic_FishingSign01a,WorldUpgradeData,WorldUpgradeData<overwrite>,CosmeticsData.lua,defined,8,DefaultCosmeticItem,Cosmetic_FishingSign01a,金鱼码头标示,,1.139672,24556151
Cosmetic_FishingSign01b,WorldUpgradeData,WorldUpgradeData<overwrite>,CosmeticsData.lua,defined,8,DefaultCosmeticItem,Cosmetic_FishingSign01b,肋眼鱼码头标示,,1.139672,24556151
Cosmetic_FrinosRock01,WorldUpgradeData,WorldUpgradeData<overwrite>,CosmeticsData.lua,defined,7,DefaultCosmeticItem,Cosmetic_FrinosRock01,苔藓栖息地,,1.139672,24556151
Cosmetic_FrinosRock01a,WorldUpgradeData,WorldUpgradeData<overwrite>,CosmeticsData.lua,defined,10,DefaultCosmeticItem,Cosmetic_FrinosRock01a,荧光栖息地,,1.139672,24556151
Cosmetic_FrinosRock01b,WorldUpgradeData,WorldUpgradeData<overwrite>,CosmeticsData.lua,defined,10,DefaultCosmeticItem,Cosmetic_FrinosRock01b,水生栖息地,,1.139672,24556151
Cosmetic_HecateKey,WorldUpgradeData,WorldUpgradeData<overwrite>,CosmeticsData.lua,defined,6,DefaultCosmeticItem,Cosmetic_HecateKey,三相月旗,,1.139672,24556151
Cosmetic_HermesShoes,WorldUpgradeData,WorldUpgradeData<overwrite>,CosmeticsData.lua,defined,6,DefaultCosmeticItem,Cosmetic_HermesShoes,带翼鞋子,,1.139672,24556151
Cosmetic_HypnosLanterns01,WorldUpgradeData,WorldUpgradeData<overwrite>,CosmeticsData.lua,defined,8,DefaultCosmeticItem,Cosmetic_HypnosLanterns01,三岔路口壁灯,,1.139672,24556151
Cosmetic_HypnosLanterns01a,WorldUpgradeData,WorldUpgradeData<overwrite>,CosmeticsData.lua,defined,10,DefaultCosmeticItem,Cosmetic_HypnosLanterns01a,飞翼壁灯,,1.139672,24556151
Cosmetic_HypnosLanterns01b,WorldUpgradeData,WorldUpgradeData<overwrite>,CosmeticsData.lua,defined,10,DefaultCosmeticItem,Cosmetic_HypnosLanterns01b,花卉壁灯,,1.139672,24556151
Cosmetic_HypnosPedestal01,WorldUpgradeData,WorldUpgradeData<overwrite>,CosmeticsData.lua,defined,9,DefaultCosmeticItem,Cosmetic_HypnosPedestal01,岩石桩子,,1.139672,24556151
Cosmetic_HypnosPedestal01a,WorldUpgradeData,WorldUpgradeData<overwrite>,CosmeticsData.lua,defined,10,DefaultCosmeticItem,Cosmetic_HypnosPedestal01a,带翼桩子,,1.139672,24556151
Cosmetic_HypnosPedestal01b,WorldUpgradeData,WorldUpgradeData<overwrite>,CosmeticsData.lua,defined,10,DefaultCosmeticItem,Cosmetic_HypnosPedestal01b,笛饰桩子,,1.139672,24556151
Cosmetic_HypnosPillars01,WorldUpgradeData,WorldUpgradeData<overwrite>,CosmeticsData.lua,defined,8,DefaultCosmeticItem,Cosmetic_HypnosPillars01,生苔支柱,,1.139672,24556151
Cosmetic_HypnosPillars01a,WorldUpgradeData,WorldUpgradeData<overwrite>,CosmeticsData.lua,defined,10,DefaultCosmeticItem,Cosmetic_HypnosPillars01a,死神支柱,,1.139672,24556151
Cosmetic_HypnosRug,WorldUpgradeData,WorldUpgradeData<overwrite>,CosmeticsData.lua,defined,6,DefaultCosmeticItem,Cosmetic_HypnosRug,冥河地毯,,1.139672,24556151
Cosmetic_HypnosStatue,WorldUpgradeData,WorldUpgradeData<overwrite>,CosmeticsData.lua,defined,10,DefaultCosmeticItem,Cosmetic_HypnosStatue,修普诺斯半身像,,1.139672,24556151
Cosmetic_IcarusBombs01,WorldUpgradeData,WorldUpgradeData<overwrite>,CosmeticsData.lua,defined,7,DefaultCosmeticItem,Cosmetic_IcarusBombs01,爆炸物军火库,,1.139672,24556151
Cosmetic_IcarusMaps,WorldUpgradeData,WorldUpgradeData<overwrite>,CosmeticsData.lua,defined,7,DefaultCosmeticItem,Cosmetic_IcarusMaps,以太航线图,,1.139672,24556151
Cosmetic_IcarusRug01,WorldUpgradeData,WorldUpgradeData<overwrite>,CosmeticsData.lua,defined,6,DefaultCosmeticItem,Cosmetic_IcarusRug01,米诺斯地毯,,1.139672,24556151
Cosmetic_IcarusRug02,WorldUpgradeData,WorldUpgradeData<overwrite>,CosmeticsData.lua,defined,6,DefaultCosmeticItem,Cosmetic_IcarusRug02,阳炎地毯,,1.139672,24556151
Cosmetic_IcarusTable01,WorldUpgradeData,WorldUpgradeData<overwrite>,CosmeticsData.lua,defined,7,DefaultCosmeticItem,Cosmetic_IcarusTable01,工匠工作台,,1.139672,24556151
Cosmetic_IcarusWings,WorldUpgradeData,WorldUpgradeData<overwrite>,CosmeticsData.lua,defined,6,DefaultCosmeticItem,Cosmetic_IcarusWings,双翼原型,,1.139672,24556151
Cosmetic_MainHangingRope01,WorldUpgradeData,WorldUpgradeData<overwrite>,CosmeticsData.lua,defined,8,DefaultCosmeticItem,Cosmetic_MainHangingRope01,打结粗绳,,1.139672,24556151
Cosmetic_MainHangingRope01a,WorldUpgradeData,WorldUpgradeData<overwrite>,CosmeticsData.lua,defined,10,DefaultCosmeticItem,Cosmetic_MainHangingRope01a,星辰粗绳,,1.139672,24556151
Cosmetic_MainHangingTassles01,WorldUpgradeData,WorldUpgradeData<overwrite>,CosmeticsData.lua,defined,9,DefaultCosmeticItem,Cosmetic_MainHangingTassles01,银月姊妹流苏,,1.139672,24556151
Cosmetic_MainHangingTassles01a,WorldUpgradeData,WorldUpgradeData<overwrite>,CosmeticsData.lua,defined,10,DefaultCosmeticItem,Cosmetic_MainHangingTassles01a,星辰流苏,,1.139672,24556151
Cosmetic_MainHangingTassles01b,WorldUpgradeData,WorldUpgradeData<overwrite>,CosmeticsData.lua,defined,10,DefaultCosmeticItem,Cosmetic_MainHangingTassles01b,冥河流苏,,1.139672,24556151
Cosmetic_MainLanterns01,WorldUpgradeData,WorldUpgradeData<overwrite>,CosmeticsData.lua,defined,8,DefaultCosmeticItem,Cosmetic_MainLanterns01,三岔路口灯笼,,1.139672,24556151
Cosmetic_MainLanterns01a,WorldUpgradeData,WorldUpgradeData<overwrite>,CosmeticsData.lua,defined,10,DefaultCosmeticItem,Cosmetic_MainLanterns01a,神明灯笼,,1.139672,24556151
Cosmetic_MainLanterns01b,WorldUpgradeData,WorldUpgradeData<overwrite>,CosmeticsData.lua,defined,10,DefaultCosmeticItem,Cosmetic_MainLanterns01b,月光灯笼,,1.139672,24556151
Cosmetic_MainTeaLights,WorldUpgradeData,WorldUpgradeData<overwrite>,CosmeticsData.lua,defined,7,DefaultCosmeticItem,Cosmetic_MainTeaLights,地面光源,,1.139672,24556151
Cosmetic_MorosChaise,WorldUpgradeData,WorldUpgradeData<overwrite>,CosmeticsData.lua,defined,6,DefaultCosmeticItem,Cosmetic_MorosChaise,宿命躺椅,,1.139672,24556151
Cosmetic_MorosRug,WorldUpgradeData,WorldUpgradeData<overwrite>,CosmeticsData.lua,defined,6,DefaultCosmeticItem,Cosmetic_MorosRug,宿命地毯,,1.139672,24556151
Cosmetic_MorosScrolls,WorldUpgradeData,WorldUpgradeData<overwrite>,CosmeticsData.lua,defined,6,DefaultCosmeticItem,Cosmetic_MorosScrolls,宿命羊皮卷,,1.139672,24556151
Cosmetic_MorosSpools,WorldUpgradeData,WorldUpgradeData<overwrite>,CosmeticsData.lua,defined,7,DefaultCosmeticItem,Cosmetic_MorosSpools,宿命线团,,1.139672,24556151
Cosmetic_MorosTentCanopy,WorldUpgradeData,WorldUpgradeData<overwrite>,CosmeticsData.lua,defined,7,DefaultCosmeticItem,Cosmetic_MorosTentCanopy,宿命垂帘,,1.139672,24556151
Cosmetic_MorosTerrain,WorldUpgradeData,WorldUpgradeData<overwrite>,CosmeticsData.lua,defined,6,DefaultCosmeticItem,Cosmetic_MorosTerrain,宿命圆石,,1.139672,24556151
Cosmetic_NemesisBraziers,WorldUpgradeData,WorldUpgradeData<overwrite>,CosmeticsData.lua,defined,7,DefaultCosmeticItem,Cosmetic_NemesisBraziers,冥界火盆,,1.139672,24556151
Cosmetic_NemesisChair,WorldUpgradeData,WorldUpgradeData<overwrite>,CosmeticsData.lua,defined,7,DefaultCosmeticItem,Cosmetic_NemesisChair,冥界宝座,,1.139672,24556151
Cosmetic_NemesisGrindstone,WorldUpgradeData,WorldUpgradeData<overwrite>,CosmeticsData.lua,defined,7,DefaultCosmeticItem,Cosmetic_NemesisGrindstone,冥界磨刀石,,1.139672,24556151
Cosmetic_NemesisRug,WorldUpgradeData,WorldUpgradeData<overwrite>,CosmeticsData.lua,defined,6,DefaultCosmeticItem,Cosmetic_NemesisRug,冥界地面,,1.139672,24556151
Cosmetic_NemesisScales,WorldUpgradeData,WorldUpgradeData<overwrite>,CosmeticsData.lua,defined,6,DefaultCosmeticItem,Cosmetic_NemesisScales,平衡天平,,1.139672,24556151
Cosmetic_OdysseusRug,WorldUpgradeData,WorldUpgradeData<overwrite>,CosmeticsData.lua,defined,8,DefaultCosmeticItem,Cosmetic_OdysseusRug,希腊地毯,,1.139672,24556151
Cosmetic_OdysseusRug02,WorldUpgradeData,WorldUpgradeData<overwrite>,CosmeticsData.lua,defined,8,DefaultCosmeticItem,Cosmetic_OdysseusRug02,航海地毯,,1.139672,24556151
Cosmetic_OdysseusTable01,WorldUpgradeData,WorldUpgradeData<overwrite>,CosmeticsData.lua,defined,7,DefaultCosmeticItem,Cosmetic_OdysseusTable01,朴素战略桌,,1.139672,24556151
Cosmetic_OdysseusTable01a,WorldUpgradeData,WorldUpgradeData<overwrite>,CosmeticsData.lua,defined,9,DefaultCosmeticItem,Cosmetic_OdysseusTable01a,希腊战略桌,,1.139672,24556151
Cosmetic_OdysseusTrojanHorse,WorldUpgradeData,WorldUpgradeData<overwrite>,CosmeticsData.lua,defined,7,DefaultCosmeticItem,Cosmetic_OdysseusTrojanHorse,木制骏马雕塑,,1.139672,24556151
Cosmetic_OdysseusVase,WorldUpgradeData,WorldUpgradeData<overwrite>,CosmeticsData.lua,defined,7,DefaultCosmeticItem,Cosmetic_OdysseusVase,希腊陶罐,,1.139672,24556151
Cosmetic_PandoraJar,WorldUpgradeData,WorldUpgradeData<overwrite>,CosmeticsData.lua,defined,6,DefaultCosmeticItem,Cosmetic_PandoraJar,怀旧魔罐,,1.139672,24556151
Cosmetic_Poppies,WorldUpgradeData,WorldUpgradeData<overwrite>,CosmeticsData.lua,defined,6,DefaultCosmeticItem,Cosmetic_Poppies,罂粟花圃,,1.139672,24556151
Cosmetic_RespawnCircleFlowers,WorldUpgradeData,WorldUpgradeData<overwrite>,CosmeticsData.lua,defined,7,DefaultCosmeticItem,Cosmetic_RespawnCircleFlowers,散落花卉,,1.139672,24556151
Cosmetic_RiverLanterns,WorldUpgradeData,WorldUpgradeData<overwrite>,CosmeticsData.lua,defined,9,DefaultCosmeticItem,Cosmetic_RiverLanterns,水边光源,,1.139672,24556151
Cosmetic_RiverLanterns02,WorldUpgradeData,WorldUpgradeData<overwrite>,CosmeticsData.lua,defined,9,DefaultCosmeticItem,Cosmetic_RiverLanterns02,月盒光源,,1.139672,24556151
Cosmetic_SkellyFloor01,WorldUpgradeData,WorldUpgradeData<overwrite>,CosmeticsData.lua,defined,7,DefaultCosmeticItem,Cosmetic_SkellyFloor01,石质讲台,,1.139672,24556151
Cosmetic_SkellyFloor01a,WorldUpgradeData,WorldUpgradeData<overwrite>,CosmeticsData.lua,defined,9,DefaultCosmeticItem,Cosmetic_SkellyFloor01a,死亡讲台,,1.139672,24556151
Cosmetic_SkellyFloor01b,WorldUpgradeData,WorldUpgradeData<overwrite>,CosmeticsData.lua,defined,9,DefaultCosmeticItem,Cosmetic_SkellyFloor01b,炼狱讲台,,1.139672,24556151
Cosmetic_SkellyFloor01c,WorldUpgradeData,WorldUpgradeData<overwrite>,CosmeticsData.lua,defined,9,DefaultCosmeticItem,Cosmetic_SkellyFloor01c,催眠讲台,,1.139672,24556151
Cosmetic_SkellyZagreusStatue,WorldUpgradeData,WorldUpgradeData<overwrite>,CosmeticsData.lua,defined,8,DefaultCosmeticItem,Cosmetic_SkellyZagreusStatue,遗弃雕像,,1.139672,24556151
Cosmetic_StarJar,WorldUpgradeData,WorldUpgradeData<overwrite>,CosmeticsData.lua,defined,7,DefaultCosmeticItem,Cosmetic_StarJar,闪亮星星存储罐,,1.139672,24556151
Cosmetic_SunMoonTimeSculpture01,WorldUpgradeData,WorldUpgradeData<overwrite>,CosmeticsData.lua,defined,5,DefaultCosmeticItem,,,,1.139672,24556151
Cosmetic_TavernaCauldron01,WorldUpgradeData,WorldUpgradeData<overwrite>,CosmeticsData.lua,defined,7,DefaultCosmeticItem,Cosmetic_TavernaCauldron01,铁锅,,1.139672,24556151
Cosmetic_TavernaCauldron02,WorldUpgradeData,WorldUpgradeData<overwrite>,CosmeticsData.lua,defined,9,DefaultCosmeticItem,Cosmetic_TavernaCauldron02,质朴锅具,,1.139672,24556151
Cosmetic_TavernaChairs01,WorldUpgradeData,WorldUpgradeData<overwrite>,CosmeticsData.lua,defined,7,DefaultCosmeticItem,Cosmetic_TavernaChairs01,朴素长凳,,1.139672,24556151
Cosmetic_TavernaChairs01a,WorldUpgradeData,WorldUpgradeData<overwrite>,CosmeticsData.lua,defined,9,DefaultCosmeticItem,Cosmetic_TavernaChairs01a,冥河长凳,,1.139672,24556151
Cosmetic_TavernaChairs01b,WorldUpgradeData,WorldUpgradeData<overwrite>,CosmeticsData.lua,defined,9,DefaultCosmeticItem,Cosmetic_TavernaChairs01b,水晶长凳,,1.139672,24556151
Cosmetic_TavernaChairs01c,WorldUpgradeData,WorldUpgradeData<overwrite>,CosmeticsData.lua,defined,9,DefaultCosmeticItem,Cosmetic_TavernaChairs01c,匿踪长凳,,1.139672,24556151
Cosmetic_TavernaMusicStage01,WorldUpgradeData,WorldUpgradeData<overwrite>,CosmeticsData.lua,defined,8,DefaultCosmeticItem,Cosmetic_TavernaMusicStage01,木板舞台,,1.139672,24556151
Cosmetic_TavernaMusicStage02,WorldUpgradeData,WorldUpgradeData<overwrite>,CosmeticsData.lua,defined,8,DefaultCosmeticItem,Cosmetic_TavernaMusicStage02,圆石舞台,,1.139672,24556151
Cosmetic_TavernaShrimpCocktails,WorldUpgradeData,WorldUpgradeData<overwrite>,CosmeticsData.lua,defined,6,DefaultCosmeticItem,Cosmetic_TavernaShrimpCocktails,华美餐杯,,1.139672,24556151
Cosmetic_TavernaStarMosaic,WorldUpgradeData,WorldUpgradeData<overwrite>,CosmeticsData.lua,defined,6,DefaultCosmeticItem,Cosmetic_TavernaStarMosaic,宝石马赛克,,1.139672,24556151
Cosmetic_TavernaTables01,WorldUpgradeData,WorldUpgradeData<overwrite>,CosmeticsData.lua,defined,7,DefaultCosmeticItem,Cosmetic_TavernaTables01,朴素桌子,,1.139672,24556151
Cosmetic_TavernaTables01a,WorldUpgradeData,WorldUpgradeData<overwrite>,CosmeticsData.lua,defined,9,DefaultCosmeticItem,Cosmetic_TavernaTables01a,冥河桌子,,1.139672,24556151
Cosmetic_TavernaTables01b,WorldUpgradeData,WorldUpgradeData<overwrite>,CosmeticsData.lua,defined,9,DefaultCosmeticItem,Cosmetic_TavernaTables01b,水晶桌子,,1.139672,24556151
Cosmetic_TavernaTables01c,WorldUpgradeData,WorldUpgradeData<overwrite>,CosmeticsData.lua,defined,9,DefaultCosmeticItem,Cosmetic_TavernaTables01c,匿踪桌子,,1.139672,24556151
Cosmetic_TentBlanket01,WorldUpgradeData,WorldUpgradeData<overwrite>,CosmeticsData.lua,defined,8,DefaultCosmeticItem,Cosmetic_TentBlanket01,三岔路口寝具,,1.139672,24556151
Cosmetic_TentBlanket01a,WorldUpgradeData,WorldUpgradeData<overwrite>,CosmeticsData.lua,defined,9,DefaultCosmeticItem,Cosmetic_TentBlanket01a,丝质寝具,,1.139672,24556151
Cosmetic_TentBlanket01b,WorldUpgradeData,WorldUpgradeData<overwrite>,CosmeticsData.lua,defined,9,DefaultCosmeticItem,Cosmetic_TentBlanket01b,月光寝具,,1.139672,24556151
Cosmetic_TentBlanket01c,WorldUpgradeData,WorldUpgradeData<overwrite>,CosmeticsData.lua,defined,9,DefaultCosmeticItem,Cosmetic_TentBlanket01c,羊毛寝具,,1.139672,24556151
Cosmetic_TentCandle01,WorldUpgradeData,WorldUpgradeData<overwrite>,CosmeticsData.lua,defined,8,DefaultCosmeticItem,Cosmetic_TentCandle01,绯红蜡烛,,1.139672,24556151
Cosmetic_TentCandle01a,WorldUpgradeData,WorldUpgradeData<overwrite>,CosmeticsData.lua,defined,9,DefaultCosmeticItem,Cosmetic_TentCandle01a,死亡蜡烛,,1.139672,24556151
Cosmetic_TentCandle01b,WorldUpgradeData,WorldUpgradeData<overwrite>,CosmeticsData.lua,defined,9,DefaultCosmeticItem,Cosmetic_TentCandle01b,蟾首蜡烛,,1.139672,24556151
Cosmetic_TentHangingOrnaments01,WorldUpgradeData,WorldUpgradeData<overwrite>,CosmeticsData.lua,defined,7,DefaultCosmeticItem,Cosmetic_TentHangingOrnaments01,悬挂护符,,1.139672,24556151
Cosmetic_TentQuilt,WorldUpgradeData,WorldUpgradeData<overwrite>,CosmeticsData.lua,defined,6,DefaultCosmeticItem,Cosmetic_TentQuilt,童年毛毯,,1.139672,24556151
Cosmetic_TentRug,WorldUpgradeData,WorldUpgradeData<overwrite>,CosmeticsData.lua,defined,6,DefaultCosmeticItem,Cosmetic_TentRug,银月姊妹地毯,,1.139672,24556151
Cosmetic_TentShelf01,WorldUpgradeData,WorldUpgradeData<overwrite>,CosmeticsData.lua,defined,7,DefaultCosmeticItem,Cosmetic_TentShelf01,朴素收纳架,,1.139672,24556151
Cosmetic_TentShelf01a,WorldUpgradeData,WorldUpgradeData<overwrite>,CosmeticsData.lua,defined,9,DefaultCosmeticItem,Cosmetic_TentShelf01a,月光收纳架,,1.139672,24556151
Cosmetic_TentShelf01b,WorldUpgradeData,WorldUpgradeData<overwrite>,CosmeticsData.lua,defined,9,DefaultCosmeticItem,Cosmetic_TentShelf01b,豪华收纳架,,1.139672,24556151
Cosmetic_TentTable01,WorldUpgradeData,WorldUpgradeData<overwrite>,CosmeticsData.lua,defined,7,DefaultCosmeticItem,Cosmetic_TentTable01,朴素小桌,,1.139672,24556151
Cosmetic_TentTable01a,WorldUpgradeData,WorldUpgradeData<overwrite>,CosmeticsData.lua,defined,9,DefaultCosmeticItem,Cosmetic_TentTable01a,尖刺小桌,,1.139672,24556151
Cosmetic_TentTable01b,WorldUpgradeData,WorldUpgradeData<overwrite>,CosmeticsData.lua,defined,9,DefaultCosmeticItem,Cosmetic_TentTable01b,月光小桌,,1.139672,24556151
Cosmetic_TentTable01c,WorldUpgradeData,WorldUpgradeData<overwrite>,CosmeticsData.lua,defined,9,DefaultCosmeticItem,Cosmetic_TentTable01c,木制小桌,,1.139672,24556151
Cosmetic_ThanCutout,WorldUpgradeData,WorldUpgradeData<overwrite>,CosmeticsData.lua,defined,8,DefaultCosmeticItem,Cosmetic_ThanCutout,塔纳托斯立牌,,1.139672,24556151
Cosmetic_ThanPoster,WorldUpgradeData,WorldUpgradeData<overwrite>,CosmeticsData.lua,defined,6,DefaultCosmeticItem,Cosmetic_ThanPoster,冥府模范牌,,1.139672,24556151
Cosmetic_TrainingDummy01,WorldUpgradeData,WorldUpgradeData<overwrite>,CosmeticsData.lua,defined,8,DefaultCosmeticItem,Cosmetic_TrainingDummy01,稻草假人,,1.139672,24556151
Cosmetic_TrainingDummy01a,WorldUpgradeData,WorldUpgradeData<overwrite>,CosmeticsData.lua,defined,10,DefaultCosmeticItem,Cosmetic_TrainingDummy01a,泰坦假人,,1.139672,24556151
Cosmetic_TrainingDummy01b,WorldUpgradeData,WorldUpgradeData<overwrite>,CosmeticsData.lua,defined,10,DefaultCosmeticItem,Cosmetic_TrainingDummy01b,不朽假人,,1.139672,24556151
Cosmetic_TrainingDummy01c,WorldUpgradeData,WorldUpgradeData<overwrite>,CosmeticsData.lua,defined,10,DefaultCosmeticItem,Cosmetic_TrainingDummy01c,催眠假人,,1.139672,24556151
Cosmetic_WitchTrinkets01,WorldUpgradeData,WorldUpgradeData<overwrite>,CosmeticsData.lua,defined,6,DefaultCosmeticItem,Cosmetic_WitchTrinkets01,玻璃制小玩意,,1.139672,24556151
Cosmetic_WitchTrinkets02,WorldUpgradeData,WorldUpgradeData<overwrite>,CosmeticsData.lua,defined,6,DefaultCosmeticItem,Cosmetic_WitchTrinkets02,铜质坠饰,,1.139672,24556151
DefaultCosmeticItem,WorldUpgradeData,WorldUpgradeData<overwrite>,CosmeticsData.lua,debug_only,10,,,,,1.139672,24556151
DefaultCriticalItem,WorldUpgradeData,WorldUpgradeData,WorldUpgradeData.lua,debug_only,12,,,,,1.139672,24556151
DefaultFamiliarCostume,WorldUpgradeData,WorldUpgradeData<overwrite>,FamiliarCostumeData.lua,debug_only,6,,,,,1.139672,24556151
DefaultHubItem,WorldUpgradeData,WorldUpgradeData,WorldUpgradeData.lua,defined,7,,,,,1.139672,24556151
DefaultInstantItem,WorldUpgradeData,WorldUpgradeData,WorldUpgradeData.lua,defined,6,,,,,1.139672,24556151
DefaultMajorItem,WorldUpgradeData,WorldUpgradeData,WorldUpgradeData.lua,defined,12,,,,,1.139672,24556151
DefaultMinorItem,WorldUpgradeData,WorldUpgradeData,WorldUpgradeData.lua,defined,6,,,,,1.139672,24556151
DefaultSongItem,WorldUpgradeData,WorldUpgradeData<overwrite>,MusicPlayerData.lua,debug_only,5,,,,,1.139672,24556151
EndGameItem,WorldUpgradeData,WorldUpgradeData,WorldUpgradeData.lua,defined,4,,,,,1.139672,24556151
FamiliarCostume_CatChaos,WorldUpgradeData,WorldUpgradeData<overwrite>,FamiliarCostumeData.lua,defined,6,DefaultFamiliarCostume,FamiliarCostume_CatChaos,混沌,,1.139672,24556151
FamiliarCostume_CatChthonic,WorldUpgradeData,WorldUpgradeData<overwrite>,FamiliarCostumeData.lua,defined,6,DefaultFamiliarCostume,FamiliarCostume_CatChthonic,冥界,,1.139672,24556151
FamiliarCostume_CatDefault,WorldUpgradeData,WorldUpgradeData<overwrite>,FamiliarCostumeData.lua,defined,5,DefaultFamiliarCostume,FamiliarCostume_CatDefault,魔宠,,1.139672,24556151
FamiliarCostume_CatHell,WorldUpgradeData,WorldUpgradeData<overwrite>,FamiliarCostumeData.lua,defined,6,DefaultFamiliarCostume,FamiliarCostume_CatHell,邪灵,,1.139672,24556151
FamiliarCostume_CatMoon,WorldUpgradeData,WorldUpgradeData<overwrite>,FamiliarCostumeData.lua,defined,6,DefaultFamiliarCostume,FamiliarCostume_CatMoon,魔法,,1.139672,24556151
FamiliarCostume_CatNightmare,WorldUpgradeData,WorldUpgradeData<overwrite>,FamiliarCostumeData.lua,defined,7,DefaultFamiliarCostume,FamiliarCostume_CatNightmare,梦魇,,1.139672,24556151
FamiliarCostume_FrogChthonic,WorldUpgradeData,WorldUpgradeData<overwrite>,FamiliarCostumeData.lua,defined,6,DefaultFamiliarCostume,FamiliarCostume_FrogChthonic,邪灵,,1.139672,24556151
FamiliarCostume_FrogCute,WorldUpgradeData,WorldUpgradeData<overwrite>,FamiliarCostumeData.lua,defined,6,DefaultFamiliarCostume,FamiliarCostume_FrogCute,天使,,1.139672,24556151
FamiliarCostume_FrogDefault,WorldUpgradeData,WorldUpgradeData<overwrite>,FamiliarCostumeData.lua,defined,5,DefaultFamiliarCostume,FamiliarCostume_FrogDefault,魔宠,,1.139672,24556151
FamiliarCostume_FrogHell,WorldUpgradeData,WorldUpgradeData<overwrite>,FamiliarCostumeData.lua,defined,6,DefaultFamiliarCostume,FamiliarCostume_FrogHell,龙裔,,1.139672,24556151
FamiliarCostume_FrogMoon,WorldUpgradeData,WorldUpgradeData<overwrite>,FamiliarCostumeData.lua,defined,6,DefaultFamiliarCostume,FamiliarCostume_FrogMoon,月触,,1.139672,24556151
FamiliarCostume_FrogNightmare,WorldUpgradeData,WorldUpgradeData<overwrite>,FamiliarCostumeData.lua,defined,7,DefaultFamiliarCostume,FamiliarCostume_FrogNightmare,梦魇,,1.139672,24556151
FamiliarCostume_HoundChaos,WorldUpgradeData,WorldUpgradeData<overwrite>,FamiliarCostumeData.lua,defined,6,DefaultFamiliarCostume,FamiliarCostume_HoundChaos,混沌,,1.139672,24556151
FamiliarCostume_HoundCute,WorldUpgradeData,WorldUpgradeData<overwrite>,FamiliarCostumeData.lua,defined,6,DefaultFamiliarCostume,FamiliarCostume_HoundCute,希腊,,1.139672,24556151
FamiliarCostume_HoundDefault,WorldUpgradeData,WorldUpgradeData<overwrite>,FamiliarCostumeData.lua,defined,5,DefaultFamiliarCostume,FamiliarCostume_HoundDefault,魔宠,,1.139672,24556151
FamiliarCostume_HoundHell,WorldUpgradeData,WorldUpgradeData<overwrite>,FamiliarCostumeData.lua,defined,6,DefaultFamiliarCostume,FamiliarCostume_HoundHell,邪灵,,1.139672,24556151
FamiliarCostume_HoundMoon,WorldUpgradeData,WorldUpgradeData<overwrite>,FamiliarCostumeData.lua,defined,6,DefaultFamiliarCostume,FamiliarCostume_HoundMoon,猎手,,1.139672,24556151
FamiliarCostume_HoundNightmare,WorldUpgradeData,WorldUpgradeData<overwrite>,FamiliarCostumeData.lua,defined,7,DefaultFamiliarCostume,FamiliarCostume_HoundNightmare,梦魇,,1.139672,24556151
FamiliarCostume_PolecatChthonic,WorldUpgradeData,WorldUpgradeData<overwrite>,FamiliarCostumeData.lua,defined,6,DefaultFamiliarCostume,FamiliarCostume_PolecatChthonic,梦乡,,1.139672,24556151
FamiliarCostume_PolecatCute,WorldUpgradeData,WorldUpgradeData<overwrite>,FamiliarCostumeData.lua,defined,6,DefaultFamiliarCostume,FamiliarCostume_PolecatCute,奥林匹克,,1.139672,24556151
FamiliarCostume_PolecatDefault,WorldUpgradeData,WorldUpgradeData<overwrite>,FamiliarCostumeData.lua,defined,5,DefaultFamiliarCostume,FamiliarCostume_PolecatDefault,魔宠,,1.139672,24556151
FamiliarCostume_PolecatHell,WorldUpgradeData,WorldUpgradeData<overwrite>,FamiliarCostumeData.lua,defined,6,DefaultFamiliarCostume,FamiliarCostume_PolecatHell,炼狱,,1.139672,24556151
FamiliarCostume_PolecatMoon,WorldUpgradeData,WorldUpgradeData<overwrite>,FamiliarCostumeData.lua,defined,6,DefaultFamiliarCostume,FamiliarCostume_PolecatMoon,月触,,1.139672,24556151
FamiliarCostume_PolecatNightmare,WorldUpgradeData,WorldUpgradeData<overwrite>,FamiliarCostumeData.lua,defined,7,DefaultFamiliarCostume,FamiliarCostume_PolecatNightmare,梦魇,,1.139672,24556151
FamiliarCostume_RavenChthonic,WorldUpgradeData,WorldUpgradeData<overwrite>,FamiliarCostumeData.lua,defined,6,DefaultFamiliarCostume,FamiliarCostume_RavenChthonic,冥界,,1.139672,24556151
FamiliarCostume_RavenCute,WorldUpgradeData,WorldUpgradeData<overwrite>,FamiliarCostumeData.lua,defined,6,DefaultFamiliarCostume,FamiliarCostume_RavenCute,春意,,1.139672,24556151
FamiliarCostume_RavenDefault,WorldUpgradeData,WorldUpgradeData<overwrite>,FamiliarCostumeData.lua,defined,5,DefaultFamiliarCostume,FamiliarCostume_RavenDefault,魔宠,,1.139672,24556151
FamiliarCostume_RavenHell,WorldUpgradeData,WorldUpgradeData<overwrite>,FamiliarCostumeData.lua,defined,6,DefaultFamiliarCostume,FamiliarCostume_RavenHell,不死鸟,,1.139672,24556151
FamiliarCostume_RavenMoon,WorldUpgradeData,WorldUpgradeData<overwrite>,FamiliarCostumeData.lua,defined,6,DefaultFamiliarCostume,FamiliarCostume_RavenMoon,月触,,1.139672,24556151
FamiliarCostume_RavenNightmare,WorldUpgradeData,WorldUpgradeData<overwrite>,FamiliarCostumeData.lua,defined,7,DefaultFamiliarCostume,FamiliarCostume_RavenNightmare,梦魇,,1.139672,24556151
Song_ApolloSong,WorldUpgradeData,WorldUpgradeData<overwrite>,MusicPlayerData.lua,defined,4,DefaultSongItem,Song_ApolloSong,《命定荣耀》,,1.139672,24556151
Song_ArachneTheme,WorldUpgradeData,WorldUpgradeData<overwrite>,MusicPlayerData.lua,defined,4,DefaultSongItem,Song_ArachneTheme,《蛛丝》,,1.139672,24556151
Song_ArtemisSong,WorldUpgradeData,WorldUpgradeData<overwrite>,MusicPlayerData.lua,defined,4,DefaultSongItem,Song_ArtemisSong,《月光引我回家》,,1.139672,24556151
Song_ArtemisTheme,WorldUpgradeData,WorldUpgradeData<overwrite>,MusicPlayerData.lua,defined,4,DefaultSongItem,Song_ArtemisTheme,《银月姊妹》,,1.139672,24556151
Song_BiomeStartOlympus,WorldUpgradeData,WorldUpgradeData<overwrite>,MusicPlayerData.lua,defined,4,DefaultSongItem,Song_BiomeStartOlympus,《众神之山》,,1.139672,24556151
Song_ChaosTheme,WorldUpgradeData,WorldUpgradeData<overwrite>,MusicPlayerData.lua,defined,4,DefaultSongItem,Song_ChaosTheme,《混沌之初》,,1.139672,24556151
Song_CharonShopTheme,WorldUpgradeData,WorldUpgradeData<overwrite>,MusicPlayerData.lua,defined,4,DefaultSongItem,Song_CharonShopTheme,《最后一笔开销》（反抗军重混版）,,1.139672,24556151
Song_ChronosBossFightMusic,WorldUpgradeData,WorldUpgradeData<overwrite>,MusicPlayerData.lua,defined,4,DefaultSongItem,Song_ChronosBossFightMusic,《时间泰坦》,,1.139672,24556151
Song_ChronosBossFightMusicAlt,WorldUpgradeData,WorldUpgradeData<overwrite>,MusicPlayerData.lua,defined,4,DefaultSongItem,Song_ChronosBossFightMusicAlt,《时间的终结》,,1.139672,24556151
Song_CirceTheme,WorldUpgradeData,WorldUpgradeData<overwrite>,MusicPlayerData.lua,defined,4,DefaultSongItem,Song_CirceTheme,《变化女巫》,,1.139672,24556151
Song_ClockworkTartarusMiniboss,WorldUpgradeData,WorldUpgradeData<overwrite>,MusicPlayerData.lua,defined,5,DefaultSongItem,Song_ClockworkTartarusMiniboss,《闯入塔耳塔罗斯》（厮杀版）,,1.139672,24556151
Song_ClockworkTartarusRegular,WorldUpgradeData,WorldUpgradeData<overwrite>,MusicPlayerData.lua,defined,4,DefaultSongItem,Song_ClockworkTartarusRegular,《闯入塔耳塔罗斯》,,1.139672,24556151
Song_DionysusMusic,WorldUpgradeData,WorldUpgradeData<overwrite>,MusicPlayerData.lua,defined,4,DefaultSongItem,Song_DionysusMusic,《奢靡之席》,,1.139672,24556151
Song_EchoTheme,WorldUpgradeData,WorldUpgradeData<overwrite>,MusicPlayerData.lua,defined,4,DefaultSongItem,Song_EchoTheme,《消逝消逝》,,1.139672,24556151
Song_EndThemeAcoustic,WorldUpgradeData,WorldUpgradeData<overwrite>,MusicPlayerData.lua,defined,4,DefaultSongItem,Song_EndThemeAcoustic,《黑暗之中》,,1.139672,24556151
Song_EndThemeOrchestral,WorldUpgradeData,WorldUpgradeData<overwrite>,MusicPlayerData.lua,defined,5,DefaultSongItem,Song_EndThemeOrchestral,《鲜血之中》（团聚重混版）,,1.139672,24556151
Song_Ephyra2,WorldUpgradeData,WorldUpgradeData<overwrite>,MusicPlayerData.lua,defined,4,DefaultSongItem,Song_Ephyra2,《陷落之城》,,1.139672,24556151
Song_Ephyra3,WorldUpgradeData,WorldUpgradeData<overwrite>,MusicPlayerData.lua,defined,4,DefaultSongItem,Song_Ephyra3,《死城》,,1.139672,24556151
Song_Erebus2,WorldUpgradeData,WorldUpgradeData<overwrite>,MusicPlayerData.lua,defined,4,DefaultSongItem,Song_Erebus2,《失落亡魂》,,1.139672,24556151
Song_Exploration1,WorldUpgradeData,WorldUpgradeData<overwrite>,MusicPlayerData.lua,defined,4,DefaultSongItem,Song_Exploration1,《厄瑞玻斯的边界》,,1.139672,24556151
Song_Exploration2,WorldUpgradeData,WorldUpgradeData<overwrite>,MusicPlayerData.lua,defined,4,DefaultSongItem,Song_Exploration2,《烈焰双炬》,,1.139672,24556151
Song_FilthyArp,WorldUpgradeData,WorldUpgradeData<overwrite>,MusicPlayerData.lua,defined,4,DefaultSongItem,Song_FilthyArp,《盲眼的牧羊人》,,1.139672,24556151
Song_FishingMusicLoop,WorldUpgradeData,WorldUpgradeData<overwrite>,MusicPlayerData.lua,defined,4,DefaultSongItem,Song_FishingMusicLoop,《暗夜的渔获》,,1.139672,24556151
Song_HeraclesTheme,WorldUpgradeData,WorldUpgradeData<overwrite>,MusicPlayerData.lua,defined,4,DefaultSongItem,Song_HeraclesTheme,《非人之力》,,1.139672,24556151
Song_HypnosMusic,WorldUpgradeData,WorldUpgradeData<overwrite>,MusicPlayerData.lua,defined,4,DefaultSongItem,Song_HypnosMusic,《深度睡眠》,,1.139672,24556151
Song_IcarusTheme,WorldUpgradeData,WorldUpgradeData<overwrite>,MusicPlayerData.lua,defined,4,DefaultSongItem,Song_IcarusTheme,《展翅学徒》,,1.139672,24556151
Song_IrisEndTheme,WorldUpgradeData,WorldUpgradeData<overwrite>,MusicPlayerData.lua,defined,5,DefaultSongItem,Song_IrisEndTheme,《时间属于我们》,,1.139672,24556151
Song_IrisEndThemeAcoustic,WorldUpgradeData,WorldUpgradeData<overwrite>,MusicPlayerData.lua,defined,4,DefaultSongItem,Song_IrisEndThemeAcoustic,《时间属于我们》（三岔路口重混）,,1.139672,24556151
Song_MainTheme,WorldUpgradeData,WorldUpgradeData<overwrite>,MusicPlayerData.lua,defined,2,DefaultSongItem,Song_MainTheme,《克洛诺斯必死无疑》,,1.139672,24556151
Song_MedeaTheme,WorldUpgradeData,WorldUpgradeData<overwrite>,MusicPlayerData.lua,defined,4,DefaultSongItem,Song_MedeaTheme,《暗影女巫》,,1.139672,24556151
Song_MinibossTheme,WorldUpgradeData,WorldUpgradeData<overwrite>,MusicPlayerData.lua,defined,5,DefaultSongItem,Song_MinibossTheme,《鼠兽之王》,,1.139672,24556151
Song_MourningFields1,WorldUpgradeData,WorldUpgradeData<overwrite>,MusicPlayerData.lua,defined,4,DefaultSongItem,Song_MourningFields1,《永恒的渴望》,,1.139672,24556151
Song_MourningFields2,WorldUpgradeData,WorldUpgradeData<overwrite>,MusicPlayerData.lua,defined,4,DefaultSongItem,Song_MourningFields2,《枯枝败叶》,,1.139672,24556151
Song_MusicTyphon1,WorldUpgradeData,WorldUpgradeData<overwrite>,MusicPlayerData.lua,defined,5,DefaultSongItem,Song_MusicTyphon1,《风暴之母》,,1.139672,24556151
Song_MusicTyphon2,WorldUpgradeData,WorldUpgradeData<overwrite>,MusicPlayerData.lua,defined,5,DefaultSongItem,Song_MusicTyphon2,《众魔之父》,,1.139672,24556151
Song_MusicTyphon2b,WorldUpgradeData,WorldUpgradeData<overwrite>,MusicPlayerData.lua,defined,5,DefaultSongItem,Song_MusicTyphon2b,《众魔之父（泰坦重混版）》,,1.139672,24556151
Song_NarcissusTheme,WorldUpgradeData,WorldUpgradeData<overwrite>,MusicPlayerData.lua,defined,4,DefaultSongItem,Song_NarcissusTheme,《河映和影》,,1.139672,24556151
Song_NemesisTheme,WorldUpgradeData,WorldUpgradeData<overwrite>,MusicPlayerData.lua,defined,4,DefaultSongItem,Song_NemesisTheme,《邪眼》,,1.139672,24556151
Song_Olympus1,WorldUpgradeData,WorldUpgradeData<overwrite>,MusicPlayerData.lua,defined,5,DefaultSongItem,Song_Olympus1,《天堂之怒》,,1.139672,24556151
Song_Olympus2,WorldUpgradeData,WorldUpgradeData<overwrite>,MusicPlayerData.lua,defined,5,DefaultSongItem,Song_Olympus2,《烽火奥林匹斯》,,1.139672,24556151
Song_RunStart,WorldUpgradeData,WorldUpgradeData<overwrite>,MusicPlayerData.lua,defined,3,DefaultSongItem,Song_RunStart,《三岔路口》,,1.139672,24556151
Song_Scylla1a,WorldUpgradeData,WorldUpgradeData<overwrite>,MusicPlayerData.lua,defined,4,DefaultSongItem,Song_Scylla1a,《塞壬之歌》,,1.139672,24556151
Song_Scylla1b,WorldUpgradeData,WorldUpgradeData<overwrite>,MusicPlayerData.lua,defined,6,DefaultSongItem,Song_Scylla1b,《珊瑚之冠》,,1.139672,24556151
Song_Scylla2a,WorldUpgradeData,WorldUpgradeData<overwrite>,MusicPlayerData.lua,defined,4,DefaultSongItem,Song_Scylla2a,《深海之歌》,,1.139672,24556151
Song_Scylla2b,WorldUpgradeData,WorldUpgradeData<overwrite>,MusicPlayerData.lua,defined,6,DefaultSongItem,Song_Scylla2b,《好想要挖（掉你双眼……）》,,1.139672,24556151
Song_Scylla3a,WorldUpgradeData,WorldUpgradeData<overwrite>,MusicPlayerData.lua,defined,4,DefaultSongItem,Song_Scylla3a,《远航之歌》,,1.139672,24556151
Song_Scylla3b,WorldUpgradeData,WorldUpgradeData<overwrite>,MusicPlayerData.lua,defined,5,DefaultSongItem,Song_Scylla3b,《身陷囹圄无处退》,,1.139672,24556151
Song_Scylla4a,WorldUpgradeData,WorldUpgradeData<overwrite>,MusicPlayerData.lua,defined,4,DefaultSongItem,Song_Scylla4a,《珍珠之歌》,,1.139672,24556151
Song_Scylla4b,WorldUpgradeData,WorldUpgradeData<overwrite>,MusicPlayerData.lua,defined,5,DefaultSongItem,Song_Scylla4b,《女巫之眼》,,1.139672,24556151
Song_Ships1,WorldUpgradeData,WorldUpgradeData<overwrite>,MusicPlayerData.lua,defined,4,DefaultSongItem,Song_Ships1,《升起的舰队》,,1.139672,24556151
Song_Ships2,WorldUpgradeData,WorldUpgradeData<overwrite>,MusicPlayerData.lua,defined,4,DefaultSongItem,Song_Ships2,《穿越裂谷》,,1.139672,24556151
Song_TimedEncounter,WorldUpgradeData,WorldUpgradeData<overwrite>,MusicPlayerData.lua,defined,5,DefaultSongItem,Song_TimedEncounter,《往日一瞥》,,1.139672,24556151
Song_ZagreusTheme,WorldUpgradeData,WorldUpgradeData<overwrite>,MusicPlayerData.lua,defined,5,DefaultSongItem,Song_ZagreusTheme,《无形者》,,1.139672,24556151
WorldUpgradeAltRunDoor,WorldUpgradeData,WorldUpgradeData,WorldUpgradeData.lua,defined,11,DefaultMajorItem;DefaultCriticalItem,WorldUpgradeAltRunDoor,畅通无阻,,1.139672,24556151
WorldUpgradeAmbrosia,WorldUpgradeData,WorldUpgradeData,WorldUpgradeData.lua,defined,15,DefaultInstantItem;DefaultCriticalItem,WorldUpgradeAmbrosia,晶莹仙酒,,1.139672,24556151
WorldUpgradeAutoHarvestOnExit,WorldUpgradeData,WorldUpgradeData,WorldUpgradeData.lua,defined,5,DefaultHubItem;DefaultCriticalItem,WorldUpgradeAutoHarvestOnExit,盖亚拾遗,,1.139672,24556151
WorldUpgradeBadgeSeller,WorldUpgradeData,WorldUpgradeData,WorldUpgradeData.lua,defined,10,DefaultMajorItem;DefaultCriticalItem,WorldUpgradeBadgeSeller,匿踪扬名,,1.139672,24556151
WorldUpgradeBathHouse,WorldUpgradeData,WorldUpgradeData,WorldUpgradeData.lua,defined,13,DefaultHubItem;DefaultCriticalItem,WorldUpgradeBathHouse,翻修温泉,,1.139672,24556151
WorldUpgradeBoonList,WorldUpgradeData,WorldUpgradeData,WorldUpgradeData.lua,defined,5,DefaultHubItem;DefaultCriticalItem,WorldUpgradeBoonList,祝福洞悉,,1.139672,24556151
WorldUpgradeBossDifficultyT2,WorldUpgradeData,WorldUpgradeData,WorldUpgradeData.lua,defined,5,DefaultHubItem;DefaultCriticalItem,WorldUpgradeBossDifficultyT2,海与渊之敌手,,1.139672,24556151
WorldUpgradeBossDifficultyT3,WorldUpgradeData,WorldUpgradeData,WorldUpgradeData.lua,defined,5,DefaultHubItem;DefaultCriticalItem,WorldUpgradeBossDifficultyT3,山与原之敌手,,1.139672,24556151
WorldUpgradeBossDifficultyT4,WorldUpgradeData,WorldUpgradeData,WorldUpgradeData.lua,defined,5,DefaultHubItem;DefaultCriticalItem,WorldUpgradeBossDifficultyT4,朽与亡之敌手,,1.139672,24556151
WorldUpgradeBountyBoard,WorldUpgradeData,WorldUpgradeData,WorldUpgradeData.lua,defined,12,DefaultMajorItem;DefaultCriticalItem,WorldUpgradeBountyBoard,深渊洞悉,,1.139672,24556151
WorldUpgradeBountyBoardRepeat,WorldUpgradeData,WorldUpgradeData,WorldUpgradeData.lua,defined,10,DefaultMajorItem;DefaultCriticalItem,WorldUpgradeBountyBoardRepeat,深渊映像,,1.139672,24556151
WorldUpgradeBreakableValue1,WorldUpgradeData,WorldUpgradeData,WorldUpgradeData.lua,defined,5,DefaultMinorItem;DefaultCriticalItem,WorldUpgradeBreakableValue1,金碧辉煌,,1.139672,24556151
WorldUpgradeCardUpgradePoints2,WorldUpgradeData,WorldUpgradeData,WorldUpgradeData.lua,defined,13,DefaultInstantItem;DefaultCriticalItem,WorldUpgradeCardUpgradePoints2,繁星映月,,1.139672,24556151
WorldUpgradeCardUpgradeSystem,WorldUpgradeData,WorldUpgradeData,WorldUpgradeData.lua,defined,8,DefaultHubItem;DefaultCriticalItem,WorldUpgradeCardUpgradeSystem,超凡入圣,,1.139672,24556151
WorldUpgradeChallengeSwitches1,WorldUpgradeData,WorldUpgradeData,WorldUpgradeData.lua,defined,5,DefaultHubItem;DefaultCriticalItem,WorldUpgradeChallengeSwitches1,出土宝藏,,1.139672,24556151
WorldUpgradeChallengeSwitchesExtra1,WorldUpgradeData,WorldUpgradeData,WorldUpgradeData.lua,defined,6,DefaultMajorItem;DefaultCriticalItem,WorldUpgradeChallengeSwitchesExtra1,暗夜之眼,,1.139672,24556151
WorldUpgradeChallengeSwitchesSurface1,WorldUpgradeData,WorldUpgradeData,WorldUpgradeData.lua,defined,5,DefaultHubItem;DefaultCriticalItem,WorldUpgradeChallengeSwitchesSurface1,出世宝藏,,1.139672,24556151
WorldUpgradeChangeNextRunRNG,WorldUpgradeData,WorldUpgradeData,WorldUpgradeData.lua,defined,7,DefaultMajorItem;DefaultCriticalItem,WorldUpgradeChangeNextRunRNG,命运无常,,1.139672,24556151
WorldUpgradeDoraMemory,WorldUpgradeData,WorldUpgradeData,WorldUpgradeData.lua,defined,14,DefaultMajorItem;DefaultCriticalItem,WorldUpgradeDoraMemory,往世追思,,1.139672,24556151
WorldUpgradeDoubleAdvanceKeepsakes,WorldUpgradeData,WorldUpgradeData,WorldUpgradeData.lua,defined,6,DefaultMajorItem;DefaultCriticalItem,WorldUpgradeDoubleAdvanceKeepsakes,情深意重,,1.139672,24556151
WorldUpgradeElementalBoons,WorldUpgradeData,WorldUpgradeData,WorldUpgradeData.lua,defined,6,DefaultMajorItem;DefaultCriticalItem,WorldUpgradeElementalBoons,元素卜筮,,1.139672,24556151
WorldUpgradeEphyraZoomOut,WorldUpgradeData,WorldUpgradeData,WorldUpgradeData.lua,defined,5,DefaultMinorItem;DefaultCriticalItem,WorldUpgradeEphyraZoomOut,召唤蝙蝠,,1.139672,24556151
WorldUpgradeErebusReprieve,WorldUpgradeData,WorldUpgradeData,WorldUpgradeData.lua,defined,4,DefaultMinorItem;DefaultCriticalItem,WorldUpgradeErebusReprieve,林溪木露,,1.139672,24556151
WorldUpgradeErebusSafeZones,WorldUpgradeData,WorldUpgradeData,WorldUpgradeData.lua,defined,5,DefaultMajorItem;DefaultCriticalItem,WorldUpgradeErebusSafeZones,结界护体,,1.139672,24556151
WorldUpgradeErisTrashPickup,WorldUpgradeData,WorldUpgradeData,WorldUpgradeData.lua,defined,4,DefaultMinorItem;DefaultCriticalItem,WorldUpgradeErisTrashPickup,一扫而空,,1.139672,24556151
WorldUpgradeExchangeShop,WorldUpgradeData,WorldUpgradeData,WorldUpgradeData.lua,defined,10,DefaultMinorItem;DefaultCriticalItem,WorldUpgradeExchangeShop,大地之财,,1.139672,24556151
WorldUpgradeFamiliarCostumeSystem,WorldUpgradeData,WorldUpgradeData,WorldUpgradeData.lua,defined,6,DefaultHubItem;DefaultCriticalItem,WorldUpgradeFamiliarCostumeSystem,魔宠易形,,1.139672,24556151
WorldUpgradeFamiliarPoints,WorldUpgradeData,WorldUpgradeData,WorldUpgradeData.lua,defined,14,DefaultInstantItem;DefaultCriticalItem,WorldUpgradeFamiliarPoints,女巫之宝,,1.139672,24556151
WorldUpgradeFamiliarSystem,WorldUpgradeData,WorldUpgradeData,WorldUpgradeData.lua,defined,9,DefaultMajorItem;DefaultCriticalItem,WorldUpgradeFamiliarSystem,魔宠信赖,,1.139672,24556151
WorldUpgradeFamiliarUpgradeSystem,WorldUpgradeData,WorldUpgradeData,WorldUpgradeData.lua,defined,7,DefaultHubItem;DefaultCriticalItem,WorldUpgradeFamiliarUpgradeSystem,魔宠勇毅,,1.139672,24556151
WorldUpgradeFieldsRewardFinder,WorldUpgradeData,WorldUpgradeData,WorldUpgradeData.lua,defined,6,DefaultMinorItem;DefaultCriticalItem,WorldUpgradeFieldsRewardFinder,唤醒枯木,,1.139672,24556151
WorldUpgradeFishingPoint,WorldUpgradeData,WorldUpgradeData,WorldUpgradeData.lua,defined,12,DefaultHubItem;DefaultCriticalItem,WorldUpgradeFishingPoint,抚慰激流,,1.139672,24556151
WorldUpgradeFountainUpgrade1,WorldUpgradeData,WorldUpgradeData,WorldUpgradeData.lua,defined,4,DefaultMinorItem;DefaultCriticalItem,WorldUpgradeFountainUpgrade1,清洁泉水,,1.139672,24556151
WorldUpgradeFountainUpgrade2,WorldUpgradeData,WorldUpgradeData,WorldUpgradeData.lua,defined,4,DefaultMinorItem;DefaultCriticalItem,WorldUpgradeFountainUpgrade2,净化泉水,,1.139672,24556151
WorldUpgradeGameStats,WorldUpgradeData,WorldUpgradeData,WorldUpgradeData.lua,defined,10,DefaultHubItem;DefaultCriticalItem,WorldUpgradeGameStats,自我审视,,1.139672,24556151
WorldUpgradeGarden,WorldUpgradeData,WorldUpgradeData,WorldUpgradeData.lua,defined,12,DefaultHubItem;DefaultCriticalItem,WorldUpgradeGarden,生机沃土,,1.139672,24556151
WorldUpgradeGardenHarvestAll,WorldUpgradeData,WorldUpgradeData,WorldUpgradeData.lua,defined,4,DefaultMinorItem;DefaultCriticalItem,WorldUpgradeGardenHarvestAll,盖亚神助,,1.139672,24556151
WorldUpgradeGardenMultiPlant,WorldUpgradeData,WorldUpgradeData,WorldUpgradeData.lua,defined,4,DefaultMinorItem;DefaultCriticalItem,WorldUpgradeGardenMultiPlant,一撒无遗,,1.139672,24556151
WorldUpgradeGardenT2,WorldUpgradeData,WorldUpgradeData,WorldUpgradeData.lua,defined,10,DefaultMinorItem;DefaultCriticalItem,WorldUpgradeGardenT2,孕育沃土,,1.139672,24556151
WorldUpgradeGardenT3,WorldUpgradeData,WorldUpgradeData,WorldUpgradeData.lua,defined,8,DefaultMinorItem;DefaultCriticalItem,WorldUpgradeGardenT3,苍翠沃土,,1.139672,24556151
WorldUpgradeGiftDropRunProgress,WorldUpgradeData,WorldUpgradeData,WorldUpgradeData.lua,defined,5,DefaultHubItem;DefaultCriticalItem,WorldUpgradeGiftDropRunProgress,蜜藏神恩,,1.139672,24556151
WorldUpgradeGiftsShop,WorldUpgradeData,WorldUpgradeData,WorldUpgradeData.lua,defined,11,DefaultHubItem;DefaultCriticalItem,WorldUpgradeGiftsShop,礼尚往来,,1.139672,24556151
WorldUpgradeHarvestUpgrade,WorldUpgradeData,WorldUpgradeData,WorldUpgradeData.lua,defined,6,DefaultHubItem;DefaultCriticalItem,WorldUpgradeHarvestUpgrade,沃土遗珍,,1.139672,24556151
WorldUpgradeKeepsakeSaveFirst,WorldUpgradeData,WorldUpgradeData,WorldUpgradeData.lua,defined,4,DefaultMinorItem;DefaultCriticalItem,WorldUpgradeKeepsakeSaveFirst,偏爱之物,,1.139672,24556151
WorldUpgradeMarket,WorldUpgradeData,WorldUpgradeData,WorldUpgradeData.lua,defined,12,DefaultHubItem;DefaultCriticalItem,WorldUpgradeMarket,生财有道,,1.139672,24556151
WorldUpgradeMedeaTears,WorldUpgradeData,WorldUpgradeData,WorldUpgradeData.lua,defined,11,DefaultMinorItem;DefaultCriticalItem,WorldUpgradeMedeaTears,悲伤精华,,1.139672,24556151
WorldUpgradeMetaCardPointsCommonRunProgress,WorldUpgradeData,WorldUpgradeData,WorldUpgradeData.lua,defined,5,DefaultHubItem;DefaultCriticalItem,WorldUpgradeMetaCardPointsCommonRunProgress,尘封往世,,1.139672,24556151
WorldUpgradeMetaCurrencyRunProgress,WorldUpgradeData,WorldUpgradeData,WorldUpgradeData.lua,defined,5,DefaultHubItem;DefaultCriticalItem,WorldUpgradeMetaCurrencyRunProgress,骨载秘识,,1.139672,24556151
WorldUpgradeMetaRewardStands,WorldUpgradeData,WorldUpgradeData,WorldUpgradeData.lua,defined,5,DefaultHubItem;DefaultCriticalItem,WorldUpgradeMetaRewardStands,深渊献物,,1.139672,24556151
WorldUpgradeMetaUpgradeSaveLayout,WorldUpgradeData,WorldUpgradeData,WorldUpgradeData.lua,defined,4,DefaultMinorItem;DefaultCriticalItem,WorldUpgradeMetaUpgradeSaveLayout,播尘扬灰,,1.139672,24556151
WorldUpgradeMixerShadow,WorldUpgradeData,WorldUpgradeData,WorldUpgradeData.lua,defined,14,DefaultInstantItem;DefaultCriticalItem,WorldUpgradeMixerShadow,暗影提炼,,1.139672,24556151
WorldUpgradeMorosUnlock,WorldUpgradeData,WorldUpgradeData,WorldUpgradeData.lua,defined,11,DefaultMajorItem;DefaultCriticalItem,WorldUpgradeMorosUnlock,招来毁灭,,1.139672,24556151
WorldUpgradeMusicPlayer,WorldUpgradeData,WorldUpgradeData,WorldUpgradeData.lua,defined,10,DefaultHubItem;DefaultCriticalItem,WorldUpgradeMusicPlayer,识曲知音,,1.139672,24556151
WorldUpgradeMusicPlayerShuffle,WorldUpgradeData,WorldUpgradeData,WorldUpgradeData.lua,defined,7,DefaultHubItem;DefaultCriticalItem,WorldUpgradeMusicPlayerShuffle,乱曲谐音,,1.139672,24556151
WorldUpgradeNarcissusWaters,WorldUpgradeData,WorldUpgradeData,WorldUpgradeData.lua,defined,7,DefaultMajorItem;DefaultCriticalItem,WorldUpgradeNarcissusWaters,明镜止水,,1.139672,24556151
WorldUpgradeNectar,WorldUpgradeData,WorldUpgradeData,WorldUpgradeData.lua,defined,14,DefaultInstantItem;DefaultCriticalItem,WorldUpgradeNectar,甜美蜜露,,1.139672,24556151
WorldUpgradeOceanusReprieve,WorldUpgradeData,WorldUpgradeData,WorldUpgradeData.lua,defined,4,DefaultMinorItem;DefaultCriticalItem,WorldUpgradeOceanusReprieve,海水盐泉,,1.139672,24556151
WorldUpgradeOlympusReprieve,WorldUpgradeData,WorldUpgradeData,WorldUpgradeData.lua,defined,4,DefaultMinorItem;DefaultCriticalItem,WorldUpgradeOlympusReprieve,冰山沁饮,,1.139672,24556151
WorldUpgradeOlympusStatues,WorldUpgradeData,WorldUpgradeData,WorldUpgradeData.lua,defined,5,DefaultMinorItem;DefaultCriticalItem,WorldUpgradeOlympusStatues,元素之怒,,1.139672,24556151
WorldUpgradePauseChronosFight,WorldUpgradeData,WorldUpgradeData,WorldUpgradeData.lua,defined,6,DefaultHubItem;DefaultCriticalItem,WorldUpgradePauseChronosFight,定神之力,,1.139672,24556151
WorldUpgradePinning,WorldUpgradeData,WorldUpgradeData,WorldUpgradeData.lua,defined,4,DefaultMinorItem;DefaultCriticalItem,WorldUpgradePinning,勿忘我,,1.139672,24556151
WorldUpgradePinningBoons,WorldUpgradeData,WorldUpgradeData,WorldUpgradeData.lua,defined,4,DefaultMinorItem;DefaultCriticalItem,WorldUpgradePinningBoons,蒙福有方,,1.139672,24556151
WorldUpgradePostBossGiftRack,WorldUpgradeData,WorldUpgradeData,WorldUpgradeData.lua,defined,4,DefaultMajorItem;DefaultCriticalItem,WorldUpgradePostBossGiftRack,睹物思人,,1.139672,24556151
WorldUpgradePostBossSellTraitShops,WorldUpgradeData,WorldUpgradeData,WorldUpgradeData.lua,defined,5,DefaultMajorItem;DefaultCriticalItem,WorldUpgradePostBossSellTraitShops,血池相随,,1.139672,24556151
WorldUpgradePostBossSurfaceShops,WorldUpgradeData,WorldUpgradeData,WorldUpgradeData.lua,defined,4,DefaultHubItem;DefaultCriticalItem,WorldUpgradePostBossSurfaceShops,祥风相随,,1.139672,24556151
WorldUpgradePostBossWellShops,WorldUpgradeData,WorldUpgradeData,WorldUpgradeData.lua,defined,4,DefaultHubItem;DefaultCriticalItem,WorldUpgradePostBossWellShops,冥井相随,,1.139672,24556151
WorldUpgradeQuestLog,WorldUpgradeData,WorldUpgradeData,WorldUpgradeData.lua,defined,9,DefaultMajorItem;DefaultCriticalItem,WorldUpgradeQuestLog,命定干预,,1.139672,24556151
WorldUpgradeRelationshipBar,WorldUpgradeData,WorldUpgradeData,WorldUpgradeData.lua,defined,9,DefaultHubItem;DefaultCriticalItem,WorldUpgradeRelationshipBar,心有灵犀,,1.139672,24556151
WorldUpgradeResourceFinder,WorldUpgradeData,WorldUpgradeData,WorldUpgradeData.lua,defined,4,DefaultMinorItem;DefaultCriticalItem,WorldUpgradeResourceFinder,材料感知,,1.139672,24556151
WorldUpgradeRestoreSellTraitShop,WorldUpgradeData,WorldUpgradeData,WorldUpgradeData.lua,defined,5,DefaultHubItem;DefaultCriticalItem,WorldUpgradeRestoreSellTraitShop,唤起血池,,1.139672,24556151
WorldUpgradeReviveIcarus,WorldUpgradeData,WorldUpgradeData,WorldUpgradeData.lua,defined,15,DefaultHubItem;DefaultCriticalItem,WorldUpgradeReviveIcarus,灵体还阳,,1.139672,24556151
WorldUpgradeReviveIcarusRepeatable,WorldUpgradeData,WorldUpgradeData,WorldUpgradeData.lua,defined,14,DefaultInstantItem;DefaultCriticalItem,WorldUpgradeReviveIcarusRepeatable,灵体还阳,,1.139672,24556151
WorldUpgradeRunHistory,WorldUpgradeData,WorldUpgradeData,WorldUpgradeData.lua,defined,10,DefaultHubItem;DefaultCriticalItem,WorldUpgradeRunHistory,博古通今,,1.139672,24556151
WorldUpgradeSafeZoneSpellCharge,WorldUpgradeData,WorldUpgradeData,WorldUpgradeData.lua,defined,5,DefaultMajorItem;DefaultCriticalItem,WorldUpgradeSafeZoneSpellCharge,月之结界,,1.139672,24556151
WorldUpgradeSellShop,WorldUpgradeData,WorldUpgradeData,WorldUpgradeData.lua,defined,9,DefaultMinorItem;DefaultCriticalItem,WorldUpgradeSellShop,死冥之财,,1.139672,24556151
WorldUpgradeShadeMercs,WorldUpgradeData,WorldUpgradeData,WorldUpgradeData.lua,defined,5,DefaultHubItem;DefaultCriticalItem,WorldUpgradeShadeMercs,幽冥感召,,1.139672,24556151
WorldUpgradeSkellyHealth,WorldUpgradeData,WorldUpgradeData,WorldUpgradeData.lua,defined,9,DefaultHubItem;DefaultCriticalItem,WorldUpgradeSkellyHealth,骨质增密,,1.139672,24556151
WorldUpgradeStormStop,WorldUpgradeData,WorldUpgradeData,WorldUpgradeData.lua,defined,9,DefaultMajorItem;DefaultCriticalItem;EndGameItem,WorldUpgradeStormStop,魔物解离,,1.139672,24556151
WorldUpgradeStoryReset,WorldUpgradeData,WorldUpgradeData,WorldUpgradeData.lua,defined,13,DefaultMajorItem;DefaultHubItem,WorldUpgradeStoryReset,回溯时间,,1.139672,24556151
WorldUpgradeSurfacePenaltyCure,WorldUpgradeData,WorldUpgradeData,WorldUpgradeData.lua,defined,8,DefaultMajorItem;DefaultCriticalItem,WorldUpgradeSurfacePenaltyCure,解开宿命羁绊,,1.139672,24556151
WorldUpgradeSurfaceShops,WorldUpgradeData,WorldUpgradeData,WorldUpgradeData.lua,defined,5,DefaultHubItem;DefaultCriticalItem,WorldUpgradeSurfaceShops,清风相伴,,1.139672,24556151
WorldUpgradeTartarusReprieve,WorldUpgradeData,WorldUpgradeData,WorldUpgradeData.lua,defined,4,DefaultMinorItem;DefaultCriticalItem,WorldUpgradeTartarusReprieve,金池玉液,,1.139672,24556151
WorldUpgradeTaverna,WorldUpgradeData,WorldUpgradeData,WorldUpgradeData.lua,defined,15,DefaultHubItem;DefaultCriticalItem,WorldUpgradeTaverna,觥筹交错,,1.139672,24556151
WorldUpgradeThessalyReprieve,WorldUpgradeData,WorldUpgradeData,WorldUpgradeData.lua,defined,4,DefaultMinorItem;DefaultCriticalItem,WorldUpgradeThessalyReprieve,孤岛甘源,,1.139672,24556151
WorldUpgradeTimeSlowChronosFight,WorldUpgradeData,WorldUpgradeData,WorldUpgradeData.lua,defined,6,DefaultHubItem;DefaultCriticalItem,WorldUpgradeTimeSlowChronosFight,弄时之力,,1.139672,24556151
WorldUpgradeTimeStop,WorldUpgradeData,WorldUpgradeData,WorldUpgradeData.lua,defined,11,DefaultMajorItem;DefaultCriticalItem;EndGameItem,WorldUpgradeTimeStop,时间消逝,,1.139672,24556151
WorldUpgradeToolUpgradeSystem,WorldUpgradeData,WorldUpgradeData,WorldUpgradeData.lua,defined,6,DefaultMajorItem;DefaultCriticalItem,WorldUpgradeToolUpgradeSystem,盖亚恩泽,,1.139672,24556151
WorldUpgradeToolsShop,WorldUpgradeData,WorldUpgradeData,WorldUpgradeData.lua,defined,5,DefaultHubItem;DefaultCriticalItem,WorldUpgradeToolsShop,暗夜工具,,1.139672,24556151
WorldUpgradeUnusedWeaponBonus,WorldUpgradeData,WorldUpgradeData,WorldUpgradeData.lua,defined,6,DefaultHubItem;DefaultCriticalItem,WorldUpgradeUnusedWeaponBonus,墓地饥渴,,1.139672,24556151
WorldUpgradeUnusedWeaponBonusT2,WorldUpgradeData,WorldUpgradeData,WorldUpgradeData.lua,defined,5,DefaultHubItem;DefaultCriticalItem,WorldUpgradeUnusedWeaponBonusT2,寻宝觅珍,,1.139672,24556151
WorldUpgradeWakeHypnos,WorldUpgradeData,WorldUpgradeData,WorldUpgradeData.lua,defined,12,DefaultHubItem;DefaultCriticalItem,WorldUpgradeWakeHypnos,大梦初醒,,1.139672,24556151
WorldUpgradeWakeHypnosT2,WorldUpgradeData,WorldUpgradeData,WorldUpgradeData.lua,defined,12,DefaultHubItem;DefaultCriticalItem,WorldUpgradeWakeHypnosT2,大梦再醒,,1.139672,24556151
WorldUpgradeWakeHypnosT3,WorldUpgradeData,WorldUpgradeData,WorldUpgradeData.lua,defined,12,DefaultHubItem;DefaultCriticalItem,WorldUpgradeWakeHypnosT3,大梦三醒,,1.139672,24556151
WorldUpgradeWeaponUpgradeSystem,WorldUpgradeData,WorldUpgradeData,WorldUpgradeData.lua,defined,7,DefaultMajorItem;DefaultCriticalItem,WorldUpgradeWeaponUpgradeSystem,暗夜形态,,1.139672,24556151
WorldUpgradeWellShops,WorldUpgradeData,WorldUpgradeData,WorldUpgradeData.lua,defined,5,DefaultHubItem;DefaultCriticalItem,WorldUpgradeWellShops,死井逢春,,1.139672,24556151
