id,table,source_namespace,source_file,state,field_count,inherit_from,display_key,display_name_zh_cn,use_function,game_version,steam_build
AetherBoon,TraitData,TraitSetData.Base,TraitData.lua,debug_only,2,,AetherBoon,{!Icons.CurseAether}以太,,1.139672,24556151
AgilityCostume,TraitData,TraitData<overwrite>,TraitData_Arachne.lua,defined,8,CostumeTrait;ForceCommonAppearanceTrait,AgilityCostume,淡紫裙装,,1.139672,24556151
AirBoon,TraitData,TraitSetData.Base,TraitData.lua,debug_only,2,,AirBoon,{!Icons.CurseAir}风,,1.139672,24556151
AirEssence,TraitData,TraitSetData.Essence,TraitData_Essence.lua,defined,4,AirBoon,,,,1.139672,24556151
AllCloseBoon,TraitData,TraitData<overwrite>,TraitData_Duo.lua,defined,5,SynergyTrait,AllCloseBoon,度假胜地,,1.139672,24556151
AllElementalBoon,TraitData,TraitData<overwrite>,TraitData_Hera.lua,defined,7,LegendaryTrait,AllElementalBoon,合家团圆,GrantBoons,1.139672,24556151
AloneDamageBoon,TraitData,TraitData<overwrite>,TraitData_Hestia.lua,defined,6,BaseTrait;FireBoon,AloneDamageBoon,风烛忽灭,,1.139672,24556151
AmplifyConeBoon,TraitData,TraitData<overwrite>,TraitData_Poseidon.lua,defined,7,LegendaryTrait;WaterBoon,AmplifyConeBoon,巨浪滔天,,1.139672,24556151
AntiArmorBoon,TraitData,TraitData<overwrite>,TraitData_Hephaestus.lua,defined,6,BaseTrait;FireBoon,AntiArmorBoon,熔甲之触,,1.139672,24556151
AphroditeCastBoon,TraitData,TraitData<overwrite>,TraitData_Aphrodite.lua,defined,9,BaseTrait;AirBoon,AphroditeCastBoon,沦陷之环,,1.139672,24556151
AphroditeManaBoon,TraitData,TraitData<overwrite>,TraitData_Aphrodite.lua,defined,7,BaseTrait;AirBoon,AphroditeManaBoon,翩翩汇流,,1.139672,24556151
AphroditeSpecialBoon,TraitData,TraitData<overwrite>,TraitData_Aphrodite.lua,defined,9,BaseTrait;WaterBoon,AphroditeSpecialBoon,心动绝技,,1.139672,24556151
AphroditeSprintBoon,TraitData,TraitData<overwrite>,TraitData_Aphrodite.lua,defined,10,BaseTrait;LegacyTrait;AirBoon,AphroditeSprintBoon,激情奔行,,1.139672,24556151
AphroditeWeaponBoon,TraitData,TraitData<overwrite>,TraitData_Aphrodite.lua,defined,9,BaseTrait;WaterBoon,AphroditeWeaponBoon,心动打击,,1.139672,24556151
ApolloBlindBoon,TraitData,TraitData<overwrite>,TraitData_Apollo.lua,defined,6,BaseTrait;FireBoon,ApolloBlindBoon,如芒在背,,1.139672,24556151
ApolloCastAreaBoon,TraitData,TraitData<overwrite>,TraitData_Apollo.lua,defined,6,BaseTrait;AirBoon,ApolloCastAreaBoon,超级新星,,1.139672,24556151
ApolloCastBoon,TraitData,TraitData<overwrite>,TraitData_Apollo.lua,defined,11,BaseTrait;FireBoon,ApolloCastBoon,烈日之环,,1.139672,24556151
ApolloExCastBoon,TraitData,TraitData<overwrite>,TraitData_Apollo.lua,defined,7,BaseTrait;FireBoon,ApolloExCastBoon,夺目闪光,,1.139672,24556151
ApolloManaBoon,TraitData,TraitData<overwrite>,TraitData_Apollo.lua,defined,7,BaseTrait;AirBoon,ApolloManaBoon,明光汇流,,1.139672,24556151
ApolloRetaliateBoon,TraitData,TraitData<overwrite>,TraitData_Apollo.lua,defined,6,BaseTrait;FireBoon,ApolloRetaliateBoon,耀眼惩戒,,1.139672,24556151
ApolloSecondStageCastBoon,TraitData,TraitData<overwrite>,TraitData_Duo.lua,defined,12,SynergyTrait,ApolloSecondStageCastBoon,辉耀天灾,,1.139672,24556151
ApolloSpecialBoon,TraitData,TraitData<overwrite>,TraitData_Apollo.lua,defined,10,BaseTrait;AirBoon,ApolloSpecialBoon,光耀绝技,,1.139672,24556151
ApolloSprintBoon,TraitData,TraitData<overwrite>,TraitData_Apollo.lua,defined,9,BaseTrait;FireBoon,ApolloSprintBoon,炫目奔行,,1.139672,24556151
ApolloWeaponBoon,TraitData,TraitData<overwrite>,TraitData_Apollo.lua,defined,10,BaseTrait;AirBoon,ApolloWeaponBoon,光耀打击,,1.139672,24556151
ArcanaRarityTrait,TraitData,TraitData<overwrite>,TraitData_Circe.lua,defined,6,BaseCirce,ArcanaRarityTrait,青金石洞悉,CirceMetaUpgradeRarity,1.139672,24556151
AresCastBoon,TraitData,TraitData<overwrite>,TraitData_Ares.lua,defined,8,BaseTrait;EarthBoon,AresCastBoon,剑刃之环,,1.139672,24556151
AresExCastBoon,TraitData,TraitData<overwrite>,TraitData_Ares.lua,defined,7,BaseTrait;EarthBoon,AresExCastBoon,绞肉机器,,1.139672,24556151
AresManaBoon,TraitData,TraitData<overwrite>,TraitData_Ares.lua,defined,11,BaseTrait;EarthBoon,AresManaBoon,喋血汇流,SetupBloodDropDisplay,1.139672,24556151
AresSpecialBoon,TraitData,TraitData<overwrite>,TraitData_Ares.lua,defined,12,BaseTrait;EarthBoon,AresSpecialBoon,凶恶绝技,,1.139672,24556151
AresSprintBoon,TraitData,TraitData<overwrite>,TraitData_Ares.lua,defined,7,BaseTrait;EarthBoon,AresSprintBoon,锋刃奔行,,1.139672,24556151
AresStatusDoubleDamageBoon,TraitData,TraitData<overwrite>,TraitData_Ares.lua,defined,7,BaseTrait;EarthBoon,AresStatusDoubleDamageBoon,重创一击,,1.139672,24556151
AresWeaponBoon,TraitData,TraitData<overwrite>,TraitData_Ares.lua,defined,10,BaseTrait;EarthBoon,AresWeaponBoon,凶恶打击,,1.139672,24556151
ArmorBoon,TraitData,TraitData<overwrite>,TraitData_Hephaestus.lua,defined,11,BaseTrait;EarthBoon;CostumeTrait,ArmorBoon,信心之盾,,1.139672,24556151
ArmorGainKeepsake,TraitData,TraitSetData.Keepsakes,TraitData_Keepsake.lua,defined,12,GiftTrait;CostumeTrait,ArmorGainKeepsake,丝质饰带,,1.139672,24556151
ArmorPenaltyCurse,TraitData,TraitData<overwrite>,TraitData_Medea.lua,defined,5,BaseCurse,ArmorPenaltyCurse,所见皆蚀,,1.139672,24556151
AthenaEncounterKeepsake,TraitData,TraitSetData.Keepsakes,TraitData_Keepsake.lua,defined,15,GiftTrait,AthenaEncounterKeepsake,蛇发妖护符,,1.139672,24556151
AthenaProjectileBoon,TraitData,TraitData<overwrite>,TraitData_Athena.lua,defined,8,BaseTrait;LegacyTrait;FireBoon,AthenaProjectileBoon,杀阵射击,,1.139672,24556151
AutoRevengeBoon,TraitData,TraitData<overwrite>,TraitData_Duo.lua,defined,7,SynergyTrait,AutoRevengeBoon,赶尽杀绝,,1.139672,24556151
AxeArmCastAspect,TraitData,TraitSetData.Aspects,TraitData_Aspect.lua,defined,13,WeaponEnchantmentTrait,AxeArmCastAspect,卡戎形态,,1.139672,24556151
AxeArmorTrait,TraitData,TraitData<overwrite>,TraitData_Axe.lua,defined,5,WeaponTrait;AxeHammerTrait,AxeArmorTrait,熔融撕裂,,1.139672,24556151
AxeAttackRecoveryTrait,TraitData,TraitData<overwrite>,TraitData_Axe.lua,defined,7,WeaponTrait;AxeHammerTrait,AxeAttackRecoveryTrait,迅疾劈砍,,1.139672,24556151
AxeBlockEmpowerTrait,TraitData,TraitData<overwrite>,TraitData_Axe.lua,defined,7,WeaponTrait;AxeHammerTrait,AxeBlockEmpowerTrait,攻城撕裂,,1.139672,24556151
AxeChargedSpecialTrait,TraitData,TraitData<overwrite>,TraitData_Axe.lua,defined,6,WeaponTrait;AxeHammerTrait,AxeChargedSpecialTrait,骤然地裂,,1.139672,24556151
AxeDashAttackTrait,TraitData,TraitData<overwrite>,TraitData_Axe.lua,defined,5,WeaponTrait;AxeHammerTrait,AxeDashAttackTrait,疾步扬锋,,1.139672,24556151
AxeFreeSpinTrait,TraitData,TraitData<overwrite>,TraitData_Axe.lua,defined,6,WeaponTrait;AxeHammerTrait,AxeFreeSpinTrait,灵能旋风,,1.139672,24556151
AxeHammerTrait,TraitData,TraitData<overwrite>,TraitData_Axe.lua,debug_only,2,,,,,1.139672,24556151
AxeMassiveThirdStrikeTrait,TraitData,TraitData<overwrite>,TraitData_Axe.lua,defined,7,WeaponTrait;AxeHammerTrait,AxeMassiveThirdStrikeTrait,行刑断送,,1.139672,24556151
AxePerfectCriticalAspect,TraitData,TraitSetData.Aspects,TraitData_Aspect.lua,defined,17,WeaponEnchantmentTrait,AxePerfectCriticalAspect,塔纳托斯形态,,1.139672,24556151
AxeRallyAspect,TraitData,TraitSetData.Aspects,TraitData_Aspect.lua,defined,19,WeaponEnchantmentTrait,AxeRallyAspect,涅伽尔形态,,1.139672,24556151
AxeRallyFirstStrikeTrait,TraitData,TraitData<overwrite>,TraitData_Axe.lua,defined,6,WeaponTrait;AxeHammerTrait,AxeRallyFirstStrikeTrait,力裂天穹,,1.139672,24556151
AxeRallyFrenzyTrait,TraitData,TraitData<overwrite>,TraitData_Axe.lua,defined,8,WeaponTrait;AxeHammerTrait,AxeRallyFrenzyTrait,钢铁之心,,1.139672,24556151
AxeRangedWhirlwindTrait,TraitData,TraitData<overwrite>,TraitData_Axe.lua,defined,8,WeaponTrait;AxeHammerTrait,AxeRangedWhirlwindTrait,怒不可遏,,1.139672,24556151
AxeRecoveryAspect,TraitData,TraitSetData.Aspects,TraitData_Aspect.lua,defined,11,WeaponEnchantmentTrait,AxeRecoveryAspect,墨利诺厄形态,,1.139672,24556151
AxeSecondStageTrait,TraitData,TraitData<overwrite>,TraitData_Axe.lua,defined,7,WeaponTrait;AxeHammerTrait,AxeSecondStageTrait,究极地裂,,1.139672,24556151
AxeSpinSpeedTrait,TraitData,TraitData<overwrite>,TraitData_Axe.lua,defined,7,WeaponTrait;AxeHammerTrait,AxeSpinSpeedTrait,狂怒旋风,,1.139672,24556151
AxeSturdyTrait,TraitData,TraitData<overwrite>,TraitData_Axe.lua,defined,9,WeaponTrait;AxeHammerTrait,AxeSturdyTrait,巨人挥斩,,1.139672,24556151
AxeThirdStrikeTrait,TraitData,TraitData<overwrite>,TraitData_Axe.lua,defined,9,WeaponTrait;AxeHammerTrait,AxeThirdStrikeTrait,力劈渊狱,,1.139672,24556151
BankBoon,TraitData,TraitData<overwrite>,TraitData_Dionysus.lua,defined,11,BaseTrait;WaterBoon,BankBoon,好借好还,BankGold,1.139672,24556151
BaseBoonUpgradeKeepsake,TraitData,TraitSetData.Keepsakes,TraitData_Keepsake.lua,debug_only,4,GiftTrait,,,,1.139672,24556151
BaseCirce,TraitData,TraitData<overwrite>,TraitData_Circe.lua,debug_only,5,ForceCommonAppearanceTrait,,,,1.139672,24556151
BaseCurse,TraitData,TraitData<overwrite>,TraitData_Medea.lua,debug_only,4,ForceCommonAppearanceTrait,,,,1.139672,24556151
BaseDummyWeapon,TraitData,TraitSetData.DummyWeapons,TraitData.lua,defined,4,,,,,1.139672,24556151
BaseEcho,TraitData,TraitData<overwrite>,TraitData_Echo.lua,debug_only,4,ForceCommonAppearanceTrait,,,,1.139672,24556151
BaseIcarus,TraitData,TraitData<overwrite>,TraitData_Icarus.lua,debug_only,4,ForceCommonAppearanceTrait,,,,1.139672,24556151
BaseStaffAspect,TraitData,TraitSetData.Aspects,TraitData_Aspect.lua,defined,11,WeaponEnchantmentTrait,BaseStaffAspect,墨利诺厄形态,,1.139672,24556151
BaseSuitAspect,TraitData,TraitSetData.Aspects,TraitData_Aspect.lua,defined,11,WeaponEnchantmentTrait,BaseSuitAspect,墨利诺厄形态,,1.139672,24556151
BaseTrait,TraitData,TraitSetData.Base,TraitData.lua,debug_only,3,,,,,1.139672,24556151
BiomeState,TraitData,TraitSetData.BiomeStates,BiomeStateData.lua,debug_only,3,,,,,1.139672,24556151
BlindChanceBoon,TraitData,TraitData<overwrite>,TraitData_Apollo.lua,defined,6,BaseTrait;FireBoon,BlindChanceBoon,应接不暇,,1.139672,24556151
BlindClearBoon,TraitData,TraitData<overwrite>,TraitData_Duo.lua,defined,6,SynergyTrait,BlindClearBoon,醒脑重锤,,1.139672,24556151
BlockDeathKeepsake,TraitData,TraitSetData.Keepsakes,TraitData_Keepsake.lua,defined,11,GiftTrait,BlockDeathKeepsake,雕纹胸针,,1.139672,24556151
BloodDropRevengeBoon,TraitData,TraitData<overwrite>,TraitData_Ares.lua,defined,10,BaseTrait;EarthBoon,BloodDropRevengeBoon,剖心置腹,SetupBloodDropDisplay,1.139672,24556151
BloodManaBurstBoon,TraitData,TraitData<overwrite>,TraitData_Duo.lua,defined,7,SynergyTrait,BloodManaBurstBoon,血肉之欢,,1.139672,24556151
BloodRetentionBoon,TraitData,TraitData<overwrite>,TraitData_Duo.lua,defined,6,SynergyTrait,BloodRetentionBoon,一脉相承,,1.139672,24556151
BoltRetaliateBoon,TraitData,TraitData<overwrite>,TraitData_Zeus.lua,defined,6,BaseTrait;AirBoon,BoltRetaliateBoon,神圣复仇,,1.139672,24556151
BonusMoneyKeepsake,TraitData,TraitSetData.Keepsakes,TraitData_Keepsake.lua,defined,12,GiftTrait,BonusMoneyKeepsake,零钱包,,1.139672,24556151
BoonDecayBoon,TraitData,TraitData<overwrite>,TraitData_Hera.lua,defined,12,BaseTrait;WaterBoon,BoonDecayBoon,新婚燕尔,HeraSuperchargeBoon,1.139672,24556151
BoonGrowthBoon,TraitData,TraitData<overwrite>,TraitData_Demeter.lua,defined,12,BaseTrait;LegacyTrait;EarthBoon,BoonGrowthBoon,茁壮成长,UpdateUpgradableTraitCount,1.139672,24556151
BossMetaUpgradeKeepsake,TraitData,TraitSetData.Keepsakes,TraitData_Keepsake.lua,defined,11,GiftTrait,BossMetaUpgradeKeepsake,水晶雕像,,1.139672,24556151
BossPreDamageKeepsake,TraitData,TraitSetData.Keepsakes,TraitData_Keepsake.lua,defined,12,GiftTrait,BossPreDamageKeepsake,羊拐骨袋,,1.139672,24556151
BossProgressionMetaUpgrade,TraitData,TraitSetData.MetaUpgrade,TraitData_MetaUpgrade.lua,defined,5,MetaUpgradeTrait,BossProgressionMetaUpgrade,审判,,1.139672,24556151
BossShieldMetaUpgrade,TraitData,TraitSetData.MetaUpgrade,TraitData_MetaUpgrade.lua,defined,6,MetaUpgradeTrait,BossShieldMetaUpgrade,恋人,,1.139672,24556151
BreakExplosiveArmorBoon,TraitData,TraitData<overwrite>,TraitData_Icarus.lua,defined,8,BaseIcarus;CostumeTrait,BreakExplosiveArmorBoon,烈性涂层,,1.139672,24556151
BreakInvincibleArmorBoon,TraitData,TraitData<overwrite>,TraitData_Icarus.lua,defined,8,BaseIcarus;CostumeTrait,BreakInvincibleArmorBoon,护体涂层,,1.139672,24556151
BurnArmorBoon,TraitData,TraitData<overwrite>,TraitData_Hestia.lua,defined,7,BaseTrait;FireBoon,BurnArmorBoon,烫手山芋,,1.139672,24556151
BurnConsumeBoon,TraitData,TraitData<overwrite>,TraitData_Duo.lua,defined,5,SynergyTrait,BurnConsumeBoon,蚀骨冰焰,,1.139672,24556151
BurnExplodeBoon,TraitData,TraitData<overwrite>,TraitData_Hestia.lua,defined,6,BaseTrait;FireBoon,BurnExplodeBoon,大火爆炒,,1.139672,24556151
BurnRefreshBoon,TraitData,TraitData<overwrite>,TraitData_Duo.lua,defined,6,SynergyTrait,BurnRefreshBoon,燃烧欲望,,1.139672,24556151
BurnSprintBoon,TraitData,TraitData<overwrite>,TraitData_Hestia.lua,defined,8,LegendaryTrait;FireBoon,BurnSprintBoon,辟火秘阵,,1.139672,24556151
BurnStackBoon,TraitData,TraitData<overwrite>,TraitData_Hestia.lua,defined,6,BaseTrait;FireBoon,BurnStackBoon,五内俱焚,,1.139672,24556151
CastAnywhereBoon,TraitData,TraitData<overwrite>,TraitData_Zeus.lua,defined,11,BaseTrait;AirBoon,CastAnywhereBoon,闪电标枪,,1.139672,24556151
CastAttachBoon,TraitData,TraitData<overwrite>,TraitData_Demeter.lua,defined,6,BaseTrait;EarthBoon,CastAttachBoon,严阵以待,,1.139672,24556151
CastDamageCostume,TraitData,TraitData<overwrite>,TraitData_Arachne.lua,defined,7,CostumeTrait;ForceCommonAppearanceTrait,CastDamageCostume,吊钟花裙装,,1.139672,24556151
CastDamageMetaUpgrade,TraitData,TraitSetData.MetaUpgrade,TraitData_MetaUpgrade.lua,defined,5,MetaUpgradeTrait,CastDamageMetaUpgrade,永恒,,1.139672,24556151
CastHazardBoon,TraitData,TraitData<overwrite>,TraitData_Icarus.lua,defined,6,BaseIcarus,CastHazardBoon,危险爆破,,1.139672,24556151
CastLobBoon,TraitData,TraitData<overwrite>,TraitData_Dionysus.lua,defined,11,BaseTrait;WaterBoon,CastLobBoon,微醺飞弹,,1.139672,24556151
CastNovaBoon,TraitData,TraitData<overwrite>,TraitData_Demeter.lua,defined,8,BaseTrait;WaterBoon,CastNovaBoon,极地之风,,1.139672,24556151
CastProjectileBoon,TraitData,TraitData<overwrite>,TraitData_Hestia.lua,defined,12,BaseTrait;FireBoon,CastProjectileBoon,燃焰焦炭,,1.139672,24556151
ChamberHealthMetaUpgrade,TraitData,TraitSetData.MetaUpgrade,TraitData_MetaUpgrade.lua,defined,7,MetaUpgradeTrait,ChamberHealthMetaUpgrade,半人马,,1.139672,24556151
ChannelSlowMetaUpgrade,TraitData,TraitSetData.MetaUpgrade,TraitData_MetaUpgrade.lua,defined,5,MetaUpgradeTrait,ChannelSlowMetaUpgrade,女术士,,1.139672,24556151
ChaosBlessing,TraitData,TraitSetData.Chaos,TraitData_Chaos.lua,debug_only,2,,,,,1.139672,24556151
ChaosBlessingTrait,TraitData,TraitSetData.Base,TraitData.lua,debug_only,2,,,,,1.139672,24556151
ChaosCastBlessing,TraitData,TraitSetData.Chaos,TraitData_Chaos.lua,defined,5,ChaosBlessing,ChaosCastBlessing,混沌之渊,,1.139672,24556151
ChaosCastCurse,TraitData,TraitSetData.Chaos,TraitData_Chaos.lua,defined,4,ChaosCurse;ChaosCurseRemainingEncounters,ChaosCastCurse,恍惚混沌,,1.139672,24556151
ChaosCommonCurse,TraitData,TraitSetData.Chaos,TraitData_Chaos.lua,defined,6,ChaosCurse,ChaosCommonCurse,凡庸混沌,,1.139672,24556151
ChaosCurse,TraitData,TraitSetData.Chaos,TraitData_Chaos.lua,debug_only,3,,,,,1.139672,24556151
ChaosCurseRemainingEncounters,TraitData,TraitSetData.Base;TraitSetData.Chaos,TraitData.lua;TraitData_Chaos.lua,debug_only,3,,,,,1.139672,24556151
ChaosCurseTrait,TraitData,TraitSetData.Base,TraitData.lua,debug_only,2,,,,,1.139672,24556151
ChaosDamageCurse,TraitData,TraitSetData.Chaos,TraitData_Chaos.lua,defined,4,ChaosCurse;ChaosCurseRemainingEncounters;ChaosLegacyTrait,ChaosDamageCurse,煎熬混沌,,1.139672,24556151
ChaosDashCurse,TraitData,TraitSetData.Chaos,TraitData_Chaos.lua,defined,4,ChaosCurse;ChaosCurseRemainingEncounters,ChaosDashCurse,蹒跚混沌,,1.139672,24556151
ChaosDeathWeaponCurse,TraitData,TraitSetData.Chaos,TraitData_Chaos.lua,defined,3,ChaosCurse;ChaosCurseRemainingEncounters;ChaosLegacyTrait,ChaosDeathWeaponCurse,尖刻混沌,,1.139672,24556151
ChaosDoorHealBlessing,TraitData,TraitSetData.Chaos,TraitData_Chaos.lua,defined,6,ChaosBlessing,ChaosDoorHealBlessing,混沌复苏,,1.139672,24556151
ChaosElementalBlessing,TraitData,TraitSetData.Chaos,TraitData_Chaos.lua,defined,8,ChaosBlessing,ChaosElementalBlessing,混沌创造,,1.139672,24556151
ChaosExAttackCurse,TraitData,TraitSetData.Chaos,TraitData_Chaos.lua,defined,4,ChaosCurse;ChaosCurseRemainingEncounters,ChaosExAttackCurse,失声混沌,,1.139672,24556151
ChaosExSpeedBlessing,TraitData,TraitSetData.Chaos,TraitData_Chaos.lua,defined,7,ChaosBlessing,ChaosExSpeedBlessing,混沌觉醒,,1.139672,24556151
ChaosHarvestBlessing,TraitData,TraitSetData.Chaos,TraitData_Chaos.lua,defined,8,ChaosBlessing,ChaosHarvestBlessing,混沌发现,,1.139672,24556151
ChaosHealthBlessing,TraitData,TraitSetData.Chaos,TraitData_Chaos.lua,defined,6,ChaosBlessing;ChaosLegacyTrait,ChaosHealthBlessing,混沌之魂,,1.139672,24556151
ChaosHealthCurse,TraitData,TraitSetData.Chaos,TraitData_Chaos.lua,defined,5,ChaosCurse;ChaosCurseRemainingEncounters;ChaosLegacyTrait,ChaosHealthCurse,衰竭混沌,,1.139672,24556151
ChaosHiddenRoomRewardCurse,TraitData,TraitSetData.Chaos,TraitData_Chaos.lua,defined,6,ChaosCurse;ChaosLegacyTrait,ChaosHiddenRoomRewardCurse,迷茫混沌,,1.139672,24556151
ChaosLastStandBlessing,TraitData,TraitSetData.Chaos,TraitData_Chaos.lua,defined,8,ChaosBlessingTrait;ChaosLegacyTrait,ChaosLastStandBlessing,混沌顽抗,,1.139672,24556151
ChaosLegacyTrait,TraitData,TraitSetData.Chaos,TraitData_Chaos.lua,debug_only,3,,,,,1.139672,24556151
ChaosManaBlessing,TraitData,TraitSetData.Chaos,TraitData_Chaos.lua,defined,5,ChaosBlessing,ChaosManaBlessing,混沌之念,,1.139672,24556151
ChaosManaCostBlessing,TraitData,TraitSetData.Chaos,TraitData_Chaos.lua,defined,6,ChaosBlessing,ChaosManaCostBlessing,混沌才艺,,1.139672,24556151
ChaosManaFocusCurse,TraitData,TraitSetData.Chaos,TraitData_Chaos.lua,defined,3,ChaosCurse;ChaosCurseRemainingEncounters,ChaosManaFocusCurse,执迷混沌,,1.139672,24556151
ChaosManaOverTimeBlessing,TraitData,TraitSetData.Chaos,TraitData_Chaos.lua,defined,7,ChaosBlessing;ManaOverTimeSource,ChaosManaOverTimeBlessing,混沌之志,SetManaRegenUnique,1.139672,24556151
ChaosMetaUpgradeCurse,TraitData,TraitSetData.Chaos,TraitData_Chaos.lua,defined,8,ChaosCurse;ChaosCurseRemainingEncounters,ChaosMetaUpgradeCurse,匮乏混沌,RemoveArcana,1.139672,24556151
ChaosMoneyBlessing,TraitData,TraitSetData.Chaos,TraitData_Chaos.lua,defined,6,ChaosBlessing;ChaosLegacyTrait,ChaosMoneyBlessing,混沌之财,,1.139672,24556151
ChaosNoMoneyCurse,TraitData,TraitSetData.Chaos,TraitData_Chaos.lua,defined,3,ChaosCurse;ChaosCurseRemainingEncounters;ChaosLegacyTrait,ChaosNoMoneyCurse,潦倒混沌,,1.139672,24556151
ChaosOmegaDamageBlessing,TraitData,TraitSetData.Chaos,TraitData_Chaos.lua,defined,10,UnityTrait;ChaosBlessing,ChaosOmegaDamageBlessing,混沌咏唱,,1.139672,24556151
ChaosPrimaryAttackCurse,TraitData,TraitSetData.Chaos,TraitData_Chaos.lua,defined,5,ChaosCurse;ChaosCurseRemainingEncounters;ChaosLegacyTrait,ChaosPrimaryAttackCurse,残缺混沌,,1.139672,24556151
ChaosRarityBlessing,TraitData,TraitSetData.Chaos,TraitData_Chaos.lua,defined,6,ChaosBlessing;ChaosLegacyTrait,ChaosRarityBlessing,混沌之眷,,1.139672,24556151
ChaosRestrictBoonCurse,TraitData,TraitSetData.Chaos,TraitData_Chaos.lua,defined,5,ChaosCurse,ChaosRestrictBoonCurse,拒却混沌,,1.139672,24556151
ChaosSecondaryAttackCurse,TraitData,TraitSetData.Chaos,TraitData_Chaos.lua,defined,5,ChaosCurse;ChaosCurseRemainingEncounters;ChaosLegacyTrait,ChaosSecondaryAttackCurse,剥离混沌,,1.139672,24556151
ChaosSpecialBlessing,TraitData,TraitSetData.Chaos,TraitData_Chaos.lua,defined,5,ChaosBlessing;ChaosLegacyTrait,ChaosSpecialBlessing,混沌绝技,,1.139672,24556151
ChaosSpeedBlessing,TraitData,TraitSetData.Chaos,TraitData_Chaos.lua,defined,6,ChaosBlessing,ChaosSpeedBlessing,混沌之速,,1.139672,24556151
ChaosSpeedCurse,TraitData,TraitSetData.Chaos,TraitData_Chaos.lua,defined,5,ChaosCurse;ChaosCurseRemainingEncounters,ChaosSpeedCurse,怠惰混沌,,1.139672,24556151
ChaosStunCurse,TraitData,TraitSetData.Chaos,TraitData_Chaos.lua,defined,4,ChaosCurse;ChaosCurseRemainingEncounters,ChaosStunCurse,麻痹混沌,,1.139672,24556151
ChaosTimeCurse,TraitData,TraitSetData.Chaos,TraitData_Chaos.lua,defined,7,ChaosCurse;ChaosCurseRemainingEncounters,ChaosTimeCurse,仓促混沌,StartChaosTimer,1.139672,24556151
ChaosWeaponBlessing,TraitData,TraitSetData.Chaos,TraitData_Chaos.lua,defined,5,ChaosBlessing;ChaosLegacyTrait,ChaosWeaponBlessing,混沌打击,,1.139672,24556151
ChargeRegenTalent,TraitData,TraitSetData.Talents,TraitData_Talent.lua,defined,6,SpellTalentTrait,ChargeRegenTalent,成长,,1.139672,24556151
CharmCrowdBoon,TraitData,TraitData<overwrite>,TraitData_Duo.lua,defined,6,SynergyTrait,CharmCrowdBoon,神魂颠倒,,1.139672,24556151
CirceEnlargeTrait,TraitData,TraitData<overwrite>,TraitData_Circe.lua,defined,8,BaseCirce,CirceEnlargeTrait,庞巨真言,,1.139672,24556151
CirceShrinkTrait,TraitData,TraitData<overwrite>,TraitData_Circe.lua,defined,7,BaseCirce,CirceShrinkTrait,玲珑真言,,1.139672,24556151
CirceSorceryDamageBoon,TraitData,TraitData<overwrite>,TraitData_Circe.lua,defined,6,BaseCirce,CirceSorceryDamageBoon,夜月赞歌,,1.139672,24556151
ClearCastTalent,TraitData,TraitSetData.Talents,TraitData_Talent.lua,defined,8,SpellTalentTrait;LegendaryTalent,ClearCastTalent,明晰,,1.139672,24556151
ClearRootBoon,TraitData,TraitData<overwrite>,TraitData_Duo.lua,defined,6,SynergyTrait,ClearRootBoon,碎冰重击,,1.139672,24556151
CombatEncounterHealBoon,TraitData,TraitData<overwrite>,TraitData_Dionysus.lua,defined,9,BaseTrait;WaterBoon,CombatEncounterHealBoon,愈战愈酣,,1.139672,24556151
CommonGlobalDamageBoon,TraitData,TraitData<overwrite>,TraitData_Hera.lua,defined,9,BaseTrait;FireBoon,CommonGlobalDamageBoon,出尘脱俗,,1.139672,24556151
CooldownDamageTalent,TraitData,TraitSetData.Talents,TraitData_Talent.lua,defined,5,SpellTalentTrait,CooldownDamageTalent,决意,,1.139672,24556151
CooldownDefenseTalent,TraitData,TraitSetData.Talents,TraitData_Talent.lua,defined,5,SpellTalentTrait,CooldownDefenseTalent,坚毅,,1.139672,24556151
CostumeTrait,TraitData,TraitSetData.Base,TraitData.lua,debug_only,4,,,,,1.139672,24556151
CoverRegenerationBoon,TraitData,TraitData<overwrite>,TraitData_Duo.lua,defined,6,SynergyTrait,CoverRegenerationBoon,暖风拂面,,1.139672,24556151
CritBonusBoon,TraitData,TraitData<overwrite>,TraitData_Artemis.lua,defined,6,BaseTrait;LegacyTrait;EarthBoon,CritBonusBoon,直指要害,,1.139672,24556151
CritFamiliar,TraitData,TraitSetData.Familiar,FamiliarData.lua,defined,8,FamiliarTrait,CritFamiliar,拉奇,,1.139672,24556151
CurrencyUseTalent,TraitData,TraitSetData.Talents,TraitData_Talent.lua,defined,4,SpellTalentTrait,CurrencyUseTalent,福缘,,1.139672,24556151
DaggerAttackFinisherTrait,TraitData,TraitData<overwrite>,TraitData_Dagger.lua,defined,8,WeaponTrait;DaggerHammerTrait,DaggerAttackFinisherTrait,终末一击,,1.139672,24556151
DaggerBackstabAspect,TraitData,TraitSetData.Aspects,TraitData_Aspect.lua,defined,10,WeaponEnchantmentTrait,DaggerBackstabAspect,墨利诺厄形态,,1.139672,24556151
DaggerBackstabTrait,TraitData,TraitData<overwrite>,TraitData_Dagger.lua,defined,6,WeaponTrait;DaggerHammerTrait,DaggerBackstabTrait,背后插刀,,1.139672,24556151
DaggerBlinkAoETrait,TraitData,TraitData<overwrite>,TraitData_Dagger.lua,defined,8,WeaponTrait;DaggerHammerTrait,DaggerBlinkAoETrait,横扫伏击,,1.139672,24556151
DaggerBlockAspect,TraitData,TraitSetData.Aspects,TraitData_Aspect.lua,defined,18,WeaponEnchantmentTrait,DaggerBlockAspect,阿尔忒弥斯形态,,1.139672,24556151
DaggerChargeStageSkipTrait,TraitData,TraitData<overwrite>,TraitData_Dagger.lua,defined,6,WeaponTrait;DaggerHammerTrait,DaggerChargeStageSkipTrait,骤然纷刃,,1.139672,24556151
DaggerDashAttackTripleTrait,TraitData,TraitData<overwrite>,TraitData_Dagger.lua,defined,6,WeaponTrait;DaggerHammerTrait,DaggerDashAttackTripleTrait,翻腕神锋,,1.139672,24556151
DaggerFinalHitTrait,TraitData,TraitData<overwrite>,TraitData_Dagger.lua,defined,6,WeaponTrait;DaggerHammerTrait,DaggerFinalHitTrait,凶残厮杀,,1.139672,24556151
DaggerHammerTrait,TraitData,TraitData<overwrite>,TraitData_Dagger.lua,debug_only,2,,,,,1.139672,24556151
DaggerHomingThrowAspect,TraitData,TraitSetData.Aspects,TraitData_Aspect.lua,defined,13,WeaponEnchantmentTrait,DaggerHomingThrowAspect,潘形态,,1.139672,24556151
DaggerRapidAttackTrait,TraitData,TraitData<overwrite>,TraitData_Dagger.lua,defined,6,WeaponTrait;DaggerHammerTrait,DaggerRapidAttackTrait,迅疾厮杀,,1.139672,24556151
DaggerSpecialConsecutiveTrait,TraitData,TraitData<overwrite>,TraitData_Dagger.lua,defined,6,WeaponTrait;DaggerHammerTrait,DaggerSpecialConsecutiveTrait,熔融飞镰,,1.139672,24556151
DaggerSpecialFanTrait,TraitData,TraitData<overwrite>,TraitData_Dagger.lua,defined,8,WeaponTrait;DaggerHammerTrait,DaggerSpecialFanTrait,暗藏神锋,,1.139672,24556151
DaggerSpecialJumpTrait,TraitData,TraitData<overwrite>,TraitData_Dagger.lua,defined,8,WeaponTrait;DaggerHammerTrait,DaggerSpecialJumpTrait,弹射神锋,,1.139672,24556151
DaggerSpecialLineTrait,TraitData,TraitData<overwrite>,TraitData_Dagger.lua,defined,6,WeaponTrait;DaggerHammerTrait,DaggerSpecialLineTrait,神准纷刃,,1.139672,24556151
DaggerSpecialReturnTrait,TraitData,TraitData<overwrite>,TraitData_Dagger.lua,defined,7,WeaponTrait;DaggerHammerTrait,DaggerSpecialReturnTrait,收割神锋,,1.139672,24556151
DaggerTripleAspect,TraitData,TraitSetData.Aspects,TraitData_Aspect.lua,defined,19,WeaponEnchantmentTrait,DaggerTripleAspect,摩莉甘形态,,1.139672,24556151
DaggerTripleBuffTrait,TraitData,TraitData<overwrite>,TraitData_Dagger.lua,defined,7,WeaponTrait;DaggerHammerTrait,DaggerTripleBuffTrait,魅影烙印,,1.139672,24556151
DaggerTripleHomingSpecialTrait,TraitData,TraitData<overwrite>,TraitData_Dagger.lua,defined,7,WeaponTrait;DaggerHammerTrait,DaggerTripleHomingSpecialTrait,恶鸦缠身,,1.139672,24556151
DaggerTripleRepeatWomboTrait,TraitData,TraitData<overwrite>,TraitData_Dagger.lua,defined,7,WeaponTrait;DaggerHammerTrait,DaggerTripleRepeatWomboTrait,女妖烙印,,1.139672,24556151
DamageBuffTalent,TraitData,TraitSetData.Talents,TraitData_Talent.lua,defined,5,SpellTalentTrait,DamageBuffTalent,热忱,,1.139672,24556151
DamageSharePotencyBoon,TraitData,TraitData<overwrite>,TraitData_Hera.lua,defined,7,BaseTrait;WaterBoon,DamageSharePotencyBoon,全族遭殃,,1.139672,24556151
DamageShareRetaliateBoon,TraitData,TraitData<overwrite>,TraitData_Hera.lua,defined,9,BaseTrait;FireBoon,DamageShareRetaliateBoon,人丁兴旺,,1.139672,24556151
DamagedDamageBoostKeepsake,TraitData,TraitSetData.Keepsakes,TraitData_Keepsake.lua,defined,9,GiftTrait,DamagedDamageBoostKeepsake,黑羊毛,,1.139672,24556151
DashOmegaBuffBoon,TraitData,TraitData<overwrite>,TraitData_Artemis.lua,defined,6,BaseTrait;AirBoon,DashOmegaBuffBoon,暗影扑杀,,1.139672,24556151
DeathDefianceRefillBoon,TraitData,TraitData<overwrite>,TraitData_Athena.lua,defined,9,BaseTrait;LegacyTrait;FireBoon,DeathDefianceRefillBoon,抖擞精神,AthenaRefillLastStands,1.139672,24556151
DeathDefianceRetaliateCurse,TraitData,TraitData<overwrite>,TraitData_Medea.lua,defined,5,BaseCurse,DeathDefianceRetaliateCurse,以怨报怨,,1.139672,24556151
DeathVengeanceKeepsake,TraitData,TraitSetData.Keepsakes,TraitData_Keepsake.lua,defined,9,GiftTrait,DeathVengeanceKeepsake,邪眼,,1.139672,24556151
DecayingBoostKeepsake,TraitData,TraitSetData.Keepsakes,TraitData_Keepsake.lua,defined,15,GiftTrait,DecayingBoostKeepsake,狮牙,,1.139672,24556151
DemeterCastBoon,TraitData,TraitData<overwrite>,TraitData_Demeter.lua,defined,10,BaseTrait;WaterBoon,DemeterCastBoon,冰雪之环,,1.139672,24556151
DemeterManaBoon,TraitData,TraitData<overwrite>,TraitData_Demeter.lua,defined,7,BaseTrait;ManaOverTimeSource;EarthBoon,DemeterManaBoon,宁静汇流,,1.139672,24556151
DemeterSpecialBoon,TraitData,TraitData<overwrite>,TraitData_Demeter.lua,defined,11,BaseTrait;WaterBoon,DemeterSpecialBoon,冰霜绝技,,1.139672,24556151
DemeterSprintBoon,TraitData,TraitData<overwrite>,TraitData_Demeter.lua,defined,8,BaseTrait;WaterBoon,DemeterSprintBoon,凛风奔行,,1.139672,24556151
DemeterWeaponBoon,TraitData,TraitData<overwrite>,TraitData_Demeter.lua,defined,10,BaseTrait;WaterBoon,DemeterWeaponBoon,冰霜打击,,1.139672,24556151
DigFamiliar,TraitData,TraitSetData.Familiar,FamiliarData.lua,defined,8,FamiliarTrait,DigFamiliar,赫库芭,,1.139672,24556151
DiminishingDodgeBoon,TraitData,TraitData<overwrite>,TraitData_Echo.lua,defined,10,BaseEcho,DiminishingDodgeBoon,闪避{#Echo1}闪避{#Prev}{#Echo2}闪避,,1.139672,24556151
DiminishingHealthAndManaBoon,TraitData,TraitData<overwrite>,TraitData_Echo.lua,defined,9,BaseEcho,DiminishingHealthAndManaBoon,战斗{#Echo1}战斗{#Prev}{#Echo2}战斗,EchoIncreaseStats,1.139672,24556151
DodgeBonusMetaUpgrade,TraitData,TraitSetData.MetaUpgrade,TraitData_MetaUpgrade.lua,defined,11,MetaUpgradeTrait,DodgeBonusMetaUpgrade,信使,,1.139672,24556151
DodgeChanceBoon,TraitData,TraitData<overwrite>,TraitData_Hermes.lua,defined,8,BaseTrait;AirBoon,DodgeChanceBoon,走为上计,,1.139672,24556151
DodgeFamiliar,TraitData,TraitSetData.Familiar,FamiliarData.lua,defined,10,FamiliarTrait,DodgeFamiliar,加莉,,1.139672,24556151
DoorHealMetaUpgrade,TraitData,TraitSetData.MetaUpgrade,TraitData_MetaUpgrade.lua,defined,6,MetaUpgradeTrait,DoorHealMetaUpgrade,逆子,,1.139672,24556151
DoorHealReserveKeepsake,TraitData,TraitSetData.Keepsakes,TraitData_Keepsake.lua,defined,11,GiftTrait,DoorHealReserveKeepsake,幽灵洋葱,,1.139672,24556151
DoorHealToFullBoon,TraitData,TraitData<overwrite>,TraitData_Aphrodite.lua,defined,8,BaseTrait;WaterBoon,DoorHealToFullBoon,心满意足,,1.139672,24556151
DoorRerollMetaUpgrade,TraitData,TraitSetData.MetaUpgrade,TraitData_MetaUpgrade.lua,defined,6,MetaUpgradeTrait,DoorRerollMetaUpgrade,巫术师,,1.139672,24556151
DoubleBloodDropBoon,TraitData,TraitData<overwrite>,TraitData_Ares.lua,defined,8,LegendaryTrait;EarthBoon,DoubleBloodDropBoon,血腥品味,,1.139672,24556151
DoubleBoltBoon,TraitData,TraitData<overwrite>,TraitData_Zeus.lua,defined,8,BaseTrait;LegacyTrait;AirBoon,DoubleBoltBoon,双重雷击,,1.139672,24556151
DoubleExManaBoon,TraitData,TraitData<overwrite>,TraitData_Apollo.lua,defined,12,LegendaryTrait;FireBoon,DoubleExManaBoon,才华横溢,,1.139672,24556151
DoubleFamiliarTrait,TraitData,TraitData<overwrite>,TraitData_Circe.lua,defined,10,BaseCirce,DoubleFamiliarTrait,野性链接,CircePetMultiplier,1.139672,24556151
DoubleMassiveAttackBoon,TraitData,TraitData<overwrite>,TraitData_Duo.lua,defined,6,SynergyTrait,DoubleMassiveAttackBoon,趁热打铁,,1.139672,24556151
DoubleRewardBoon,TraitData,TraitData<overwrite>,TraitData_Poseidon.lua,defined,7,BaseTrait;WaterBoon,DoubleRewardBoon,映影成双,,1.139672,24556151
DoubleSplashBoon,TraitData,TraitData<overwrite>,TraitData_Duo.lua,defined,6,SynergyTrait,DoubleSplashBoon,血海深仇,,1.139672,24556151
DoubleStrikeChanceBoon,TraitData,TraitData<overwrite>,TraitData_Apollo.lua,defined,7,BaseTrait;AirBoon,DoubleStrikeChanceBoon,梅开二度,,1.139672,24556151
DoubleSwordBoon,TraitData,TraitData<overwrite>,TraitData_Duo.lua,defined,5,SynergyTrait,DoubleSwordBoon,剑芒如雨,,1.139672,24556151
DummyBloodDisplayBoon,TraitData,TraitData<overwrite>,TraitData_Ares.lua,defined,4,,DummyBloodDisplayBoon,血浆,,1.139672,24556151
DummyWeaponAxe,TraitData,TraitSetData.DummyWeapons,TraitData.lua,defined,5,BaseDummyWeapon,,,,1.139672,24556151
DummyWeaponDagger,TraitData,TraitSetData.DummyWeapons,TraitData.lua,defined,5,BaseDummyWeapon,,,,1.139672,24556151
DummyWeaponLob,TraitData,TraitSetData.DummyWeapons,TraitData.lua,defined,5,BaseDummyWeapon,,,,1.139672,24556151
DummyWeaponStaff,TraitData,TraitSetData.DummyWeapons,TraitData.lua,defined,5,BaseDummyWeapon,,,,1.139672,24556151
DummyWeaponSuit,TraitData,TraitSetData.DummyWeapons,TraitData.lua,defined,5,BaseDummyWeapon,,,,1.139672,24556151
DummyWeaponTorch,TraitData,TraitSetData.DummyWeapons,TraitData.lua,defined,5,BaseDummyWeapon,,,,1.139672,24556151
DuoRarityBoostMetaUpgrade,TraitData,TraitSetData.MetaUpgrade,TraitData_MetaUpgrade.lua,defined,5,MetaUpgradeTrait,DuoRarityBoostMetaUpgrade,王后,,1.139672,24556151
EarthBoon,TraitData,TraitSetData.Base,TraitData.lua,debug_only,2,,EarthBoon,{!Icons.CurseEarth}土,,1.139672,24556151
EarthEssence,TraitData,TraitSetData.Essence,TraitData_Essence.lua,defined,4,EarthBoon,,,,1.139672,24556151
EchoBurnBoon,TraitData,TraitData<overwrite>,TraitData_Duo.lua,defined,6,SynergyTrait,EchoBurnBoon,天雷地火,,1.139672,24556151
EchoDeathDefianceRefill,TraitData,TraitData<overwrite>,TraitData_Echo.lua,defined,8,BaseEcho,EchoDeathDefianceRefill,逃生{#Echo1}逃生{#Prev}{#Echo2}逃生,EchoRefillLastStands,1.139672,24556151
EchoDoubleLevelBoon,TraitData,TraitData<overwrite>,TraitData_Echo.lua,defined,5,BaseEcho,EchoDoubleLevelBoon,石榴{#Echo1}石榴{#Prev}{#Echo2}石榴,EchoDoubleLevelBoon,1.139672,24556151
EchoDoubleShop,TraitData,TraitData<overwrite>,TraitData_Echo.lua,defined,4,BaseEcho,EchoDoubleShop,金币{#Echo1}金币{#Prev}{#Echo2}金币,,1.139672,24556151
EchoExpirationBoon,TraitData,TraitData<overwrite>,TraitData_Zeus.lua,defined,7,BaseTrait;AirBoon,EchoExpirationBoon,电光石火,,1.139672,24556151
EchoLastReward,TraitData,TraitData<overwrite>,TraitData_Echo.lua,defined,9,BaseEcho,EchoLastReward,奖励{#Echo1}奖励{#Prev}{#Echo2}奖励,EchoLastReward,1.139672,24556151
EchoLastRunBoon,TraitData,TraitData<overwrite>,TraitData_Echo.lua,defined,6,BaseEcho,EchoLastRunBoon,祝福{#Echo1}祝福{#Prev}{#Echo2}祝福,EchoLastRunBoon,1.139672,24556151
EchoRepeatKeepsakeBoon,TraitData,TraitData<overwrite>,TraitData_Echo.lua,defined,10,BaseEcho,EchoRepeatKeepsakeBoon,信物{#Echo1}信物{#Prev}{#Echo2}信物,EchoRepeatKeepsake,1.139672,24556151
EffectVulnerabilityMetaUpgrade,TraitData,TraitSetData.MetaUpgrade,TraitData_MetaUpgrade.lua,defined,5,MetaUpgradeTrait,EffectVulnerabilityMetaUpgrade,起源,,1.139672,24556151
ElementalBaseDamageBoon,TraitData,TraitData<overwrite>,TraitData_Elementals.lua,defined,10,UnityTrait,ElementalBaseDamageBoon,盛怒如焚,,1.139672,24556151
ElementalDamageBoon,TraitData,TraitData<overwrite>,TraitData_Elementals.lua,defined,10,UnityTrait,ElementalDamageBoon,铿锵如铁,,1.139672,24556151
ElementalDamageCapBoon,TraitData,TraitData<overwrite>,TraitData_Elementals.lua,defined,9,UnityTrait,ElementalDamageCapBoon,冷峻如霜,,1.139672,24556151
ElementalDamageFloorBoon,TraitData,TraitData<overwrite>,TraitData_Elementals.lua,defined,7,UnityTrait,ElementalDamageFloorBoon,霹雳如雷,,1.139672,24556151
ElementalDodgeBoon,TraitData,TraitData<overwrite>,TraitData_Elementals.lua,defined,9,UnityTrait,ElementalDodgeBoon,轻盈如风,,1.139672,24556151
ElementalEssence,TraitData,TraitSetData.Essence,TraitData_Essence.lua,defined,2,,ElementalEssence,{!Icons.CurseEarth}{!Icons.CurseWater}{!Icons.CurseAir}{!Icons.CurseFire},,1.139672,24556151
ElementalHealthBoon,TraitData,TraitData<overwrite>,TraitData_Elementals.lua,defined,9,UnityTrait,ElementalHealthBoon,纳川如海,,1.139672,24556151
ElementalOlympianDamageBoon,TraitData,TraitData<overwrite>,TraitData_Elementals.lua,defined,8,UnityTrait,ElementalOlympianDamageBoon,完备如璧,,1.139672,24556151
ElementalRallyBoon,TraitData,TraitData<overwrite>,TraitData_Elementals.lua,defined,7,UnityTrait,ElementalRallyBoon,赤诚如火,,1.139672,24556151
ElementalRarityUpgradeBoon,TraitData,TraitData<overwrite>,TraitData_Elementals.lua,defined,10,UnityTrait,ElementalRarityUpgradeBoon,傲然如后,,1.139672,24556151
ElementalUnifiedBoon,TraitData,TraitData<overwrite>,TraitData_Elementals.lua,defined,7,UnityTrait,ElementalUnifiedBoon,表里如一,,1.139672,24556151
EncounterStartDefenseBuffBoon,TraitData,TraitData<overwrite>,TraitData_Hephaestus.lua,defined,9,BaseTrait;EarthBoon,EncounterStartDefenseBuffBoon,安保系统,,1.139672,24556151
EncounterStartOffenseBuffBoon,TraitData,TraitData<overwrite>,TraitData_Poseidon.lua,defined,7,BaseTrait;LegacyTrait;WaterBoon,EncounterStartOffenseBuffBoon,汪洋之力,,1.139672,24556151
EpicRarityBoostMetaUpgrade,TraitData,TraitSetData.MetaUpgrade,TraitData_MetaUpgrade.lua,defined,5,MetaUpgradeTrait,EpicRarityBoostMetaUpgrade,神性,,1.139672,24556151
ErisCurseTrait,TraitData,TraitSetData.Base,TraitData.lua,defined,7,,ErisCurseTrait,纷争化身的“祝福”,,1.139672,24556151
EscalatingCostume,TraitData,TraitData<overwrite>,TraitData_Arachne.lua,defined,12,CostumeTrait;ForceCommonAppearanceTrait,EscalatingCostume,绯红裙装,,1.139672,24556151
EscalatingKeepsake,TraitData,TraitSetData.Keepsakes,TraitData_Keepsake.lua,defined,15,GiftTrait,EscalatingKeepsake,不谐铃铛,,1.139672,24556151
ExPolymorphBoon,TraitData,TraitData<overwrite>,TraitData_Circe.lua,defined,9,BaseCirce,ExPolymorphBoon,返璞归真,,1.139672,24556151
ExtendedShopTrait,TraitData,TraitSetData.Store,TraitData_Store.lua,defined,7,ShopTrait,ExtendedShopTrait,古老的封印,,1.139672,24556151
FallbackGold,TraitData,TraitSetData.Base,TraitData.lua,defined,7,BaseTrait,FallbackGold,资金补给,GiveRandomConsumables,1.139672,24556151
FamiliarCatAttacks,TraitData,TraitSetData.Familiar,FamiliarData.lua,defined,3,,,,,1.139672,24556151
FamiliarCatResourceBonus,TraitData,TraitSetData.Familiar,FamiliarData.lua,defined,3,,,,,1.139672,24556151
FamiliarFrogDamage,TraitData,TraitSetData.Familiar,FamiliarData.lua,defined,3,,,,,1.139672,24556151
FamiliarFrogResourceBonus,TraitData,TraitSetData.Familiar,FamiliarData.lua,defined,3,,,,,1.139672,24556151
FamiliarHoundBarkDuration,TraitData,TraitSetData.Familiar,FamiliarData.lua,defined,4,,,,,1.139672,24556151
FamiliarHoundResourceBonus,TraitData,TraitSetData.Familiar,FamiliarData.lua,defined,3,,,,,1.139672,24556151
FamiliarPolecatDamage,TraitData,TraitSetData.Familiar,FamiliarData.lua,defined,4,,,,,1.139672,24556151
FamiliarPolecatResourceBonus,TraitData,TraitSetData.Familiar,FamiliarData.lua,defined,3,,,,,1.139672,24556151
FamiliarRavenAttackDuration,TraitData,TraitSetData.Familiar,FamiliarData.lua,defined,4,,,,,1.139672,24556151
FamiliarRavenResourceBonus,TraitData,TraitSetData.Familiar,FamiliarData.lua,defined,3,,,,,1.139672,24556151
FamiliarTrait,TraitData,TraitSetData.Familiar,FamiliarData.lua,debug_only,6,,,,,1.139672,24556151
FireBoon,TraitData,TraitSetData.Base,TraitData.lua,debug_only,2,,FireBoon,{!Icons.CurseFire}火,,1.139672,24556151
FireEssence,TraitData,TraitSetData.Essence,TraitData_Essence.lua,defined,4,FireBoon,,,,1.139672,24556151
FireballManaSpecialBoon,TraitData,TraitData<overwrite>,TraitData_Hestia.lua,defined,7,BaseTrait;FireBoon,FireballManaSpecialBoon,掠火流星,,1.139672,24556151
FireballRendBoon,TraitData,TraitData<overwrite>,TraitData_Duo.lua,defined,7,SynergyTrait,FireballRendBoon,四度烧伤,,1.139672,24556151
FirstHangoverBoon,TraitData,TraitData<overwrite>,TraitData_Dionysus.lua,defined,6,BaseTrait;WaterBoon,FirstHangoverBoon,一醉方休,,1.139672,24556151
FirstHitHealTrait,TraitData,TraitSetData.Store,TraitData_Store.lua,defined,9,ShopTrait,FirstHitHealTrait,厄洛斯之息,,1.139672,24556151
FocusAttackDamageTrait,TraitData,TraitData<overwrite>,TraitData_Icarus.lua,defined,8,BaseIcarus,FocusAttackDamageTrait,创想打击,IcarusUpgradeBoon,1.139672,24556151
FocusCritBoon,TraitData,TraitData<overwrite>,TraitData_Artemis.lua,defined,9,BaseTrait;AirBoon,FocusCritBoon,夺命奇技,,1.139672,24556151
FocusDamageShaveBoon,TraitData,TraitData<overwrite>,TraitData_Poseidon.lua,defined,8,BaseTrait;WaterBoon,FocusDamageShaveBoon,风口浪尖,,1.139672,24556151
FocusLastStandBoon,TraitData,TraitData<overwrite>,TraitData_Athena.lua,defined,9,BaseTrait;FireBoon,FocusLastStandBoon,百战不殆,AddLastStand,1.139672,24556151
FocusLightningBoon,TraitData,TraitData<overwrite>,TraitData_Zeus.lua,defined,8,BaseTrait;AirBoon,FocusLightningBoon,静电震颤,,1.139672,24556151
FocusRawDamageBoon,TraitData,TraitData<overwrite>,TraitData_Aphrodite.lua,defined,9,BaseTrait;AirBoon,FocusRawDamageBoon,如坠爱河,,1.139672,24556151
FocusSpecialDamageTrait,TraitData,TraitData<overwrite>,TraitData_Icarus.lua,defined,8,BaseIcarus,FocusSpecialDamageTrait,创想绝技,IcarusUpgradeBoon,1.139672,24556151
FogDamageBonusBoon,TraitData,TraitData<overwrite>,TraitData_Dionysus.lua,defined,7,BaseTrait;WaterBoon,FogDamageBonusBoon,腾云驾雾,,1.139672,24556151
ForceAphroditeBoonKeepsake,TraitData,TraitSetData.Keepsakes,TraitData_Keepsake.lua,defined,12,BaseBoonUpgradeKeepsake,ForceAphroditeBoonKeepsake,美丽妆镜,RewardStoreAddPriority,1.139672,24556151
ForceApolloBoonKeepsake,TraitData,TraitSetData.Keepsakes,TraitData_Keepsake.lua,defined,12,BaseBoonUpgradeKeepsake,ForceApolloBoonKeepsake,和煦光子,RewardStoreAddPriority,1.139672,24556151
ForceAresBoonKeepsake,TraitData,TraitSetData.Keepsakes,TraitData_Keepsake.lua,defined,12,BaseBoonUpgradeKeepsake,ForceAresBoonKeepsake,断剑之柄,RewardStoreAddPriority,1.139672,24556151
ForceCommonAppearanceTrait,TraitData,TraitSetData.Base,TraitData.lua,debug_only,6,,,,,1.139672,24556151
ForceDemeterBoonKeepsake,TraitData,TraitSetData.Keepsakes,TraitData_Keepsake.lua,defined,12,BaseBoonUpgradeKeepsake,ForceDemeterBoonKeepsake,金穗麦束,RewardStoreAddPriority,1.139672,24556151
ForceDuoAppearanceTrait,TraitData,TraitSetData.Base,TraitData.lua,debug_only,6,,,,,1.139672,24556151
ForceHephaestusBoonKeepsake,TraitData,TraitSetData.Keepsakes,TraitData_Keepsake.lua,defined,12,BaseBoonUpgradeKeepsake,ForceHephaestusBoonKeepsake,精金碎片,RewardStoreAddPriority,1.139672,24556151
ForceHeraBoonKeepsake,TraitData,TraitSetData.Keepsakes,TraitData_Keepsake.lua,defined,12,BaseBoonUpgradeKeepsake,ForceHeraBoonKeepsake,华彩手扇,RewardStoreAddPriority,1.139672,24556151
ForceHestiaBoonKeepsake,TraitData,TraitSetData.Keepsakes,TraitData_Keepsake.lua,defined,12,BaseBoonUpgradeKeepsake,ForceHestiaBoonKeepsake,长燃之烬,RewardStoreAddPriority,1.139672,24556151
ForcePoseidonBoonKeepsake,TraitData,TraitSetData.Keepsakes,TraitData_Keepsake.lua,defined,12,BaseBoonUpgradeKeepsake,ForcePoseidonBoonKeepsake,波漾之海,RewardStoreAddPriority,1.139672,24556151
ForceZeusBoonKeepsake,TraitData,TraitSetData.Keepsakes,TraitData_Keepsake.lua,defined,12,BaseBoonUpgradeKeepsake,ForceZeusBoonKeepsake,云纹手镯,RewardStoreAddPriority,1.139672,24556151
FountainRarityKeepsake,TraitData,TraitSetData.Keepsakes,TraitData_Keepsake.lua,defined,13,GiftTrait,FountainRarityKeepsake,馥郁小瓶,,1.139672,24556151
GiftTrait,TraitData,TraitSetData.Keepsakes,TraitData_Keepsake.lua,debug_only,20,,,,,1.139672,24556151
GodModeTrait,TraitData,TraitSetData.Base,TraitData.lua,defined,4,,GodModeTrait,机械降神,,1.139672,24556151
GoldifyKeepsake,TraitData,TraitSetData.Keepsakes,TraitData_Keepsake.lua,defined,11,GiftTrait,GoldifyKeepsake,时间腕饰,,1.139672,24556151
GoodStuffBoon,TraitData,TraitData<overwrite>,TraitData_Duo.lua,defined,7,SynergyTrait,GoodStuffBoon,自然选择,DistributeLevels,1.139672,24556151
HadesAndPersephoneKeepsake,TraitData,TraitSetData.Keepsakes,TraitData_Keepsake.lua,defined,12,GiftTrait,HadesAndPersephoneKeepsake,璀璨石榴,GiveRandomHadesBoonAndBoostBoons,1.139672,24556151
HadesCastProjectileBoon,TraitData,TraitData<overwrite>,TraitData_Hades.lua,defined,11,InPersonOlympianTrait,HadesCastProjectileBoon,嚎叫之魂,,1.139672,24556151
HadesChronosDebuffBoon,TraitData,TraitData<overwrite>,TraitData_Hades.lua,defined,9,InPersonOlympianTrait,HadesChronosDebuffBoon,众怨难平,,1.139672,24556151
HadesDashSweepBoon,TraitData,TraitData<overwrite>,TraitData_Hades.lua,defined,9,InPersonOlympianTrait,HadesDashSweepBoon,冥矛冲刺,,1.139672,24556151
HadesDeathDefianceDamageBoon,TraitData,TraitData<overwrite>,TraitData_Hades.lua,defined,8,InPersonOlympianTrait,HadesDeathDefianceDamageBoon,垂死挣扎,,1.139672,24556151
HadesInvisibilityRetaliateBoon,TraitData,TraitData<overwrite>,TraitData_Hades.lua,defined,15,InPersonOlympianTrait,HadesInvisibilityRetaliateBoon,匿踪寻仇,,1.139672,24556151
HadesLifestealBoon,TraitData,TraitData<overwrite>,TraitData_Hades.lua,defined,10,InPersonOlympianTrait,HadesLifestealBoon,生命之税,,1.139672,24556151
HadesManaUrnBoon,TraitData,TraitData<overwrite>,TraitData_Hades.lua,defined,8,InPersonOlympianTrait,HadesManaUrnBoon,亡魂迷阵,,1.139672,24556151
HadesPreDamageBoon,TraitData,TraitData<overwrite>,TraitData_Hades.lua,defined,10,InPersonOlympianTrait,HadesPreDamageBoon,宿仇旧怨,,1.139672,24556151
HealAmountTalent,TraitData,TraitSetData.Talents,TraitData_Talent.lua,defined,6,SpellTalentTrait,HealAmountTalent,活力,,1.139672,24556151
HealAmplifyTrait,TraitData,TraitData<overwrite>,TraitData_Circe.lua,defined,9,BaseCirce,HealAmplifyTrait,古老药方,CirceHeal,1.139672,24556151
HealLastTalent,TraitData,TraitSetData.Talents,TraitData_Talent.lua,defined,5,SpellTalentTrait;LegendaryTalent,HealLastTalent,灵药,,1.139672,24556151
HealRetaliateTalent,TraitData,TraitSetData.Talents,TraitData_Talent.lua,defined,7,SpellTalentTrait;LegendaryTalent,HealRetaliateTalent,神罚,,1.139672,24556151
HealingOnDeathCurse,TraitData,TraitData<overwrite>,TraitData_Medea.lua,defined,7,BaseCurse,HealingOnDeathCurse,亡者之血,,1.139672,24556151
HealthFamiliar,TraitData,TraitSetData.Familiar,FamiliarData.lua,defined,8,FamiliarTrait,HealthFamiliar,弗利诺斯,,1.139672,24556151
HealthManaBonusMetaUpgrade,TraitData,TraitSetData.MetaUpgrade,TraitData_MetaUpgrade.lua,defined,4,MetaUpgradeTrait,HealthManaBonusMetaUpgrade,坚毅,,1.139672,24556151
HealthRewardBonusBoon,TraitData,TraitData<overwrite>,TraitData_Aphrodite.lua,defined,8,BaseTrait;LegacyTrait;AirBoon,HealthRewardBonusBoon,心旷神怡,,1.139672,24556151
HeavyArmorBoon,TraitData,TraitData<overwrite>,TraitData_Hephaestus.lua,defined,12,BaseTrait;CostumeTrait;EarthBoon,HeavyArmorBoon,重型金属,HeavyArmorInitialPresentation,1.139672,24556151
HephaestusCastBoon,TraitData,TraitData<overwrite>,TraitData_Hephaestus.lua,defined,9,BaseTrait;EarthBoon,HephaestusCastBoon,轰鸣之环,,1.139672,24556151
HephaestusManaBoon,TraitData,TraitData<overwrite>,TraitData_Hephaestus.lua,defined,9,BaseTrait;EarthBoon,HephaestusManaBoon,锤炼汇流,,1.139672,24556151
HephaestusSpecialBoon,TraitData,TraitData<overwrite>,TraitData_Hephaestus.lua,defined,13,BaseTrait;FireBoon,HephaestusSpecialBoon,火山绝技,,1.139672,24556151
HephaestusSprintBoon,TraitData,TraitData<overwrite>,TraitData_Hephaestus.lua,defined,10,BaseTrait;FireBoon,HephaestusSprintBoon,烙印奔行,,1.139672,24556151
HephaestusWeaponBoon,TraitData,TraitData<overwrite>,TraitData_Hephaestus.lua,defined,13,BaseTrait;FireBoon,HephaestusWeaponBoon,火山打击,,1.139672,24556151
HeraCastBoon,TraitData,TraitData<overwrite>,TraitData_Hera.lua,defined,9,BaseTrait;AirBoon,HeraCastBoon,羁绊之环,,1.139672,24556151
HeraManaBoon,TraitData,TraitData<overwrite>,TraitData_Hera.lua,defined,8,BaseTrait;WaterBoon,HeraManaBoon,祖荫汇流,UpdateLastMomentManaRestoreEligibility,1.139672,24556151
HeraSpecialBoon,TraitData,TraitData<overwrite>,TraitData_Hera.lua,defined,11,BaseTrait;EarthBoon,HeraSpecialBoon,誓约绝技,,1.139672,24556151
HeraSprintBoon,TraitData,TraitData<overwrite>,TraitData_Hera.lua,defined,9,BaseTrait;FireBoon,HeraSprintBoon,结缘奔行,,1.139672,24556151
HeraWeaponBoon,TraitData,TraitData<overwrite>,TraitData_Hera.lua,defined,10,BaseTrait;EarthBoon,HeraWeaponBoon,誓约打击,,1.139672,24556151
HermesCastDiscountBoon,TraitData,TraitData<overwrite>,TraitData_Hermes.lua,defined,11,BaseTrait;EarthBoon,HermesCastDiscountBoon,先登陷阵,,1.139672,24556151
HermesSpecialBoon,TraitData,TraitData<overwrite>,TraitData_Hermes.lua,defined,7,BaseTrait;LegacyTrait;EarthBoon,HermesSpecialBoon,灵动心念,,1.139672,24556151
HermesWeaponBoon,TraitData,TraitData<overwrite>,TraitData_Hermes.lua,defined,7,BaseTrait;LegacyTrait;EarthBoon,HermesWeaponBoon,灵动身手,,1.139672,24556151
HestiaCastBoon,TraitData,TraitData<overwrite>,TraitData_Hestia.lua,defined,9,BaseTrait;FireBoon,HestiaCastBoon,炙烤之环,,1.139672,24556151
HestiaManaBoon,TraitData,TraitData<overwrite>,TraitData_Hestia.lua,defined,7,BaseTrait;ManaOverTimeSource;FireBoon,HestiaManaBoon,有氧汇流,,1.139672,24556151
HestiaSpecialBoon,TraitData,TraitData<overwrite>,TraitData_Hestia.lua,defined,10,BaseTrait;FireBoon,HestiaSpecialBoon,烈焰绝技,,1.139672,24556151
HestiaSprintBoon,TraitData,TraitData<overwrite>,TraitData_Hestia.lua,defined,8,BaseTrait;FireBoon,HestiaSprintBoon,热力奔行,,1.139672,24556151
HestiaWeaponBoon,TraitData,TraitData<overwrite>,TraitData_Hestia.lua,defined,9,BaseTrait;FireBoon,HestiaWeaponBoon,烈焰打击,,1.139672,24556151
HiddenMaxHealthBoon,TraitData,TraitData<overwrite>,TraitData_Dionysus.lua,defined,8,BaseTrait;WaterBoon,HiddenMaxHealthBoon,纵情忘忧,GrantRandomMaxHealth,1.139672,24556151
HighArmorCostume,TraitData,TraitData<overwrite>,TraitData_Arachne.lua,defined,8,CostumeTrait;ForceCommonAppearanceTrait,HighArmorCostume,玛瑙裙装,GiveRandomConsumables,1.139672,24556151
HighHealthCritBoon,TraitData,TraitData<overwrite>,TraitData_Artemis.lua,defined,6,InPersonOlympianTrait;EarthBoon,HighHealthCritBoon,第一滴血,,1.139672,24556151
HighHealthOffenseBoon,TraitData,TraitData<overwrite>,TraitData_Aphrodite.lua,defined,9,BaseTrait;AirBoon,HighHealthOffenseBoon,任性妄为,,1.139672,24556151
InPersonOlympianTrait,TraitData,TraitSetData.Base,TraitData.lua,debug_only,2,,,,,1.139672,24556151
IncomeCostume,TraitData,TraitData<overwrite>,TraitData_Arachne.lua,defined,7,CostumeTrait;ForceCommonAppearanceTrait,IncomeCostume,流光裙装,,1.139672,24556151
InfernalContractBoon,TraitData,TraitSetData.Base,TraitData.lua,defined,3,,InfernalContractBoon,至福乐土最强战士 *,,1.139672,24556151
InsideCastBuffMetaUpgrade,TraitData,TraitSetData.MetaUpgrade,TraitData_MetaUpgrade.lua,defined,4,MetaUpgradeTrait,InsideCastBuffMetaUpgrade,复仇三女神,,1.139672,24556151
InsideCastCritBoon,TraitData,TraitData<overwrite>,TraitData_Artemis.lua,defined,6,InPersonOlympianTrait;EarthBoon,InsideCastCritBoon,致命陷阱,,1.139672,24556151
InstantRootKill,TraitData,TraitData<overwrite>,TraitData_Demeter.lua,defined,7,LegendaryTrait;EarthBoon,InstantRootKill,严冬收割,,1.139672,24556151
InvulnerabilityCastBoon,TraitData,TraitData<overwrite>,TraitData_Athena.lua,defined,7,BaseTrait;LegacyTrait;FireBoon,InvulnerabilityCastBoon,心灵屏障,,1.139672,24556151
InvulnerabilityDashBoon,TraitData,TraitData<overwrite>,TraitData_Athena.lua,defined,8,BaseTrait;LegacyTrait;FireBoon,InvulnerabilityDashBoon,神圣冲刺,,1.139672,24556151
KeepsakeLevelBoon,TraitData,TraitData<overwrite>,TraitData_Duo.lua,defined,7,SynergyTrait,KeepsakeLevelBoon,家传珍宝,AttemptAdvanceKeepsake,1.139672,24556151
LaserAoETalent,TraitData,TraitSetData.Talents,TraitData_Talent.lua,defined,3,SpellTalentTrait;LegendaryTalent,LaserAoETalent,辐射,,1.139672,24556151
LaserApolloTalent,TraitData,TraitSetData.Talents,TraitData_Talent.lua,defined,8,SpellTalentTrait;LegendaryTalent;ForceDuoAppearanceTrait,LaserApolloTalent,阿波罗的光耀,,1.139672,24556151
LaserCrystalTalent,TraitData,TraitSetData.Talents,TraitData_Talent.lua,defined,6,SpellTalentTrait;LegendaryTalent,LaserCrystalTalent,长明,,1.139672,24556151
LaserDamageTalent,TraitData,TraitSetData.Talents,TraitData_Talent.lua,defined,5,SpellTalentTrait,LaserDamageTalent,刺目,,1.139672,24556151
LaserDefenseTalent,TraitData,TraitSetData.Talents,TraitData_Talent.lua,defined,7,SpellTalentTrait,LaserDefenseTalent,忍耐,,1.139672,24556151
LaserDurationTalent,TraitData,TraitSetData.Talents,TraitData_Talent.lua,defined,5,SpellTalentTrait;LegendaryTalent,LaserDurationTalent,久续,,1.139672,24556151
LaserFirstHitDamageTalent,TraitData,TraitSetData.Talents,TraitData_Talent.lua,defined,5,SpellTalentTrait;LegendaryTalent,LaserFirstHitDamageTalent,触动,,1.139672,24556151
LaserPenetrationTalent,TraitData,TraitSetData.Talents,TraitData_Talent.lua,defined,3,SpellTalentTrait;LegendaryTalent,LaserPenetrationTalent,贯穿,,1.139672,24556151
LaserStartAoETalent,TraitData,TraitSetData.Talents,TraitData_Talent.lua,defined,4,SpellTalentTrait;LegendaryTalent,LaserStartAoETalent,溢流,,1.139672,24556151
LaserTripleTalent,TraitData,TraitSetData.Talents,TraitData_Talent.lua,defined,6,SpellTalentTrait;LegendaryTalent,LaserTripleTalent,三岔,,1.139672,24556151
LastStandFamiliar,TraitData,TraitSetData.Familiar,FamiliarData.lua,defined,9,FamiliarTrait,LastStandFamiliar,图拉,,1.139672,24556151
LastStandSlowTimeMetaUpgrade,TraitData,TraitSetData.MetaUpgrade,TraitData_MetaUpgrade.lua,defined,4,MetaUpgradeTrait,LastStandSlowTimeMetaUpgrade,死神,,1.139672,24556151
LeapAoETalent,TraitData,TraitSetData.Talents,TraitData_Talent.lua,defined,4,SpellTalentTrait,LeapAoETalent,扫荡,,1.139672,24556151
LeapArmorDamageTalent,TraitData,TraitSetData.Talents,TraitData_Talent.lua,defined,4,SpellTalentTrait,LeapArmorDamageTalent,饥饿,,1.139672,24556151
LeapCooldownSpeedTalent,TraitData,TraitSetData.Talents,TraitData_Talent.lua,defined,4,SpellTalentTrait,LeapCooldownSpeedTalent,迫切,,1.139672,24556151
LeapCritTalent,TraitData,TraitSetData.Talents,TraitData_Talent.lua,defined,8,SpellTalentTrait,LeapCritTalent,致命,,1.139672,24556151
LeapDamageTalent,TraitData,TraitSetData.Talents,TraitData_Talent.lua,defined,4,SpellTalentTrait,LeapDamageTalent,直觉,,1.139672,24556151
LeapHephaestusTalent,TraitData,TraitSetData.Talents,TraitData_Talent.lua,defined,8,SpellTalentTrait;LegendaryTalent;ForceDuoAppearanceTrait,LeapHephaestusTalent,赫菲斯托斯的锤炼,,1.139672,24556151
LeapLaunchAoETalent,TraitData,TraitSetData.Talents,TraitData_Talent.lua,defined,2,SpellTalentTrait,LeapLaunchAoETalent,起落,,1.139672,24556151
LeapShieldTalent,TraitData,TraitSetData.Talents,TraitData_Talent.lua,defined,10,SpellTalentTrait,LeapShieldTalent,坚韧,,1.139672,24556151
LeapSprintTalent,TraitData,TraitSetData.Talents,TraitData_Talent.lua,defined,4,SpellTalentTrait;LegendaryTalent,LeapSprintTalent,震颤,,1.139672,24556151
LeapTwiceTalent,TraitData,TraitSetData.Talents,TraitData_Talent.lua,defined,7,SpellTalentTrait;LegendaryTalent,LeapTwiceTalent,凶蛮,,1.139672,24556151
LegacyTrait,TraitData,TraitSetData.Base,TraitData.lua,debug_only,2,,,,,1.139672,24556151
LegendaryTalent,TraitData,TraitSetData.Talents,TraitData_Talent.lua,debug_only,2,,,,,1.139672,24556151
LegendaryTrait,TraitData,TraitSetData.Base,TraitData.lua,debug_only,4,,,,,1.139672,24556151
LightningDebuffGeneratorBoon,TraitData,TraitData<overwrite>,TraitData_Zeus.lua,defined,7,BaseTrait;AirBoon,LightningDebuffGeneratorBoon,电流过载,,1.139672,24556151
LightningVulnerabilityBoon,TraitData,TraitData<overwrite>,TraitData_Duo.lua,defined,6,SynergyTrait,LightningVulnerabilityBoon,湍流激电,,1.139672,24556151
LimitedSwapBonusTrait,TraitData,TraitSetData.Store,TraitData_Store.lua,defined,9,ShopTrait,LimitedSwapBonusTrait,牺牲圣诗,,1.139672,24556151
LinkedDeathDamageBoon,TraitData,TraitData<overwrite>,TraitData_Hera.lua,defined,6,BaseTrait;AirBoon,LinkedDeathDamageBoon,生死与共,,1.139672,24556151
LobAmmoBoostAspect,TraitData,TraitSetData.Aspects,TraitData_Aspect.lua,defined,12,WeaponEnchantmentTrait,LobAmmoBoostAspect,墨利诺厄形态,,1.139672,24556151
LobAmmoMagnetismTrait,TraitData,TraitData<overwrite>,TraitData_Lob.lua,defined,7,WeaponTrait;LobHammerTrait,LobAmmoMagnetismTrait,自返爆弹,,1.139672,24556151
LobAmmoTrait,TraitData,TraitData<overwrite>,TraitData_Lob.lua,defined,6,WeaponTrait;LobHammerTrait,LobAmmoTrait,爆弹储备,,1.139672,24556151
LobCloseAttackAspect,TraitData,TraitSetData.Aspects,TraitData_Aspect.lua,defined,17,WeaponEnchantmentTrait,LobCloseAttackAspect,美狄亚形态,,1.139672,24556151
LobGrowthTrait,TraitData,TraitData<overwrite>,TraitData_Lob.lua,defined,7,WeaponTrait;LobHammerTrait,LobGrowthTrait,杀意引爆,,1.139672,24556151
LobGunAspect,TraitData,TraitSetData.Aspects,TraitData_Aspect.lua,defined,16,WeaponEnchantmentTrait,LobGunAspect,海拉形态,,1.139672,24556151
LobGunAttackDoublerTrait,TraitData,TraitData<overwrite>,TraitData_Lob.lua,defined,6,WeaponTrait;LobHammerTrait,LobGunAttackDoublerTrait,海尔海姆充能,,1.139672,24556151
LobGunAttackRangeTrait,TraitData,TraitData<overwrite>,TraitData_Lob.lua,defined,8,WeaponTrait;LobHammerTrait,LobGunAttackRangeTrait,加姆凝视,,1.139672,24556151
LobGunBounceTrait,TraitData,TraitData<overwrite>,TraitData_Lob.lua,defined,8,WeaponTrait;LobHammerTrait,LobGunBounceTrait,凌人之目,,1.139672,24556151
LobGunOverheatTrait,TraitData,TraitData<overwrite>,TraitData_Lob.lua,defined,7,WeaponTrait;LobHammerTrait,LobGunOverheatTrait,崇敬遗物,,1.139672,24556151
LobGunSpecialBounceTrait,TraitData,TraitData<overwrite>,TraitData_Lob.lua,defined,11,WeaponTrait;LobHammerTrait,LobGunSpecialBounceTrait,卢恩突击,,1.139672,24556151
LobHammerTrait,TraitData,TraitData<overwrite>,TraitData_Lob.lua,debug_only,2,,,,,1.139672,24556151
LobImpulseAspect,TraitData,TraitSetData.Aspects,TraitData_Aspect.lua,defined,17,WeaponEnchantmentTrait,LobImpulseAspect,珀尔塞福涅形态,,1.139672,24556151
LobInOutSpecialExTrait,TraitData,TraitData<overwrite>,TraitData_Lob.lua,defined,4,WeaponTrait;LobHammerTrait,LobInOutSpecialExTrait,扭转震荡,,1.139672,24556151
LobOneSideTrait,TraitData,TraitData<overwrite>,TraitData_Lob.lua,defined,7,WeaponTrait;LobHammerTrait,LobOneSideTrait,极意突击,,1.139672,24556151
LobPulseAmmoCollectTrait,TraitData,TraitData<overwrite>,TraitData_Lob.lua,defined,7,WeaponTrait;LobHammerTrait,LobPulseAmmoCollectTrait,魂能爆弹,,1.139672,24556151
LobPulseAmmoTrait,TraitData,TraitData<overwrite>,TraitData_Lob.lua,defined,9,WeaponTrait;LobHammerTrait,LobPulseAmmoTrait,烈性爆弹,,1.139672,24556151
LobRushArmorTrait,TraitData,TraitData<overwrite>,TraitData_Lob.lua,defined,5,WeaponTrait;LobHammerTrait,LobRushArmorTrait,熔融截击,,1.139672,24556151
LobSpecialSpeedTrait,TraitData,TraitData<overwrite>,TraitData_Lob.lua,defined,7,WeaponTrait;LobHammerTrait,LobSpecialSpeedTrait,迅疾突击,,1.139672,24556151
LobSpreadShotTrait,TraitData,TraitData<overwrite>,TraitData_Lob.lua,defined,6,WeaponTrait;LobHammerTrait,LobSpreadShotTrait,凶相毕露,,1.139672,24556151
LobStraightShotTrait,TraitData,TraitData<overwrite>,TraitData_Lob.lua,defined,8,WeaponTrait;LobHammerTrait,LobStraightShotTrait,疾行引爆,,1.139672,24556151
LobSturdySpecialTrait,TraitData,TraitData<overwrite>,TraitData_Lob.lua,defined,7,WeaponTrait;LobHammerTrait,LobSturdySpecialTrait,巨人突击,,1.139672,24556151
LowHealthBuffMetaUpgrade,TraitData,TraitSetData.MetaUpgrade,TraitData_MetaUpgrade.lua,defined,8,MetaUpgradeTrait,LowHealthBuffMetaUpgrade,力量,,1.139672,24556151
LowHealthCritKeepsake,TraitData,TraitSetData.Keepsakes,TraitData_Keepsake.lua,defined,13,GiftTrait,LowHealthCritKeepsake,雪白鹿角,,1.139672,24556151
LowHealthLifestealBoon,TraitData,TraitData<overwrite>,TraitData_Ares.lua,defined,8,BaseTrait;EarthBoon,LowHealthLifestealBoon,浴血奋战,,1.139672,24556151
LowManaDamageMetaupgrade,TraitData,TraitSetData.MetaUpgrade,TraitData_MetaUpgrade.lua,defined,5,MetaUpgradeTrait,LowManaDamageMetaupgrade,猎手,,1.139672,24556151
LuckyBoon,TraitData,TraitData<overwrite>,TraitData_Hermes.lua,defined,8,BaseTrait;WaterBoon,LuckyBoon,吉星高照,,1.139672,24556151
MagicCritMetaUpgrade,TraitData,TraitSetData.MetaUpgrade,TraitData_MetaUpgrade.lua,defined,7,MetaUpgradeTrait,MagicCritMetaUpgrade,黑夜,,1.139672,24556151
ManaBurstBoon,TraitData,TraitData<overwrite>,TraitData_Aphrodite.lua,defined,6,BaseTrait;WaterBoon,ManaBurstBoon,绝情碎心,,1.139672,24556151
ManaBurstCountBoon,TraitData,TraitData<overwrite>,TraitData_Duo.lua,defined,5,SynergyTrait,ManaBurstCountBoon,阳光心态,,1.139672,24556151
ManaCostume,TraitData,TraitData<overwrite>,TraitData_Arachne.lua,defined,7,CostumeTrait;ForceCommonAppearanceTrait,ManaCostume,蔚蓝裙装,,1.139672,24556151
ManaOverTimeCurse,TraitData,TraitData<overwrite>,TraitData_Medea.lua,defined,6,BaseCurse,ManaOverTimeCurse,追魂夺魄,,1.139672,24556151
ManaOverTimeMetaUpgrade,TraitData,TraitSetData.MetaUpgrade,TraitData_MetaUpgrade.lua,defined,5,MetaUpgradeTrait;ManaOverTimeSource,ManaOverTimeMetaUpgrade,匿踪者,,1.139672,24556151
ManaOverTimeRefundKeepsake,TraitData,TraitSetData.Keepsakes,TraitData_Keepsake.lua,defined,11,GiftTrait,ManaOverTimeRefundKeepsake,银轮,KeepsakeAddMaxMana,1.139672,24556151
ManaOverTimeRefundTrait,TraitData,TraitSetData.Store,TraitData_Store.lua,defined,8,ShopTrait,ManaOverTimeRefundTrait,薄雾面纱,,1.139672,24556151
ManaOverTimeSource,TraitData,TraitSetData.Base,TraitData.lua,debug_only,2,,,,,1.139672,24556151
ManaRestoreDamageBoon,TraitData,TraitData<overwrite>,TraitData_Duo.lua,defined,5,SynergyTrait,ManaRestoreDamageBoon,炽烈光环,,1.139672,24556151
ManaShieldBoon,TraitData,TraitData<overwrite>,TraitData_Duo.lua,defined,5,SynergyTrait,ManaShieldBoon,刚强勇毅,,1.139672,24556151
ManaSpearBoon,TraitData,TraitData<overwrite>,TraitData_Athena.lua,defined,6,BaseTrait;FireBoon,ManaSpearBoon,天降正义,,1.139672,24556151
ManaToHealthBoon,TraitData,TraitData<overwrite>,TraitData_Hephaestus.lua,defined,7,BaseTrait;EarthBoon,ManaToHealthBoon,秘法健壮,,1.139672,24556151
MassiveCastBoon,TraitData,TraitData<overwrite>,TraitData_Duo.lua,defined,5,SynergyTrait,MassiveCastBoon,震天动地,,1.139672,24556151
MassiveDamageBoon,TraitData,TraitData<overwrite>,TraitData_Hephaestus.lua,defined,7,BaseTrait;FireBoon,MassiveDamageBoon,剧烈喷发,,1.139672,24556151
MassiveKnockupBoon,TraitData,TraitData<overwrite>,TraitData_Hephaestus.lua,defined,6,BaseTrait;FireBoon,MassiveKnockupBoon,熔岩喷涌,,1.139672,24556151
MaxHealthDamageBoon,TraitData,TraitData<overwrite>,TraitData_Duo.lua,defined,6,SynergyTrait,MaxHealthDamageBoon,大饱口福,,1.139672,24556151
MetaToRunMetaUpgrade,TraitData,TraitSetData.MetaUpgrade,TraitData_MetaUpgrade.lua,defined,4,MetaUpgradeTrait,MetaToRunMetaUpgrade,巧匠,,1.139672,24556151
MetaUpgradeTrait,TraitData,TraitSetData.MetaUpgrade,TraitData_MetaUpgrade.lua,debug_only,5,,,,,1.139672,24556151
MeteorChargeTalent,TraitData,TraitSetData.Talents,TraitData_Talent.lua,defined,4,SpellTalentTrait;LegendaryTalent,MeteorChargeTalent,果报,,1.139672,24556151
MeteorDamageTalent,TraitData,TraitSetData.Talents,TraitData_Talent.lua,defined,4,SpellTalentTrait,MeteorDamageTalent,质量,,1.139672,24556151
MeteorDoubleTalent,TraitData,TraitSetData.Talents,TraitData_Talent.lua,defined,6,SpellTalentTrait;LegendaryTalent,MeteorDoubleTalent,反复,,1.139672,24556151
MeteorExCastTalent,TraitData,TraitSetData.Talents,TraitData_Talent.lua,defined,6,SpellTalentTrait,MeteorExCastTalent,万全,,1.139672,24556151
MeteorHestiaTalent,TraitData,TraitSetData.Talents,TraitData_Talent.lua,defined,9,SpellTalentTrait;LegendaryTalent;ForceDuoAppearanceTrait,MeteorHestiaTalent,赫斯提亚的炉火,,1.139672,24556151
MeteorInvulnerableChargeTalent,TraitData,TraitSetData.Talents,TraitData_Talent.lua,defined,9,SpellTalentTrait;LegendaryTalent,MeteorInvulnerableChargeTalent,辉耀,,1.139672,24556151
MeteorShowerTalent,TraitData,TraitSetData.Talents,TraitData_Talent.lua,defined,4,SpellTalentTrait;LegendaryTalent,MeteorShowerTalent,爆裂,,1.139672,24556151
MeteorSizeTalent,TraitData,TraitSetData.Talents,TraitData_Talent.lua,defined,4,SpellTalentTrait,MeteorSizeTalent,浩瀚,,1.139672,24556151
MeteorSlowDecalTalent,TraitData,TraitSetData.Talents,TraitData_Talent.lua,defined,4,SpellTalentTrait;LegendaryTalent,MeteorSlowDecalTalent,禁锢,,1.139672,24556151
MeteorVulnerabilityDecalTalent,TraitData,TraitSetData.Talents,TraitData_Talent.lua,defined,4,SpellTalentTrait;LegendaryTalent,MeteorVulnerabilityDecalTalent,脆弱,,1.139672,24556151
MinorArmorBoon,TraitData,TraitSetData.Essence,TraitData_Essence.lua,defined,6,CostumeTrait,,,,1.139672,24556151
MissingHealthCritBoon,TraitData,TraitData<overwrite>,TraitData_Ares.lua,defined,8,BaseTrait;EarthBoon,MissingHealthCritBoon,玉石俱焚,,1.139672,24556151
MoneyDamageBoon,TraitData,TraitData<overwrite>,TraitData_Duo.lua,defined,6,SynergyTrait,MoneyDamageBoon,涟漪效应,,1.139672,24556151
MoneyMultiplierBoon,TraitData,TraitData<overwrite>,TraitData_Hermes.lua,defined,11,BaseTrait;AirBoon,MoneyMultiplierBoon,路有拾遗,GiveRandomConsumables,1.139672,24556151
MoneyOnDeathCurse,TraitData,TraitData<overwrite>,TraitData_Medea.lua,defined,5,BaseCurse,MoneyOnDeathCurse,亡者之财,,1.139672,24556151
MoonBeamAresTalent,TraitData,TraitSetData.Talents,TraitData_Talent.lua,defined,10,SpellTalentTrait;MoonBeamTalentTrait;LegendaryTalent;ForceDuoAppearanceTrait,MoonBeamAresTalent,阿瑞斯的长枪,,1.139672,24556151
MoonBeamConsecutiveDamageTalent,TraitData,TraitSetData.Talents,TraitData_Talent.lua,defined,5,SpellTalentTrait;MoonBeamTalentTrait,MoonBeamConsecutiveDamageTalent,凶残,,1.139672,24556151
MoonBeamCountTalent,TraitData,TraitSetData.Talents,TraitData_Talent.lua,defined,4,SpellTalentTrait;MoonBeamTalentTrait,MoonBeamCountTalent,耀光,,1.139672,24556151
MoonBeamDamageTalent,TraitData,TraitSetData.Talents,TraitData_Talent.lua,defined,4,SpellTalentTrait;MoonBeamTalentTrait,MoonBeamDamageTalent,锋芒,,1.139672,24556151
MoonBeamDefenseTalent,TraitData,TraitSetData.Talents,TraitData_Talent.lua,defined,4,SpellTalentTrait;MoonBeamTalentTrait,MoonBeamDefenseTalent,沉着,,1.139672,24556151
MoonBeamExBeamBonusTalent,TraitData,TraitSetData.Talents,TraitData_Talent.lua,defined,6,SpellTalentTrait;MoonBeamTalentTrait,MoonBeamExBeamBonusTalent,倾曳,,1.139672,24556151
MoonBeamPrimaryTalent,TraitData,TraitSetData.Talents,TraitData_Talent.lua,defined,4,SpellTalentTrait;MoonBeamTalentTrait,MoonBeamPrimaryTalent,雄心,,1.139672,24556151
MoonBeamTalentTrait,TraitData,TraitSetData.Talents,TraitData_Talent.lua,debug_only,2,,,,,1.139672,24556151
MoonBeamTargetTalent,TraitData,TraitSetData.Talents,TraitData_Talent.lua,defined,6,SpellTalentTrait;MoonBeamTalentTrait,MoonBeamTargetTalent,绚烂,,1.139672,24556151
MoonBeamVulnerabilityTalent,TraitData,TraitSetData.Talents,TraitData_Talent.lua,defined,4,SpellTalentTrait;MoonBeamTalentTrait,MoonBeamVulnerabilityTalent,噩兆,,1.139672,24556151
NarcissusA,TraitData,TraitData<overwrite>,TraitData_Narcissus.lua,defined,8,ForceCommonAppearanceTrait,NarcissusA,苍翠的标本,GiveRandomConsumables,1.139672,24556151
NarcissusB,TraitData,TraitData<overwrite>,TraitData_Narcissus.lua,defined,6,NarcissusA,NarcissusB,真切的同情,,1.139672,24556151
NarcissusC,TraitData,TraitData<overwrite>,TraitData_Narcissus.lua,defined,5,NarcissusA,NarcissusC,贵重的金属,,1.139672,24556151
NarcissusD,TraitData,TraitData<overwrite>,TraitData_Narcissus.lua,defined,5,NarcissusA,NarcissusD,深奥的秘密,,1.139672,24556151
NarcissusE,TraitData,TraitData<overwrite>,TraitData_Narcissus.lua,defined,5,NarcissusA,NarcissusE,先祖的祭礼,,1.139672,24556151
NarcissusF,TraitData,TraitData<overwrite>,TraitData_Narcissus.lua,defined,5,NarcissusA,NarcissusF,命运的线头,,1.139672,24556151
NarcissusG,TraitData,TraitData<overwrite>,TraitData_Narcissus.lua,defined,8,NarcissusA,NarcissusG,天界的辉煌,,1.139672,24556151
NarcissusH,TraitData,TraitData<overwrite>,TraitData_Narcissus.lua,defined,5,NarcissusA,NarcissusH,终生的积蓄,,1.139672,24556151
NarcissusI,TraitData,TraitData<overwrite>,TraitData_Narcissus.lua,defined,4,NarcissusA,NarcissusI,繁多的祝福,,1.139672,24556151
NewStatusDamage,TraitData,TraitData<overwrite>,TraitData_Medea.lua,defined,8,BaseCurse,NewStatusDamage,雪上加霜,,1.139672,24556151
OlympianSpellCountBoon,TraitData,TraitData<overwrite>,TraitData_Athena.lua,defined,12,FireBoon,OlympianSpellCountBoon,调兵遣将,,1.139672,24556151
OlympianSpellCountTalent,TraitData,TraitSetData.Talents,TraitData_Talent.lua,defined,5,SpellTalentTrait,OlympianSpellCountTalent,福荫,,1.139672,24556151
OmegaCastVolleyBoon,TraitData,TraitData<overwrite>,TraitData_Artemis.lua,defined,7,InPersonOlympianTrait;AirBoon,OmegaCastVolleyBoon,必中标靶,,1.139672,24556151
OmegaDelayedDamageBoon,TraitData,TraitData<overwrite>,TraitData_Ares.lua,defined,8,BaseTrait;EarthBoon,OmegaDelayedDamageBoon,倒悬之剑,,1.139672,24556151
OmegaExplodeBoon,TraitData,TraitData<overwrite>,TraitData_Icarus.lua,defined,6,BaseIcarus,OmegaExplodeBoon,爆裂决意,,1.139672,24556151
OmegaHeraProjectileBoon,TraitData,TraitData<overwrite>,TraitData_Hera.lua,defined,7,BaseTrait;EarthBoon,OmegaHeraProjectileBoon,泾渭分明,,1.139672,24556151
OmegaPoseidonProjectileBoon,TraitData,TraitData<overwrite>,TraitData_Poseidon.lua,defined,7,BaseTrait;WaterBoon,OmegaPoseidonProjectileBoon,翻江倒海,,1.139672,24556151
OmegaZeroBurnBoon,TraitData,TraitData<overwrite>,TraitData_Hestia.lua,defined,6,BaseTrait;FireBoon,OmegaZeroBurnBoon,一点就着,,1.139672,24556151
PanelRerollMetaUpgrade,TraitData,TraitSetData.MetaUpgrade,TraitData_MetaUpgrade.lua,defined,5,MetaUpgradeTrait,PanelRerollMetaUpgrade,斗士,,1.139672,24556151
PerfectDamageBonusBoon,TraitData,TraitData<overwrite>,TraitData_Apollo.lua,defined,9,BaseTrait;AirBoon,PerfectDamageBonusBoon,完美无瑕,,1.139672,24556151
PersistentDionysusSkipKeepsake,TraitData,TraitSetData.Keepsakes,TraitData_Keepsake.lua,defined,10,,PersistentDionysusSkipKeepsake,无花果叶,,1.139672,24556151
PlantHealthBoon,TraitData,TraitData<overwrite>,TraitData_Demeter.lua,defined,12,BaseTrait;EarthBoon,PlantHealthBoon,生机盎然,AddTraitResources,1.139672,24556151
PolymorphBossDamageTalent,TraitData,TraitSetData.Talents,TraitData_Talent.lua,defined,5,SpellTalentTrait;LegendaryTalent,PolymorphBossDamageTalent,雄心,,1.139672,24556151
PolymorphCurseTalent,TraitData,TraitSetData.Talents,TraitData_Talent.lua,defined,7,SpellTalentTrait;LegendaryTalent,PolymorphCurseTalent,蚕食,,1.139672,24556151
PolymorphDamageTalent,TraitData,TraitSetData.Talents,TraitData_Talent.lua,defined,6,SpellTalentTrait,PolymorphDamageTalent,暴露,,1.139672,24556151
PolymorphDeathExplodeTalent,TraitData,TraitSetData.Talents,TraitData_Talent.lua,defined,5,SpellTalentTrait,PolymorphDeathExplodeTalent,灭绝,,1.139672,24556151
PolymorphDurationTalent,TraitData,TraitSetData.Talents,TraitData_Talent.lua,defined,7,SpellTalentTrait,PolymorphDurationTalent,屈辱,,1.139672,24556151
PolymorphHealthCrushTalent,TraitData,TraitSetData.Talents,TraitData_Talent.lua,defined,4,SpellTalentTrait;LegendaryTalent,PolymorphHealthCrushTalent,衰败,,1.139672,24556151
PolymorphSandwichTalent,TraitData,TraitSetData.Talents,TraitData_Talent.lua,defined,9,SpellTalentTrait;LegendaryTalent,PolymorphSandwichTalent,食粮,,1.139672,24556151
PolymorphTauntTalent,TraitData,TraitSetData.Talents,TraitData_Talent.lua,defined,5,SpellTalentTrait,PolymorphTauntTalent,散布,,1.139672,24556151
PolymorphTeleportCastTalent,TraitData,TraitSetData.Talents,TraitData_Talent.lua,defined,4,SpellTalentTrait;LegendaryTalent,PolymorphTeleportCastTalent,召集,,1.139672,24556151
PolymorphZeusTalent,TraitData,TraitSetData.Talents,TraitData_Talent.lua,defined,9,LegendaryTalent;SpellTalentTrait;ForceDuoAppearanceTrait,PolymorphZeusTalent,宙斯的雷霆,,1.139672,24556151
PoseidonCastBoon,TraitData,TraitData<overwrite>,TraitData_Poseidon.lua,defined,9,BaseTrait;WaterBoon,PoseidonCastBoon,潮汐之环,,1.139672,24556151
PoseidonExCastBoon,TraitData,TraitData<overwrite>,TraitData_Poseidon.lua,defined,9,BaseTrait;WaterBoon,PoseidonExCastBoon,泉涌而出,,1.139672,24556151
PoseidonManaBoon,TraitData,TraitData<overwrite>,TraitData_Poseidon.lua,defined,11,BaseTrait;WaterBoon,PoseidonManaBoon,洪水汇流,,1.139672,24556151
PoseidonSpecialBoon,TraitData,TraitData<overwrite>,TraitData_Poseidon.lua,defined,10,BaseTrait;WaterBoon,PoseidonSpecialBoon,浪潮绝技,,1.139672,24556151
PoseidonSplashSprintBoon,TraitData,TraitData<overwrite>,TraitData_Duo.lua,defined,7,SynergyTrait,PoseidonSplashSprintBoon,海滩飞球,,1.139672,24556151
PoseidonSprintBoon,TraitData,TraitData<overwrite>,TraitData_Poseidon.lua,defined,9,BaseTrait;WaterBoon,PoseidonSprintBoon,破浪奔行,,1.139672,24556151
PoseidonStatusBoon,TraitData,TraitData<overwrite>,TraitData_Poseidon.lua,defined,7,BaseTrait;WaterBoon,PoseidonStatusBoon,落花流水,,1.139672,24556151
PoseidonWeaponBoon,TraitData,TraitData<overwrite>,TraitData_Poseidon.lua,defined,9,BaseTrait;WaterBoon,PoseidonWeaponBoon,浪潮打击,,1.139672,24556151
PotionExCastTalent,TraitData,TraitSetData.Talents,TraitData_Talent.lua,defined,8,SpellTalentTrait,PotionExCastTalent,饱和,,1.139672,24556151
PotionManaRestoreTalent,TraitData,TraitSetData.Talents,TraitData_Talent.lua,defined,4,SpellTalentTrait,PotionManaRestoreTalent,纯净,,1.139672,24556151
PotionPoseidonTalent,TraitData,TraitSetData.Talents,TraitData_Talent.lua,defined,9,LegendaryTalent;SpellTalentTrait;ForceDuoAppearanceTrait,PotionPoseidonTalent,波塞冬的骄傲,,1.139672,24556151
PotionUsesTalent,TraitData,TraitSetData.Talents,TraitData_Talent.lua,defined,7,SpellTalentTrait,PotionUsesTalent,丰足,GrantPotionBonusCharges,1.139672,24556151
PowerDrinkBoon,TraitData,TraitData<overwrite>,TraitData_Dionysus.lua,defined,11,BaseTrait;WaterBoon,PowerDrinkBoon,无限畅饮,,1.139672,24556151
PreChargeTalent,TraitData,TraitSetData.Talents,TraitData_Talent.lua,defined,6,SpellTalentTrait,PreChargeTalent,预备,,1.139672,24556151
RaiseDeadBoon,TraitData,TraitData<overwrite>,TraitData_Duo.lua,defined,6,SynergyTrait,RaiseDeadBoon,弃暗投明,,1.139672,24556151
RandomArcanaTrait,TraitData,TraitData<overwrite>,TraitData_Circe.lua,defined,7,BaseCirce,RandomArcanaTrait,黄水晶卜筮,CirceRandomMetaUpgrade,1.139672,24556151
RandomBaseDamageBoon,TraitData,TraitData<overwrite>,TraitData_Dionysus.lua,defined,11,WaterBoon,RandomBaseDamageBoon,大开大合,,1.139672,24556151
RandomBlessingKeepsake,TraitData,TraitSetData.Keepsakes,TraitData_Keepsake.lua,defined,15,GiftTrait,RandomBlessingKeepsake,混沌之胚,ChaosBlessingBonus,1.139672,24556151
RandomStatusBoon,TraitData,TraitData<overwrite>,TraitData_Aphrodite.lua,defined,6,LegendaryTrait;AirBoon,RandomStatusBoon,六神无主,,1.139672,24556151
RapidSwordBoon,TraitData,TraitData<overwrite>,TraitData_Duo.lua,defined,7,SynergyTrait,RapidSwordBoon,盖棺封钉,,1.139672,24556151
RarifyKeepsake,TraitData,TraitSetData.Keepsakes,TraitData_Keepsake.lua,defined,11,GiftTrait,RarifyKeepsake,求神卡,,1.139672,24556151
RarityBoostMetaUpgrade,TraitData,TraitSetData.MetaUpgrade,TraitData_MetaUpgrade.lua,defined,6,MetaUpgradeTrait,RarityBoostMetaUpgrade,精锐,,1.139672,24556151
ReboundingSparkBoon,TraitData,TraitData<overwrite>,TraitData_Duo.lua,defined,5,SynergyTrait,ReboundingSparkBoon,电流主宰,,1.139672,24556151
ReincarnationKeepsake,TraitData,TraitSetData.Keepsakes,TraitData_Keepsake.lua,defined,10,GiftTrait,ReincarnationKeepsake,更幸运的牙齿,,1.139672,24556151
RemoveShrineTrait,TraitData,TraitData<overwrite>,TraitData_Circe.lua,defined,7,BaseCirce,RemoveShrineTrait,黑夜之逐,CirceRemoveShrineUpgrades,1.139672,24556151
RendBloodDropBoon,TraitData,TraitData<overwrite>,TraitData_Ares.lua,defined,7,BaseTrait;EarthBoon,RendBloodDropBoon,血染沙场,,1.139672,24556151
RerollTradeOffMetaUpgrade,TraitData,TraitSetData.MetaUpgrade,TraitData_MetaUpgrade.lua,defined,4,MetaUpgradeTrait,RerollTradeOffMetaUpgrade,命运,,1.139672,24556151
ReserveManaHitShieldBoon,TraitData,TraitData<overwrite>,TraitData_Demeter.lua,defined,9,BaseTrait;EarthBoon,ReserveManaHitShieldBoon,冰雪女王,,1.139672,24556151
RestockBoon,TraitData,TraitData<overwrite>,TraitData_Hermes.lua,defined,7,BaseTrait;FireBoon,RestockBoon,旅行特惠,UpdateStoreItemCostText,1.139672,24556151
RetaliateInvulnerabilityBoon,TraitData,TraitData<overwrite>,TraitData_Athena.lua,defined,8,BaseTrait;FireBoon,RetaliateInvulnerabilityBoon,防御架势,,1.139672,24556151
RolloverUsesTalent,TraitData,TraitSetData.Talents,TraitData_Talent.lua,defined,3,SpellTalentTrait;LegendaryTalent,RolloverUsesTalent,储备,,1.139672,24556151
RoomRewardBonusBoon,TraitData,TraitData<overwrite>,TraitData_Poseidon.lua,defined,12,BaseTrait;LegacyTrait;WaterBoon,RoomRewardBonusBoon,沉没宝藏,GiveRandomConsumables,1.139672,24556151
RoomRewardEmptyMaxHealthTrait,TraitData,TraitSetData.Base,TraitData.lua,defined,3,BaseTrait,,,,1.139672,24556151
RoomRewardMaxHealthTrait,TraitData,TraitSetData.Base,TraitData.lua,defined,3,BaseTrait,,,,1.139672,24556151
RoomRewardMaxManaTrait,TraitData,TraitSetData.Base,TraitData.lua,defined,3,BaseTrait,,,,1.139672,24556151
RootDurationBoon,TraitData,TraitData<overwrite>,TraitData_Demeter.lua,defined,6,BaseTrait;WaterBoon,RootDurationBoon,冰冷贮藏,,1.139672,24556151
RootStrikeBoon,TraitData,TraitData<overwrite>,TraitData_Duo.lua,defined,6,SynergyTrait,RootStrikeBoon,冰雹风暴,,1.139672,24556151
SelfCastBoon,TraitData,TraitData<overwrite>,TraitData_Duo.lua,defined,10,SynergyTrait,SelfCastBoon,肃杀之阵,,1.139672,24556151
ShieldTalent,TraitData,TraitSetData.Talents,TraitData_Talent.lua,defined,5,SpellTalentTrait,ShieldTalent,光彩,,1.139672,24556151
ShopTrait,TraitData,TraitSetData.Store,TraitData_Store.lua,debug_only,9,,,,,1.139672,24556151
SkipEncounterKeepsake,TraitData,TraitSetData.Keepsakes,TraitData_Keepsake.lua,defined,11,GiftTrait,SkipEncounterKeepsake,无花果叶,DionysusSkipTrait,1.139672,24556151
SlamManaBurstBoon,TraitData,TraitData<overwrite>,TraitData_Duo.lua,defined,6,SynergyTrait,SlamManaBurstBoon,心之律动,,1.139672,24556151
SlowExAttackBoon,TraitData,TraitData<overwrite>,TraitData_Demeter.lua,defined,7,BaseTrait;EarthBoon,SlowExAttackBoon,斩草除根,,1.139672,24556151
SlowProjectileBoon,TraitData,TraitData<overwrite>,TraitData_Hermes.lua,defined,6,AirBoon,SlowProjectileBoon,神出鬼没,,1.139672,24556151
SlowProjectileCurse,TraitData,TraitData<overwrite>,TraitData_Medea.lua,defined,5,BaseCurse,SlowProjectileCurse,弱者无能,,1.139672,24556151
SorceryCritBoon,TraitData,TraitData<overwrite>,TraitData_Artemis.lua,defined,12,AirBoon,SorceryCritBoon,祝祷呢喃,,1.139672,24556151
SorceryRegenMetaUpgrade,TraitData,TraitSetData.MetaUpgrade,TraitData_MetaUpgrade.lua,defined,5,MetaUpgradeTrait,SorceryRegenMetaUpgrade,月亮,,1.139672,24556151
SorcerySpeedBoon,TraitData,TraitData<overwrite>,TraitData_Hermes.lua,defined,7,BaseTrait;EarthBoon,SorcerySpeedBoon,凌波微步,,1.139672,24556151
SpawnCastDamageBoon,TraitData,TraitData<overwrite>,TraitData_Hera.lua,defined,7,BaseTrait;AirBoon,SpawnCastDamageBoon,来者有份,,1.139672,24556151
SpawnDamageCurse,TraitData,TraitData<overwrite>,TraitData_Medea.lua,defined,5,BaseCurse,SpawnDamageCurse,所见皆苦,,1.139672,24556151
SpawnKillBoon,TraitData,TraitData<overwrite>,TraitData_Zeus.lua,defined,7,LegendaryTrait;AirBoon,SpawnKillBoon,五雷轰顶,,1.139672,24556151
SpellCostume,TraitData,TraitData<overwrite>,TraitData_Arachne.lua,defined,7,CostumeTrait;ForceCommonAppearanceTrait,SpellCostume,月光裙装,,1.139672,24556151
SpellLaserTrait,TraitData,TraitData<overwrite>,TraitData_Spell.lua,defined,8,SpellTrait,SpellLaserTrait,月光射线,,1.139672,24556151
SpellLeapTrait,TraitData,TraitData<overwrite>,TraitData_Spell.lua,defined,7,SpellTrait,SpellLeapTrait,寂夜狼嚎,,1.139672,24556151
SpellMeteorTrait,TraitData,TraitData<overwrite>,TraitData_Spell.lua,defined,8,SpellTrait,SpellMeteorTrait,月食殆尽,,1.139672,24556151
SpellMoonBeamTrait,TraitData,TraitData<overwrite>,TraitData_Spell.lua,defined,7,SpellTrait,SpellMoonBeamTrait,星落如雨,,1.139672,24556151
SpellPolymorphTrait,TraitData,TraitData<overwrite>,TraitData_Spell.lua,defined,8,SpellTrait,SpellPolymorphTrait,暮夜诅咒,,1.139672,24556151
SpellPotionTrait,TraitData,TraitData<overwrite>,TraitData_Spell.lua,defined,12,SpellTrait,SpellPotionTrait,映月清泉,,1.139672,24556151
SpellSummonTrait,TraitData,TraitData<overwrite>,TraitData_Spell.lua,defined,9,SpellTrait,SpellSummonTrait,暗夜苏生,,1.139672,24556151
SpellTalentKeepsake,TraitData,TraitSetData.Keepsakes,TraitData_Keepsake.lua,defined,14,GiftTrait,SpellTalentKeepsake,皎月光束,KeepsakeAcquireSpellDrop,1.139672,24556151
SpellTalentTrait,TraitData,TraitSetData.Base,TraitData.lua,debug_only,5,,,,,1.139672,24556151
SpellTimeSlowTrait,TraitData,TraitData<overwrite>,TraitData_Spell.lua,defined,7,SpellTrait,SpellTimeSlowTrait,月相更替,,1.139672,24556151
SpellTrait,TraitData,TraitData<overwrite>,TraitData_Spell.lua,debug_only,4,,,,,1.139672,24556151
SpellTransformTrait,TraitData,TraitData<overwrite>,TraitData_Spell.lua,defined,7,SpellTrait,SpellTransformTrait,黑暗形态,,1.139672,24556151
SprintEchoBoon,TraitData,TraitData<overwrite>,TraitData_Duo.lua,defined,6,SynergyTrait,SprintEchoBoon,浪漫火花,,1.139672,24556151
SprintShieldBoon,TraitData,TraitData<overwrite>,TraitData_Hermes.lua,defined,9,BaseTrait;FireBoon,SprintShieldBoon,长驱直入,,1.139672,24556151
SprintShieldMetaUpgrade,TraitData,TraitSetData.MetaUpgrade,TraitData_MetaUpgrade.lua,defined,8,MetaUpgradeTrait,SprintShieldMetaUpgrade,迅疾者,,1.139672,24556151
StaffAttackRecoveryTrait,TraitData,TraitData<overwrite>,TraitData_Staff.lua,defined,6,WeaponTrait;StaffHammerTrait,StaffAttackRecoveryTrait,迅疾敲打,,1.139672,24556151
StaffClearCastAspect,TraitData,TraitSetData.Aspects,TraitData_Aspect.lua,defined,11,WeaponEnchantmentTrait,StaffClearCastAspect,喀耳刻形态,,1.139672,24556151
StaffDashAttackTrait,TraitData,TraitData<overwrite>,TraitData_Staff.lua,defined,6,WeaponTrait;StaffHammerTrait,StaffDashAttackTrait,熔融横扫,,1.139672,24556151
StaffDoubleAttackTrait,TraitData,TraitData<overwrite>,TraitData_Staff.lua,defined,6,WeaponTrait;StaffHammerTrait,StaffDoubleAttackTrait,凶残敲打,,1.139672,24556151
StaffExAoETrait,TraitData,TraitData<overwrite>,TraitData_Staff.lua,defined,8,WeaponTrait;StaffHammerTrait,StaffExAoETrait,横竖皆祸,,1.139672,24556151
StaffExHealTrait,TraitData,TraitData<overwrite>,TraitData_Staff.lua,defined,6,WeaponTrait;StaffHammerTrait,StaffExHealTrait,吸血灾祸,,1.139672,24556151
StaffFastSpecialTrait,TraitData,TraitData<overwrite>,TraitData_Staff.lua,defined,7,WeaponTrait;StaffHammerTrait,StaffFastSpecialTrait,迅疾月弹,,1.139672,24556151
StaffHammerTrait,TraitData,TraitData<overwrite>,TraitData_Staff.lua,debug_only,2,,,,,1.139672,24556151
StaffJumpSpecialTrait,TraitData,TraitData<overwrite>,TraitData_Staff.lua,defined,8,WeaponTrait;StaffHammerTrait,StaffJumpSpecialTrait,曳光月弹,,1.139672,24556151
StaffLoneShadeRallyTrait,TraitData,TraitData<overwrite>,TraitData_Staff.lua,defined,8,WeaponTrait;StaffHammerTrait,StaffLoneShadeRallyTrait,法老铭刻,,1.139672,24556151
StaffLoneShadeRespawnTrait,TraitData,TraitData<overwrite>,TraitData_Staff.lua,defined,8,WeaponTrait;StaffHammerTrait,StaffLoneShadeRespawnTrait,圣甲虫铭刻,,1.139672,24556151
StaffLongAttackTrait,TraitData,TraitData<overwrite>,TraitData_Staff.lua,defined,7,WeaponTrait;StaffHammerTrait,StaffLongAttackTrait,杖打一片,,1.139672,24556151
StaffOneWayAttackTrait,TraitData,TraitData<overwrite>,TraitData_Staff.lua,defined,7,WeaponTrait;StaffHammerTrait,StaffOneWayAttackTrait,映射敲打,,1.139672,24556151
StaffPowershotTrait,TraitData,TraitData<overwrite>,TraitData_Staff.lua,defined,8,WeaponTrait;StaffHammerTrait,StaffPowershotTrait,以太月炮,,1.139672,24556151
StaffRaiseDeadAspect,TraitData,TraitSetData.Aspects,TraitData_Aspect.lua,defined,23,WeaponEnchantmentTrait,StaffRaiseDeadAspect,阿努比斯形态,,1.139672,24556151
StaffRaiseDeadBigTrait,TraitData,TraitData<overwrite>,TraitData_Staff.lua,defined,8,WeaponTrait;StaffHammerTrait,StaffRaiseDeadBigTrait,魂盈安卡,,1.139672,24556151
StaffRaiseDeadDoubleTrait,TraitData,TraitData<overwrite>,TraitData_Staff.lua,defined,5,WeaponTrait;StaffHammerTrait,StaffRaiseDeadDoubleTrait,映射安卡,,1.139672,24556151
StaffSecondStageTrait,TraitData,TraitData<overwrite>,TraitData_Staff.lua,defined,7,WeaponTrait;StaffHammerTrait,StaffSecondStageTrait,究极月炮,,1.139672,24556151
StaffSelfHitAspect,TraitData,TraitSetData.Aspects,TraitData_Aspect.lua,defined,13,WeaponEnchantmentTrait,StaffSelfHitAspect,摩墨斯形态,,1.139672,24556151
StaffTripleShotTrait,TraitData,TraitData<overwrite>,TraitData_Staff.lua,defined,5,WeaponTrait;StaffHammerTrait,StaffTripleShotTrait,双重月弹,,1.139672,24556151
StartingGoldMetaUpgrade,TraitData,TraitSetData.MetaUpgrade,TraitData_MetaUpgrade.lua,defined,4,MetaUpgradeTrait,StartingGoldMetaUpgrade,摆渡人,,1.139672,24556151
SteamBoon,TraitData,TraitData<overwrite>,TraitData_Duo.lua,defined,5,SynergyTrait,SteamBoon,灼人蒸汽,,1.139672,24556151
StorePendingDeliveryItem,TraitData,TraitSetData.Base,TraitData.lua,defined,9,,StorePendingDeliveryItem,特快专递,,1.139672,24556151
StormSpawnBoon,TraitData,TraitData<overwrite>,TraitData_Duo.lua,defined,7,SynergyTrait,StormSpawnBoon,热带气旋,,1.139672,24556151
SuitArmorTrait,TraitData,TraitData<overwrite>,TraitData_Suit.lua,defined,5,WeaponTrait;SuitHammerTrait,SuitArmorTrait,熔融十字,,1.139672,24556151
SuitAttackRangeTrait,TraitData,TraitData<overwrite>,TraitData_Suit.lua,defined,7,WeaponTrait;SuitHammerTrait,SuitAttackRangeTrait,攻城架构,,1.139672,24556151
SuitAttackSizeTrait,TraitData,TraitData<overwrite>,TraitData_Suit.lua,defined,7,WeaponTrait;SuitHammerTrait,SuitAttackSizeTrait,收割架构,,1.139672,24556151
SuitAttackSpeedTrait,TraitData,TraitData<overwrite>,TraitData_Suit.lua,defined,7,WeaponTrait;SuitHammerTrait,SuitAttackSpeedTrait,迅疾架构,,1.139672,24556151
SuitComboAspect,TraitData,TraitSetData.Aspects,TraitData_Aspect.lua,defined,18,WeaponEnchantmentTrait,SuitComboAspect,湿婆形态,,1.139672,24556151
SuitComboBlockBuffTrait,TraitData,TraitData<overwrite>,TraitData_Suit.lua,defined,7,WeaponTrait;SuitHammerTrait,SuitComboBlockBuffTrait,主宰反击,,1.139672,24556151
SuitComboDashAttackTrait,TraitData,TraitData<overwrite>,TraitData_Suit.lua,defined,8,WeaponTrait;SuitHammerTrait,SuitComboDashAttackTrait,新月勾拳,,1.139672,24556151
SuitComboDoubleSpecialTrait,TraitData,TraitData<overwrite>,TraitData_Suit.lua,defined,7,WeaponTrait;SuitHammerTrait,SuitComboDoubleSpecialTrait,觉醒火箭,,1.139672,24556151
SuitComboForwardRocketTrait,TraitData,TraitData<overwrite>,TraitData_Suit.lua,defined,10,WeaponTrait;SuitHammerTrait,SuitComboForwardRocketTrait,巨象火箭,,1.139672,24556151
SuitDashAttackTrait,TraitData,TraitData<overwrite>,TraitData_Suit.lua,defined,5,WeaponTrait;SuitHammerTrait,SuitDashAttackTrait,冲天勾拳,,1.139672,24556151
SuitFullChargeTrait,TraitData,TraitData<overwrite>,TraitData_Suit.lua,defined,6,WeaponTrait;SuitHammerTrait,SuitFullChargeTrait,撼世冲撞,,1.139672,24556151
SuitHammerTrait,TraitData,TraitData<overwrite>,TraitData_Suit.lua,debug_only,2,,,,,1.139672,24556151
SuitHexAspect,TraitData,TraitSetData.Aspects,TraitData_Aspect.lua,defined,12,WeaponEnchantmentTrait,SuitHexAspect,塞勒涅形态,,1.139672,24556151
SuitInherentSpeedBoon,TraitData,TraitSetData.Base,TraitData.lua,defined,3,BaseTrait,,,,1.139672,24556151
SuitMarkCritAspect,TraitData,TraitSetData.Aspects,TraitData_Aspect.lua,defined,17,WeaponEnchantmentTrait,SuitMarkCritAspect,倪克斯形态,,1.139672,24556151
SuitPowershotTrait,TraitData,TraitData<overwrite>,TraitData_Suit.lua,defined,8,WeaponTrait;SuitHammerTrait,SuitPowershotTrait,查克拉冲撞,,1.139672,24556151
SuitSpecialAutoTrait,TraitData,TraitData<overwrite>,TraitData_Suit.lua,defined,6,WeaponTrait;SuitHammerTrait,SuitSpecialAutoTrait,发射架构,,1.139672,24556151
SuitSpecialBlockTrait,TraitData,TraitData<overwrite>,TraitData_Suit.lua,defined,5,WeaponTrait;SuitHammerTrait,SuitSpecialBlockTrait,反击弹幕,,1.139672,24556151
SuitSpecialConsecutiveHitTrait,TraitData,TraitData<overwrite>,TraitData_Suit.lua,defined,7,WeaponTrait;SuitHammerTrait,SuitSpecialConsecutiveHitTrait,开膛火箭,,1.139672,24556151
SuitSpecialDiscountTrait,TraitData,TraitData<overwrite>,TraitData_Suit.lua,defined,7,WeaponTrait;SuitHammerTrait,SuitSpecialDiscountTrait,骤然弹雨,,1.139672,24556151
SuitSpecialJumpTrait,TraitData,TraitData<overwrite>,TraitData_Suit.lua,defined,6,WeaponTrait;SuitHammerTrait,SuitSpecialJumpTrait,曳光火箭,,1.139672,24556151
SuitSpecialStartUpTrait,TraitData,TraitData<overwrite>,TraitData_Suit.lua,defined,7,WeaponTrait;SuitHammerTrait,SuitSpecialStartUpTrait,盛怒火箭,,1.139672,24556151
SummonDamageSplitTalent,TraitData,TraitSetData.Talents,TraitData_Talent.lua,defined,7,SpellTalentTrait;LegendaryTalent,SummonDamageSplitTalent,牺牲,,1.139672,24556151
SummonDamageTalent,TraitData,TraitSetData.Talents,TraitData_Talent.lua,defined,5,SpellTalentTrait,SummonDamageTalent,信念,,1.139672,24556151
SummonExplodeTalent,TraitData,TraitSetData.Talents,TraitData_Talent.lua,defined,7,SpellTalentTrait;LegendaryTalent,SummonExplodeTalent,爆发,,1.139672,24556151
SummonHeraTalent,TraitData,TraitSetData.Talents,TraitData_Talent.lua,defined,8,LegendaryTalent;SpellTalentTrait;ForceDuoAppearanceTrait,SummonHeraTalent,赫拉的调教,,1.139672,24556151
SummonPermanenceTalent,TraitData,TraitSetData.Talents,TraitData_Talent.lua,defined,3,SpellTalentTrait;LegendaryTalent,SummonPermanenceTalent,苦役,,1.139672,24556151
SummonRetaliateTalent,TraitData,TraitSetData.Talents,TraitData_Talent.lua,defined,2,SpellTalentTrait;LegendaryTalent,SummonRetaliateTalent,报复,,1.139672,24556151
SummonSpeedTalent,TraitData,TraitSetData.Talents,TraitData_Talent.lua,defined,4,SpellTalentTrait;LegendaryTalent,SummonSpeedTalent,活力,,1.139672,24556151
SummonTeleportTalent,TraitData,TraitSetData.Talents,TraitData_Talent.lua,defined,3,SpellTalentTrait;LegendaryTalent,SummonTeleportTalent,汇聚,,1.139672,24556151
SuperSacrificeBoonHera,TraitData,TraitData<overwrite>,TraitData_Duo.lua,defined,10,SynergyTrait,SuperSacrificeBoonHera,弃王保后,SacrificeAllBoon,1.139672,24556151
SuperSacrificeBoonZeus,TraitData,TraitData<overwrite>,TraitData_Duo.lua,defined,10,SynergyTrait,SuperSacrificeBoonZeus,弃后保王,SacrificeAllBoon,1.139672,24556151
SupplyDropBoon,TraitData,TraitData<overwrite>,TraitData_Icarus.lua,defined,8,BaseIcarus,SupplyDropBoon,补给线路,,1.139672,24556151
SupportingFireBoon,TraitData,TraitData<overwrite>,TraitData_Artemis.lua,defined,6,BaseTrait;LegacyTrait;AirBoon,SupportingFireBoon,火力支援,,1.139672,24556151
SurfacePenalty,TraitData,TraitSetData.Base,TraitData.lua,defined,6,,SurfacePenalty,冥脉宿命,,1.139672,24556151
SynergyTrait,TraitData,TraitSetData.Base,TraitData.lua,debug_only,7,AetherBoon,,,,1.139672,24556151
TempHammerKeepsake,TraitData,TraitSetData.Keepsakes,TraitData_Keepsake.lua,defined,12,GiftTrait,TempHammerKeepsake,实验之锤,GiveDurationHammer,1.139672,24556151
TemporaryBoonRarityTrait,TraitData,TraitSetData.Store,TraitData_Store.lua,defined,6,ShopTrait,TemporaryBoonRarityTrait,阿里阿德涅的纱线,,1.139672,24556151
TemporaryDiscountTrait,TraitData,TraitSetData.Store,TraitData_Store.lua,defined,11,ShopTrait,TemporaryDiscountTrait,渡船优惠券,,1.139672,24556151
TemporaryDoorHealTrait,TraitData,TraitSetData.Store,TraitData_Store.lua,defined,10,ShopTrait,TemporaryDoorHealTrait,九头蛇轻饮,,1.139672,24556151
TemporaryEmptySlotDamageTrait,TraitData,TraitSetData.Store,TraitData_Store.lua,defined,11,ShopTrait,TemporaryEmptySlotDamageTrait,达那伊德斯的匕首,,1.139672,24556151
TemporaryForcedSecretDoorTrait,TraitData,TraitSetData.Store,TraitData_Store.lua,defined,8,ShopTrait,TemporaryForcedSecretDoorTrait,伊克西翁之耀,,1.139672,24556151
TemporaryHealExpirationTrait,TraitData,TraitSetData.Store,TraitData_Store.lua,defined,10,ShopTrait,TemporaryHealExpirationTrait,善意之瓶,,1.139672,24556151
TemporaryImprovedCastTrait,TraitData,TraitSetData.Store,TraitData_Store.lua,defined,9,ShopTrait,TemporaryImprovedCastTrait,阿特拉斯的穗带,,1.139672,24556151
TemporaryImprovedDefenseTrait,TraitData,TraitSetData.Store,TraitData_Store.lua,defined,9,ShopTrait,TemporaryImprovedDefenseTrait,蟒蛇的鳞片,,1.139672,24556151
TemporaryImprovedExTrait,TraitData,TraitSetData.Store,TraitData_Store.lua,defined,9,ShopTrait,TemporaryImprovedExTrait,女巫的印记,,1.139672,24556151
TemporaryImprovedSecondaryTrait,TraitData,TraitSetData.Store,TraitData_Store.lua,defined,9,ShopTrait,TemporaryImprovedSecondaryTrait,奇美拉肉干,,1.139672,24556151
TemporaryMoveSpeedTrait,TraitData,TraitSetData.Store,TraitData_Store.lua,defined,9,ShopTrait,TemporaryMoveSpeedTrait,燃烧的灵液,,1.139672,24556151
TimeSlowAmountTalent,TraitData,TraitSetData.Talents,TraitData_Talent.lua,defined,5,SpellTalentTrait,TimeSlowAmountTalent,沉着,,1.139672,24556151
TimeSlowCritTalent,TraitData,TraitSetData.Talents,TraitData_Talent.lua,defined,7,SpellTalentTrait;LegendaryTalent,TimeSlowCritTalent,精准,,1.139672,24556151
TimeSlowCumulativeBuffTalent,TraitData,TraitSetData.Talents,TraitData_Talent.lua,defined,7,SpellTalentTrait;LegendaryTalent,TimeSlowCumulativeBuffTalent,蓄势,,1.139672,24556151
TimeSlowDemeterTalent,TraitData,TraitSetData.Talents,TraitData_Talent.lua,defined,11,LegendaryTalent;SpellTalentTrait;ForceDuoAppearanceTrait,TimeSlowDemeterTalent,得墨忒尔的狂风,,1.139672,24556151
TimeSlowDestroyProjectilesTalent,TraitData,TraitSetData.Talents,TraitData_Talent.lua,defined,3,SpellTalentTrait;LegendaryTalent,TimeSlowDestroyProjectilesTalent,澄澈,,1.139672,24556151
TimeSlowFreezeTimeTalent,TraitData,TraitSetData.Talents,TraitData_Talent.lua,defined,6,SpellTalentTrait;LegendaryTalent,TimeSlowFreezeTimeTalent,静谧,,1.139672,24556151
TimeSlowLastStandRechargeTalent,TraitData,TraitSetData.Talents,TraitData_Talent.lua,defined,4,SpellTalentTrait;LegendaryTalent,TimeSlowLastStandRechargeTalent,应急,,1.139672,24556151
TimeSlowSpeedTalent,TraitData,TraitSetData.Talents,TraitData_Talent.lua,defined,5,SpellTalentTrait;LegendaryTalent,TimeSlowSpeedTalent,轻灵,,1.139672,24556151
TimeStopLastStandBoon,TraitData,TraitData<overwrite>,TraitData_Hermes.lua,defined,6,LegendaryTrait;AirBoon,TimeStopLastStandBoon,消灾解难,,1.139672,24556151
TimedBuffKeepsake,TraitData,TraitSetData.Keepsakes,TraitData_Keepsake.lua,defined,13,GiftTrait,TimedBuffKeepsake,金属液滴,StartHermesKeepsakeTimer,1.139672,24556151
TimedCritVulnerabilityBoon,TraitData,TraitData<overwrite>,TraitData_Artemis.lua,defined,7,BaseTrait;EarthBoon,TimedCritVulnerabilityBoon,索命追猎,,1.139672,24556151
TimedKillBuffBoon,TraitData,TraitData<overwrite>,TraitData_Hermes.lua,defined,10,BaseTrait;AirBoon,TimedKillBuffBoon,十步一人,,1.139672,24556151
TorchAttackSpeedTrait,TraitData,TraitData<overwrite>,TraitData_Torch.lua,defined,7,WeaponTrait;TorchHammerTrait,TorchAttackSpeedTrait,盛怒飞焰,,1.139672,24556151
TorchAutofireAspect,TraitData,TraitSetData.Aspects,TraitData_Aspect.lua,defined,16,WeaponEnchantmentTrait,TorchAutofireAspect,苏帕伊形态,,1.139672,24556151
TorchAutofireSprintTrait,TraitData,TraitData<overwrite>,TraitData_Torch.lua,defined,7,WeaponTrait;TorchHammerTrait,TorchAutofireSprintTrait,魔神焰心,,1.139672,24556151
TorchDetonateAspect,TraitData,TraitSetData.Aspects,TraitData_Aspect.lua,defined,13,WeaponEnchantmentTrait,TorchDetonateAspect,摩罗斯形态,,1.139672,24556151
TorchDiscountExAttackTrait,TraitData,TraitData<overwrite>,TraitData_Torch.lua,defined,6,WeaponTrait;TorchHammerTrait,TorchDiscountExAttackTrait,骤然爆发,,1.139672,24556151
TorchEnhancedAttackTrait,TraitData,TraitData<overwrite>,TraitData_Torch.lua,defined,6,WeaponTrait;TorchHammerTrait,TorchEnhancedAttackTrait,归来飞焰,,1.139672,24556151
TorchExSpecialCountTrait,TraitData,TraitData<overwrite>,TraitData_Torch.lua,defined,7,WeaponTrait;TorchHammerTrait,TorchExSpecialCountTrait,暗藏回旋,,1.139672,24556151
TorchHammerTrait,TraitData,TraitData<overwrite>,TraitData_Torch.lua,debug_only,2,,,,,1.139672,24556151
TorchLongevityTrait,TraitData,TraitData<overwrite>,TraitData_Torch.lua,defined,7,WeaponTrait;TorchHammerTrait,TorchLongevityTrait,增幅回旋,,1.139672,24556151
TorchMoveSpeedTrait,TraitData,TraitData<overwrite>,TraitData_Torch.lua,defined,7,WeaponTrait;TorchHammerTrait,TorchMoveSpeedTrait,极意飞焰,,1.139672,24556151
TorchOrbitPointTrait,TraitData,TraitData<overwrite>,TraitData_Torch.lua,defined,6,WeaponTrait;TorchHammerTrait,TorchOrbitPointTrait,舞动回旋,,1.139672,24556151
TorchSpecialDurationAspect,TraitData,TraitSetData.Aspects,TraitData_Aspect.lua,defined,10,WeaponEnchantmentTrait,TorchSpecialDurationAspect,墨利诺厄形态,,1.139672,24556151
TorchSpecialImpactTrait,TraitData,TraitData<overwrite>,TraitData_Torch.lua,defined,7,WeaponTrait;TorchHammerTrait,TorchSpecialImpactTrait,持久萦绕,,1.139672,24556151
TorchSpecialLineTrait,TraitData,TraitData<overwrite>,TraitData_Torch.lua,defined,5,WeaponTrait;TorchHammerTrait,TorchSpecialLineTrait,熔融回旋,,1.139672,24556151
TorchSpecialSpeedTrait,TraitData,TraitData<overwrite>,TraitData_Torch.lua,defined,6,WeaponTrait;TorchHammerTrait,TorchSpecialSpeedTrait,利落萦绕,,1.139672,24556151
TorchSpinAttackTrait,TraitData,TraitData<overwrite>,TraitData_Torch.lua,defined,7,WeaponTrait;TorchHammerTrait,TorchSpinAttackTrait,沉重飞焰,,1.139672,24556151
TorchSplitAttackTrait,TraitData,TraitData<overwrite>,TraitData_Torch.lua,defined,6,WeaponTrait;TorchHammerTrait,TorchSplitAttackTrait,分裂飞焰,,1.139672,24556151
TorchSprintRecallAspect,TraitData,TraitSetData.Aspects,TraitData_Aspect.lua,defined,17,WeaponEnchantmentTrait,TorchSprintRecallAspect,厄俄斯形态,,1.139672,24556151
TransformAphroditeTalent,TraitData,TraitSetData.Talents,TraitData_Talent.lua,defined,9,LegendaryTalent;SpellTalentTrait;ForceDuoAppearanceTrait,TransformAphroditeTalent,阿弗洛狄忒的诱惑,,1.139672,24556151
TransformAttackSpeedTalent,TraitData,TraitSetData.Talents,TraitData_Talent.lua,defined,4,SpellTalentTrait,TransformAttackSpeedTalent,狂野,,1.139672,24556151
TransformCastDamageTalent,TraitData,TraitSetData.Talents,TraitData_Talent.lua,defined,4,SpellTalentTrait,TransformCastDamageTalent,统御,,1.139672,24556151
TransformCooldownDodgeTalent,TraitData,TraitSetData.Talents,TraitData_Talent.lua,defined,4,SpellTalentTrait,TransformCooldownDodgeTalent,反射,,1.139672,24556151
TransformDamageTalent,TraitData,TraitSetData.Talents,TraitData_Talent.lua,defined,4,SpellTalentTrait,TransformDamageTalent,凶残,,1.139672,24556151
TransformDurationTalent,TraitData,TraitSetData.Talents,TraitData_Talent.lua,defined,4,SpellTalentTrait,TransformDurationTalent,专注,,1.139672,24556151
TransformExCastTalent,TraitData,TraitSetData.Talents,TraitData_Talent.lua,defined,7,SpellTalentTrait;LegendaryTalent,TransformExCastTalent,圣洁,,1.139672,24556151
TransformLastStandRechargeTalent,TraitData,TraitSetData.Talents,TraitData_Talent.lua,defined,4,SpellTalentTrait;LegendaryTalent,TransformLastStandRechargeTalent,应急,,1.139672,24556151
TransformPrimaryTalent,TraitData,TraitSetData.Talents,TraitData_Talent.lua,defined,7,SpellTalentTrait;LegendaryTalent,TransformPrimaryTalent,同调,,1.139672,24556151
TransformSpecialCritTalent,TraitData,TraitSetData.Talents,TraitData_Talent.lua,defined,6,SpellTalentTrait;LegendaryTalent,TransformSpecialCritTalent,恐怖,,1.139672,24556151
TransformSpecialTalent,TraitData,TraitSetData.Talents,TraitData_Talent.lua,defined,5,SpellTalentTrait,TransformSpecialTalent,耀眼,,1.139672,24556151
UnityTrait,TraitData,TraitSetData.Base,TraitData.lua,debug_only,12,,,,,1.139672,24556151
UnpickedBoonKeepsake,TraitData,TraitSetData.Keepsakes,TraitData_Keepsake.lua,defined,11,GiftTrait,UnpickedBoonKeepsake,凹陷之石,,1.139672,24556151
UnusedWeaponBonusTrait,TraitData,TraitSetData.Base,TraitData.lua,defined,4,,UnusedWeaponBonusTrait,墓地饥渴,,1.139672,24556151
UnusedWeaponBonusTrait2,TraitData,TraitSetData.Base,TraitData.lua,defined,3,UnusedWeaponBonusTrait,UnusedWeaponBonusTrait2,幽冥饥渴,,1.139672,24556151
UpgradeHammerBoon,TraitData,TraitData<overwrite>,TraitData_Icarus.lua,defined,9,BaseIcarus,UpgradeHammerBoon,最新型号,UpgradeHammers,1.139672,24556151
VanillaState,TraitData,TraitSetData.BiomeStates,BiomeStateData.lua,stub,1,BiomeState,,,,1.139672,24556151
VitalityCostume,TraitData,TraitData<overwrite>,TraitData_Arachne.lua,defined,8,CostumeTrait;ForceCommonAppearanceTrait,VitalityCostume,苍翠裙装,,1.139672,24556151
WaterBoon,TraitData,TraitSetData.Base,TraitData.lua,debug_only,2,,WaterBoon,{!Icons.CurseWater}水,,1.139672,24556151
WaterEssence,TraitData,TraitSetData.Essence,TraitData_Essence.lua,defined,4,WaterBoon,,,,1.139672,24556151
WeakPotencyBoon,TraitData,TraitData<overwrite>,TraitData_Aphrodite.lua,defined,6,BaseTrait;LegacyTrait;WaterBoon,WeakPotencyBoon,心旌荡漾,,1.139672,24556151
WeakVulnerabilityBoon,TraitData,TraitData<overwrite>,TraitData_Aphrodite.lua,defined,6,BaseTrait;LegacyTrait;WaterBoon,WeakVulnerabilityBoon,拜倒裙下,,1.139672,24556151
WeaponEnchantmentTrait,TraitData,TraitSetData.Base,TraitData.lua,debug_only,7,,,,,1.139672,24556151
WeaponTrait,TraitData,TraitSetData.Base,TraitData.lua,debug_only,6,,,,,1.139672,24556151
WeaponUpgradeBoon,TraitData,TraitData<overwrite>,TraitData_Hephaestus.lua,defined,8,LegendaryTrait;EarthBoon,WeaponUpgradeBoon,尊享服务,UpgradeAspect,1.139672,24556151
WetState,TraitData,TraitSetData.BiomeStates,BiomeStateData.lua,defined,2,BiomeState,,,,1.139672,24556151
ZeusCastBoon,TraitData,TraitData<overwrite>,TraitData_Zeus.lua,defined,8,BaseTrait;AirBoon,ZeusCastBoon,风暴之环,,1.139672,24556151
ZeusManaBoltBoon,TraitData,TraitData<overwrite>,TraitData_Zeus.lua,defined,6,BaseTrait;AirBoon,ZeusManaBoltBoon,叱咤风云,,1.139672,24556151
ZeusManaBoon,TraitData,TraitData<overwrite>,TraitData_Zeus.lua,defined,7,BaseTrait;AirBoon,ZeusManaBoon,离子汇流,,1.139672,24556151
ZeusSpecialBoon,TraitData,TraitData<overwrite>,TraitData_Zeus.lua,defined,9,BaseTrait;AirBoon,ZeusSpecialBoon,雷霆绝技,,1.139672,24556151
ZeusSprintBoon,TraitData,TraitData<overwrite>,TraitData_Zeus.lua,defined,7,BaseTrait;AirBoon,ZeusSprintBoon,电掣奔行,,1.139672,24556151
ZeusWeaponBoon,TraitData,TraitData<overwrite>,TraitData_Zeus.lua,defined,9,BaseTrait;AirBoon,ZeusWeaponBoon,雷霆打击,,1.139672,24556151
AetherBoon,TraitSetData,TraitSetData.Base,TraitData.lua,debug_only,2,,AetherBoon,{!Icons.CurseAether}以太,,1.139672,24556151
AirBoon,TraitSetData,TraitSetData.Base,TraitData.lua,debug_only,2,,AirBoon,{!Icons.CurseAir}风,,1.139672,24556151
AirEssence,TraitSetData,TraitSetData.Essence,TraitData_Essence.lua,defined,4,AirBoon,,,,1.139672,24556151
ArmorGainKeepsake,TraitSetData,TraitSetData.Keepsakes,TraitData_Keepsake.lua,defined,12,GiftTrait;CostumeTrait,ArmorGainKeepsake,丝质饰带,,1.139672,24556151
AthenaEncounterKeepsake,TraitSetData,TraitSetData.Keepsakes,TraitData_Keepsake.lua,defined,15,GiftTrait,AthenaEncounterKeepsake,蛇发妖护符,,1.139672,24556151
AxeArmCastAspect,TraitSetData,TraitSetData.Aspects,TraitData_Aspect.lua,defined,13,WeaponEnchantmentTrait,AxeArmCastAspect,卡戎形态,,1.139672,24556151
AxePerfectCriticalAspect,TraitSetData,TraitSetData.Aspects,TraitData_Aspect.lua,defined,17,WeaponEnchantmentTrait,AxePerfectCriticalAspect,塔纳托斯形态,,1.139672,24556151
AxeRallyAspect,TraitSetData,TraitSetData.Aspects,TraitData_Aspect.lua,defined,19,WeaponEnchantmentTrait,AxeRallyAspect,涅伽尔形态,,1.139672,24556151
AxeRecoveryAspect,TraitSetData,TraitSetData.Aspects,TraitData_Aspect.lua,defined,11,WeaponEnchantmentTrait,AxeRecoveryAspect,墨利诺厄形态,,1.139672,24556151
BaseBoonUpgradeKeepsake,TraitSetData,TraitSetData.Keepsakes,TraitData_Keepsake.lua,debug_only,4,GiftTrait,,,,1.139672,24556151
BaseDummyWeapon,TraitSetData,TraitSetData.DummyWeapons,TraitData.lua,defined,4,,,,,1.139672,24556151
BaseStaffAspect,TraitSetData,TraitSetData.Aspects,TraitData_Aspect.lua,defined,11,WeaponEnchantmentTrait,BaseStaffAspect,墨利诺厄形态,,1.139672,24556151
BaseSuitAspect,TraitSetData,TraitSetData.Aspects,TraitData_Aspect.lua,defined,11,WeaponEnchantmentTrait,BaseSuitAspect,墨利诺厄形态,,1.139672,24556151
BaseTrait,TraitSetData,TraitSetData.Base,TraitData.lua,debug_only,3,,,,,1.139672,24556151
BiomeState,TraitSetData,TraitSetData.BiomeStates,BiomeStateData.lua,debug_only,3,,,,,1.139672,24556151
BlockDeathKeepsake,TraitSetData,TraitSetData.Keepsakes,TraitData_Keepsake.lua,defined,11,GiftTrait,BlockDeathKeepsake,雕纹胸针,,1.139672,24556151
BonusMoneyKeepsake,TraitSetData,TraitSetData.Keepsakes,TraitData_Keepsake.lua,defined,12,GiftTrait,BonusMoneyKeepsake,零钱包,,1.139672,24556151
BossMetaUpgradeKeepsake,TraitSetData,TraitSetData.Keepsakes,TraitData_Keepsake.lua,defined,11,GiftTrait,BossMetaUpgradeKeepsake,水晶雕像,,1.139672,24556151
BossPreDamageKeepsake,TraitSetData,TraitSetData.Keepsakes,TraitData_Keepsake.lua,defined,12,GiftTrait,BossPreDamageKeepsake,羊拐骨袋,,1.139672,24556151
BossProgressionMetaUpgrade,TraitSetData,TraitSetData.MetaUpgrade,TraitData_MetaUpgrade.lua,defined,5,MetaUpgradeTrait,BossProgressionMetaUpgrade,审判,,1.139672,24556151
BossShieldMetaUpgrade,TraitSetData,TraitSetData.MetaUpgrade,TraitData_MetaUpgrade.lua,defined,6,MetaUpgradeTrait,BossShieldMetaUpgrade,恋人,,1.139672,24556151
CastDamageMetaUpgrade,TraitSetData,TraitSetData.MetaUpgrade,TraitData_MetaUpgrade.lua,defined,5,MetaUpgradeTrait,CastDamageMetaUpgrade,永恒,,1.139672,24556151
ChamberHealthMetaUpgrade,TraitSetData,TraitSetData.MetaUpgrade,TraitData_MetaUpgrade.lua,defined,7,MetaUpgradeTrait,ChamberHealthMetaUpgrade,半人马,,1.139672,24556151
ChannelSlowMetaUpgrade,TraitSetData,TraitSetData.MetaUpgrade,TraitData_MetaUpgrade.lua,defined,5,MetaUpgradeTrait,ChannelSlowMetaUpgrade,女术士,,1.139672,24556151
ChaosBlessing,TraitSetData,TraitSetData.Chaos,TraitData_Chaos.lua,debug_only,2,,,,,1.139672,24556151
ChaosBlessingTrait,TraitSetData,TraitSetData.Base,TraitData.lua,debug_only,2,,,,,1.139672,24556151
ChaosCastBlessing,TraitSetData,TraitSetData.Chaos,TraitData_Chaos.lua,defined,5,ChaosBlessing,ChaosCastBlessing,混沌之渊,,1.139672,24556151
ChaosCastCurse,TraitSetData,TraitSetData.Chaos,TraitData_Chaos.lua,defined,4,ChaosCurse;ChaosCurseRemainingEncounters,ChaosCastCurse,恍惚混沌,,1.139672,24556151
ChaosCommonCurse,TraitSetData,TraitSetData.Chaos,TraitData_Chaos.lua,defined,6,ChaosCurse,ChaosCommonCurse,凡庸混沌,,1.139672,24556151
ChaosCurse,TraitSetData,TraitSetData.Chaos,TraitData_Chaos.lua,debug_only,3,,,,,1.139672,24556151
ChaosCurseRemainingEncounters,TraitSetData,TraitSetData.Base;TraitSetData.Chaos,TraitData.lua;TraitData_Chaos.lua,debug_only,3,,,,,1.139672,24556151
ChaosCurseTrait,TraitSetData,TraitSetData.Base,TraitData.lua,debug_only,2,,,,,1.139672,24556151
ChaosDamageCurse,TraitSetData,TraitSetData.Chaos,TraitData_Chaos.lua,defined,4,ChaosCurse;ChaosCurseRemainingEncounters;ChaosLegacyTrait,ChaosDamageCurse,煎熬混沌,,1.139672,24556151
ChaosDashCurse,TraitSetData,TraitSetData.Chaos,TraitData_Chaos.lua,defined,4,ChaosCurse;ChaosCurseRemainingEncounters,ChaosDashCurse,蹒跚混沌,,1.139672,24556151
ChaosDeathWeaponCurse,TraitSetData,TraitSetData.Chaos,TraitData_Chaos.lua,defined,3,ChaosCurse;ChaosCurseRemainingEncounters;ChaosLegacyTrait,ChaosDeathWeaponCurse,尖刻混沌,,1.139672,24556151
ChaosDoorHealBlessing,TraitSetData,TraitSetData.Chaos,TraitData_Chaos.lua,defined,6,ChaosBlessing,ChaosDoorHealBlessing,混沌复苏,,1.139672,24556151
ChaosElementalBlessing,TraitSetData,TraitSetData.Chaos,TraitData_Chaos.lua,defined,8,ChaosBlessing,ChaosElementalBlessing,混沌创造,,1.139672,24556151
ChaosExAttackCurse,TraitSetData,TraitSetData.Chaos,TraitData_Chaos.lua,defined,4,ChaosCurse;ChaosCurseRemainingEncounters,ChaosExAttackCurse,失声混沌,,1.139672,24556151
ChaosExSpeedBlessing,TraitSetData,TraitSetData.Chaos,TraitData_Chaos.lua,defined,7,ChaosBlessing,ChaosExSpeedBlessing,混沌觉醒,,1.139672,24556151
ChaosHarvestBlessing,TraitSetData,TraitSetData.Chaos,TraitData_Chaos.lua,defined,8,ChaosBlessing,ChaosHarvestBlessing,混沌发现,,1.139672,24556151
ChaosHealthBlessing,TraitSetData,TraitSetData.Chaos,TraitData_Chaos.lua,defined,6,ChaosBlessing;ChaosLegacyTrait,ChaosHealthBlessing,混沌之魂,,1.139672,24556151
ChaosHealthCurse,TraitSetData,TraitSetData.Chaos,TraitData_Chaos.lua,defined,5,ChaosCurse;ChaosCurseRemainingEncounters;ChaosLegacyTrait,ChaosHealthCurse,衰竭混沌,,1.139672,24556151
ChaosHiddenRoomRewardCurse,TraitSetData,TraitSetData.Chaos,TraitData_Chaos.lua,defined,6,ChaosCurse;ChaosLegacyTrait,ChaosHiddenRoomRewardCurse,迷茫混沌,,1.139672,24556151
ChaosLastStandBlessing,TraitSetData,TraitSetData.Chaos,TraitData_Chaos.lua,defined,8,ChaosBlessingTrait;ChaosLegacyTrait,ChaosLastStandBlessing,混沌顽抗,,1.139672,24556151
ChaosLegacyTrait,TraitSetData,TraitSetData.Chaos,TraitData_Chaos.lua,debug_only,3,,,,,1.139672,24556151
ChaosManaBlessing,TraitSetData,TraitSetData.Chaos,TraitData_Chaos.lua,defined,5,ChaosBlessing,ChaosManaBlessing,混沌之念,,1.139672,24556151
ChaosManaCostBlessing,TraitSetData,TraitSetData.Chaos,TraitData_Chaos.lua,defined,6,ChaosBlessing,ChaosManaCostBlessing,混沌才艺,,1.139672,24556151
ChaosManaFocusCurse,TraitSetData,TraitSetData.Chaos,TraitData_Chaos.lua,defined,3,ChaosCurse;ChaosCurseRemainingEncounters,ChaosManaFocusCurse,执迷混沌,,1.139672,24556151
ChaosManaOverTimeBlessing,TraitSetData,TraitSetData.Chaos,TraitData_Chaos.lua,defined,7,ChaosBlessing;ManaOverTimeSource,ChaosManaOverTimeBlessing,混沌之志,SetManaRegenUnique,1.139672,24556151
ChaosMetaUpgradeCurse,TraitSetData,TraitSetData.Chaos,TraitData_Chaos.lua,defined,8,ChaosCurse;ChaosCurseRemainingEncounters,ChaosMetaUpgradeCurse,匮乏混沌,RemoveArcana,1.139672,24556151
ChaosMoneyBlessing,TraitSetData,TraitSetData.Chaos,TraitData_Chaos.lua,defined,6,ChaosBlessing;ChaosLegacyTrait,ChaosMoneyBlessing,混沌之财,,1.139672,24556151
ChaosNoMoneyCurse,TraitSetData,TraitSetData.Chaos,TraitData_Chaos.lua,defined,3,ChaosCurse;ChaosCurseRemainingEncounters;ChaosLegacyTrait,ChaosNoMoneyCurse,潦倒混沌,,1.139672,24556151
ChaosOmegaDamageBlessing,TraitSetData,TraitSetData.Chaos,TraitData_Chaos.lua,defined,10,UnityTrait;ChaosBlessing,ChaosOmegaDamageBlessing,混沌咏唱,,1.139672,24556151
ChaosPrimaryAttackCurse,TraitSetData,TraitSetData.Chaos,TraitData_Chaos.lua,defined,5,ChaosCurse;ChaosCurseRemainingEncounters;ChaosLegacyTrait,ChaosPrimaryAttackCurse,残缺混沌,,1.139672,24556151
ChaosRarityBlessing,TraitSetData,TraitSetData.Chaos,TraitData_Chaos.lua,defined,6,ChaosBlessing;ChaosLegacyTrait,ChaosRarityBlessing,混沌之眷,,1.139672,24556151
ChaosRestrictBoonCurse,TraitSetData,TraitSetData.Chaos,TraitData_Chaos.lua,defined,5,ChaosCurse,ChaosRestrictBoonCurse,拒却混沌,,1.139672,24556151
ChaosSecondaryAttackCurse,TraitSetData,TraitSetData.Chaos,TraitData_Chaos.lua,defined,5,ChaosCurse;ChaosCurseRemainingEncounters;ChaosLegacyTrait,ChaosSecondaryAttackCurse,剥离混沌,,1.139672,24556151
ChaosSpecialBlessing,TraitSetData,TraitSetData.Chaos,TraitData_Chaos.lua,defined,5,ChaosBlessing;ChaosLegacyTrait,ChaosSpecialBlessing,混沌绝技,,1.139672,24556151
ChaosSpeedBlessing,TraitSetData,TraitSetData.Chaos,TraitData_Chaos.lua,defined,6,ChaosBlessing,ChaosSpeedBlessing,混沌之速,,1.139672,24556151
ChaosSpeedCurse,TraitSetData,TraitSetData.Chaos,TraitData_Chaos.lua,defined,5,ChaosCurse;ChaosCurseRemainingEncounters,ChaosSpeedCurse,怠惰混沌,,1.139672,24556151
ChaosStunCurse,TraitSetData,TraitSetData.Chaos,TraitData_Chaos.lua,defined,4,ChaosCurse;ChaosCurseRemainingEncounters,ChaosStunCurse,麻痹混沌,,1.139672,24556151
ChaosTimeCurse,TraitSetData,TraitSetData.Chaos,TraitData_Chaos.lua,defined,7,ChaosCurse;ChaosCurseRemainingEncounters,ChaosTimeCurse,仓促混沌,StartChaosTimer,1.139672,24556151
ChaosWeaponBlessing,TraitSetData,TraitSetData.Chaos,TraitData_Chaos.lua,defined,5,ChaosBlessing;ChaosLegacyTrait,ChaosWeaponBlessing,混沌打击,,1.139672,24556151
ChargeRegenTalent,TraitSetData,TraitSetData.Talents,TraitData_Talent.lua,defined,6,SpellTalentTrait,ChargeRegenTalent,成长,,1.139672,24556151
ClearCastTalent,TraitSetData,TraitSetData.Talents,TraitData_Talent.lua,defined,8,SpellTalentTrait;LegendaryTalent,ClearCastTalent,明晰,,1.139672,24556151
CooldownDamageTalent,TraitSetData,TraitSetData.Talents,TraitData_Talent.lua,defined,5,SpellTalentTrait,CooldownDamageTalent,决意,,1.139672,24556151
CooldownDefenseTalent,TraitSetData,TraitSetData.Talents,TraitData_Talent.lua,defined,5,SpellTalentTrait,CooldownDefenseTalent,坚毅,,1.139672,24556151
CostumeTrait,TraitSetData,TraitSetData.Base,TraitData.lua,debug_only,4,,,,,1.139672,24556151
CritFamiliar,TraitSetData,TraitSetData.Familiar,FamiliarData.lua,defined,8,FamiliarTrait,CritFamiliar,拉奇,,1.139672,24556151
CurrencyUseTalent,TraitSetData,TraitSetData.Talents,TraitData_Talent.lua,defined,4,SpellTalentTrait,CurrencyUseTalent,福缘,,1.139672,24556151
DaggerBackstabAspect,TraitSetData,TraitSetData.Aspects,TraitData_Aspect.lua,defined,10,WeaponEnchantmentTrait,DaggerBackstabAspect,墨利诺厄形态,,1.139672,24556151
DaggerBlockAspect,TraitSetData,TraitSetData.Aspects,TraitData_Aspect.lua,defined,18,WeaponEnchantmentTrait,DaggerBlockAspect,阿尔忒弥斯形态,,1.139672,24556151
DaggerHomingThrowAspect,TraitSetData,TraitSetData.Aspects,TraitData_Aspect.lua,defined,13,WeaponEnchantmentTrait,DaggerHomingThrowAspect,潘形态,,1.139672,24556151
DaggerTripleAspect,TraitSetData,TraitSetData.Aspects,TraitData_Aspect.lua,defined,19,WeaponEnchantmentTrait,DaggerTripleAspect,摩莉甘形态,,1.139672,24556151
DamageBuffTalent,TraitSetData,TraitSetData.Talents,TraitData_Talent.lua,defined,5,SpellTalentTrait,DamageBuffTalent,热忱,,1.139672,24556151
DamagedDamageBoostKeepsake,TraitSetData,TraitSetData.Keepsakes,TraitData_Keepsake.lua,defined,9,GiftTrait,DamagedDamageBoostKeepsake,黑羊毛,,1.139672,24556151
DeathVengeanceKeepsake,TraitSetData,TraitSetData.Keepsakes,TraitData_Keepsake.lua,defined,9,GiftTrait,DeathVengeanceKeepsake,邪眼,,1.139672,24556151
DecayingBoostKeepsake,TraitSetData,TraitSetData.Keepsakes,TraitData_Keepsake.lua,defined,15,GiftTrait,DecayingBoostKeepsake,狮牙,,1.139672,24556151
DigFamiliar,TraitSetData,TraitSetData.Familiar,FamiliarData.lua,defined,8,FamiliarTrait,DigFamiliar,赫库芭,,1.139672,24556151
DodgeBonusMetaUpgrade,TraitSetData,TraitSetData.MetaUpgrade,TraitData_MetaUpgrade.lua,defined,11,MetaUpgradeTrait,DodgeBonusMetaUpgrade,信使,,1.139672,24556151
DodgeFamiliar,TraitSetData,TraitSetData.Familiar,FamiliarData.lua,defined,10,FamiliarTrait,DodgeFamiliar,加莉,,1.139672,24556151
DoorHealMetaUpgrade,TraitSetData,TraitSetData.MetaUpgrade,TraitData_MetaUpgrade.lua,defined,6,MetaUpgradeTrait,DoorHealMetaUpgrade,逆子,,1.139672,24556151
DoorHealReserveKeepsake,TraitSetData,TraitSetData.Keepsakes,TraitData_Keepsake.lua,defined,11,GiftTrait,DoorHealReserveKeepsake,幽灵洋葱,,1.139672,24556151
DoorRerollMetaUpgrade,TraitSetData,TraitSetData.MetaUpgrade,TraitData_MetaUpgrade.lua,defined,6,MetaUpgradeTrait,DoorRerollMetaUpgrade,巫术师,,1.139672,24556151
DummyWeaponAxe,TraitSetData,TraitSetData.DummyWeapons,TraitData.lua,defined,5,BaseDummyWeapon,,,,1.139672,24556151
DummyWeaponDagger,TraitSetData,TraitSetData.DummyWeapons,TraitData.lua,defined,5,BaseDummyWeapon,,,,1.139672,24556151
DummyWeaponLob,TraitSetData,TraitSetData.DummyWeapons,TraitData.lua,defined,5,BaseDummyWeapon,,,,1.139672,24556151
DummyWeaponStaff,TraitSetData,TraitSetData.DummyWeapons,TraitData.lua,defined,5,BaseDummyWeapon,,,,1.139672,24556151
DummyWeaponSuit,TraitSetData,TraitSetData.DummyWeapons,TraitData.lua,defined,5,BaseDummyWeapon,,,,1.139672,24556151
DummyWeaponTorch,TraitSetData,TraitSetData.DummyWeapons,TraitData.lua,defined,5,BaseDummyWeapon,,,,1.139672,24556151
DuoRarityBoostMetaUpgrade,TraitSetData,TraitSetData.MetaUpgrade,TraitData_MetaUpgrade.lua,defined,5,MetaUpgradeTrait,DuoRarityBoostMetaUpgrade,王后,,1.139672,24556151
EarthBoon,TraitSetData,TraitSetData.Base,TraitData.lua,debug_only,2,,EarthBoon,{!Icons.CurseEarth}土,,1.139672,24556151
EarthEssence,TraitSetData,TraitSetData.Essence,TraitData_Essence.lua,defined,4,EarthBoon,,,,1.139672,24556151
EffectVulnerabilityMetaUpgrade,TraitSetData,TraitSetData.MetaUpgrade,TraitData_MetaUpgrade.lua,defined,5,MetaUpgradeTrait,EffectVulnerabilityMetaUpgrade,起源,,1.139672,24556151
ElementalEssence,TraitSetData,TraitSetData.Essence,TraitData_Essence.lua,defined,2,,ElementalEssence,{!Icons.CurseEarth}{!Icons.CurseWater}{!Icons.CurseAir}{!Icons.CurseFire},,1.139672,24556151
EpicRarityBoostMetaUpgrade,TraitSetData,TraitSetData.MetaUpgrade,TraitData_MetaUpgrade.lua,defined,5,MetaUpgradeTrait,EpicRarityBoostMetaUpgrade,神性,,1.139672,24556151
ErisCurseTrait,TraitSetData,TraitSetData.Base,TraitData.lua,defined,7,,ErisCurseTrait,纷争化身的“祝福”,,1.139672,24556151
EscalatingKeepsake,TraitSetData,TraitSetData.Keepsakes,TraitData_Keepsake.lua,defined,15,GiftTrait,EscalatingKeepsake,不谐铃铛,,1.139672,24556151
ExtendedShopTrait,TraitSetData,TraitSetData.Store,TraitData_Store.lua,defined,7,ShopTrait,ExtendedShopTrait,古老的封印,,1.139672,24556151
FallbackGold,TraitSetData,TraitSetData.Base,TraitData.lua,defined,7,BaseTrait,FallbackGold,资金补给,GiveRandomConsumables,1.139672,24556151
FamiliarCatAttacks,TraitSetData,TraitSetData.Familiar,FamiliarData.lua,defined,3,,,,,1.139672,24556151
FamiliarCatResourceBonus,TraitSetData,TraitSetData.Familiar,FamiliarData.lua,defined,3,,,,,1.139672,24556151
FamiliarFrogDamage,TraitSetData,TraitSetData.Familiar,FamiliarData.lua,defined,3,,,,,1.139672,24556151
FamiliarFrogResourceBonus,TraitSetData,TraitSetData.Familiar,FamiliarData.lua,defined,3,,,,,1.139672,24556151
FamiliarHoundBarkDuration,TraitSetData,TraitSetData.Familiar,FamiliarData.lua,defined,4,,,,,1.139672,24556151
FamiliarHoundResourceBonus,TraitSetData,TraitSetData.Familiar,FamiliarData.lua,defined,3,,,,,1.139672,24556151
FamiliarPolecatDamage,TraitSetData,TraitSetData.Familiar,FamiliarData.lua,defined,4,,,,,1.139672,24556151
FamiliarPolecatResourceBonus,TraitSetData,TraitSetData.Familiar,FamiliarData.lua,defined,3,,,,,1.139672,24556151
FamiliarRavenAttackDuration,TraitSetData,TraitSetData.Familiar,FamiliarData.lua,defined,4,,,,,1.139672,24556151
FamiliarRavenResourceBonus,TraitSetData,TraitSetData.Familiar,FamiliarData.lua,defined,3,,,,,1.139672,24556151
FamiliarTrait,TraitSetData,TraitSetData.Familiar,FamiliarData.lua,debug_only,6,,,,,1.139672,24556151
FireBoon,TraitSetData,TraitSetData.Base,TraitData.lua,debug_only,2,,FireBoon,{!Icons.CurseFire}火,,1.139672,24556151
FireEssence,TraitSetData,TraitSetData.Essence,TraitData_Essence.lua,defined,4,FireBoon,,,,1.139672,24556151
FirstHitHealTrait,TraitSetData,TraitSetData.Store,TraitData_Store.lua,defined,9,ShopTrait,FirstHitHealTrait,厄洛斯之息,,1.139672,24556151
ForceAphroditeBoonKeepsake,TraitSetData,TraitSetData.Keepsakes,TraitData_Keepsake.lua,defined,12,BaseBoonUpgradeKeepsake,ForceAphroditeBoonKeepsake,美丽妆镜,RewardStoreAddPriority,1.139672,24556151
ForceApolloBoonKeepsake,TraitSetData,TraitSetData.Keepsakes,TraitData_Keepsake.lua,defined,12,BaseBoonUpgradeKeepsake,ForceApolloBoonKeepsake,和煦光子,RewardStoreAddPriority,1.139672,24556151
ForceAresBoonKeepsake,TraitSetData,TraitSetData.Keepsakes,TraitData_Keepsake.lua,defined,12,BaseBoonUpgradeKeepsake,ForceAresBoonKeepsake,断剑之柄,RewardStoreAddPriority,1.139672,24556151
ForceCommonAppearanceTrait,TraitSetData,TraitSetData.Base,TraitData.lua,debug_only,6,,,,,1.139672,24556151
ForceDemeterBoonKeepsake,TraitSetData,TraitSetData.Keepsakes,TraitData_Keepsake.lua,defined,12,BaseBoonUpgradeKeepsake,ForceDemeterBoonKeepsake,金穗麦束,RewardStoreAddPriority,1.139672,24556151
ForceDuoAppearanceTrait,TraitSetData,TraitSetData.Base,TraitData.lua,debug_only,6,,,,,1.139672,24556151
ForceHephaestusBoonKeepsake,TraitSetData,TraitSetData.Keepsakes,TraitData_Keepsake.lua,defined,12,BaseBoonUpgradeKeepsake,ForceHephaestusBoonKeepsake,精金碎片,RewardStoreAddPriority,1.139672,24556151
ForceHeraBoonKeepsake,TraitSetData,TraitSetData.Keepsakes,TraitData_Keepsake.lua,defined,12,BaseBoonUpgradeKeepsake,ForceHeraBoonKeepsake,华彩手扇,RewardStoreAddPriority,1.139672,24556151
ForceHestiaBoonKeepsake,TraitSetData,TraitSetData.Keepsakes,TraitData_Keepsake.lua,defined,12,BaseBoonUpgradeKeepsake,ForceHestiaBoonKeepsake,长燃之烬,RewardStoreAddPriority,1.139672,24556151
ForcePoseidonBoonKeepsake,TraitSetData,TraitSetData.Keepsakes,TraitData_Keepsake.lua,defined,12,BaseBoonUpgradeKeepsake,ForcePoseidonBoonKeepsake,波漾之海,RewardStoreAddPriority,1.139672,24556151
ForceZeusBoonKeepsake,TraitSetData,TraitSetData.Keepsakes,TraitData_Keepsake.lua,defined,12,BaseBoonUpgradeKeepsake,ForceZeusBoonKeepsake,云纹手镯,RewardStoreAddPriority,1.139672,24556151
FountainRarityKeepsake,TraitSetData,TraitSetData.Keepsakes,TraitData_Keepsake.lua,defined,13,GiftTrait,FountainRarityKeepsake,馥郁小瓶,,1.139672,24556151
GiftTrait,TraitSetData,TraitSetData.Keepsakes,TraitData_Keepsake.lua,debug_only,20,,,,,1.139672,24556151
GodModeTrait,TraitSetData,TraitSetData.Base,TraitData.lua,defined,4,,GodModeTrait,机械降神,,1.139672,24556151
GoldifyKeepsake,TraitSetData,TraitSetData.Keepsakes,TraitData_Keepsake.lua,defined,11,GiftTrait,GoldifyKeepsake,时间腕饰,,1.139672,24556151
HadesAndPersephoneKeepsake,TraitSetData,TraitSetData.Keepsakes,TraitData_Keepsake.lua,defined,12,GiftTrait,HadesAndPersephoneKeepsake,璀璨石榴,GiveRandomHadesBoonAndBoostBoons,1.139672,24556151
HealAmountTalent,TraitSetData,TraitSetData.Talents,TraitData_Talent.lua,defined,6,SpellTalentTrait,HealAmountTalent,活力,,1.139672,24556151
HealLastTalent,TraitSetData,TraitSetData.Talents,TraitData_Talent.lua,defined,5,SpellTalentTrait;LegendaryTalent,HealLastTalent,灵药,,1.139672,24556151
HealRetaliateTalent,TraitSetData,TraitSetData.Talents,TraitData_Talent.lua,defined,7,SpellTalentTrait;LegendaryTalent,HealRetaliateTalent,神罚,,1.139672,24556151
HealthFamiliar,TraitSetData,TraitSetData.Familiar,FamiliarData.lua,defined,8,FamiliarTrait,HealthFamiliar,弗利诺斯,,1.139672,24556151
HealthManaBonusMetaUpgrade,TraitSetData,TraitSetData.MetaUpgrade,TraitData_MetaUpgrade.lua,defined,4,MetaUpgradeTrait,HealthManaBonusMetaUpgrade,坚毅,,1.139672,24556151
InPersonOlympianTrait,TraitSetData,TraitSetData.Base,TraitData.lua,debug_only,2,,,,,1.139672,24556151
InfernalContractBoon,TraitSetData,TraitSetData.Base,TraitData.lua,defined,3,,InfernalContractBoon,至福乐土最强战士 *,,1.139672,24556151
InsideCastBuffMetaUpgrade,TraitSetData,TraitSetData.MetaUpgrade,TraitData_MetaUpgrade.lua,defined,4,MetaUpgradeTrait,InsideCastBuffMetaUpgrade,复仇三女神,,1.139672,24556151
LaserAoETalent,TraitSetData,TraitSetData.Talents,TraitData_Talent.lua,defined,3,SpellTalentTrait;LegendaryTalent,LaserAoETalent,辐射,,1.139672,24556151
LaserApolloTalent,TraitSetData,TraitSetData.Talents,TraitData_Talent.lua,defined,8,SpellTalentTrait;LegendaryTalent;ForceDuoAppearanceTrait,LaserApolloTalent,阿波罗的光耀,,1.139672,24556151
LaserCrystalTalent,TraitSetData,TraitSetData.Talents,TraitData_Talent.lua,defined,6,SpellTalentTrait;LegendaryTalent,LaserCrystalTalent,长明,,1.139672,24556151
LaserDamageTalent,TraitSetData,TraitSetData.Talents,TraitData_Talent.lua,defined,5,SpellTalentTrait,LaserDamageTalent,刺目,,1.139672,24556151
LaserDefenseTalent,TraitSetData,TraitSetData.Talents,TraitData_Talent.lua,defined,7,SpellTalentTrait,LaserDefenseTalent,忍耐,,1.139672,24556151
LaserDurationTalent,TraitSetData,TraitSetData.Talents,TraitData_Talent.lua,defined,5,SpellTalentTrait;LegendaryTalent,LaserDurationTalent,久续,,1.139672,24556151
LaserFirstHitDamageTalent,TraitSetData,TraitSetData.Talents,TraitData_Talent.lua,defined,5,SpellTalentTrait;LegendaryTalent,LaserFirstHitDamageTalent,触动,,1.139672,24556151
LaserPenetrationTalent,TraitSetData,TraitSetData.Talents,TraitData_Talent.lua,defined,3,SpellTalentTrait;LegendaryTalent,LaserPenetrationTalent,贯穿,,1.139672,24556151
LaserStartAoETalent,TraitSetData,TraitSetData.Talents,TraitData_Talent.lua,defined,4,SpellTalentTrait;LegendaryTalent,LaserStartAoETalent,溢流,,1.139672,24556151
LaserTripleTalent,TraitSetData,TraitSetData.Talents,TraitData_Talent.lua,defined,6,SpellTalentTrait;LegendaryTalent,LaserTripleTalent,三岔,,1.139672,24556151
LastStandFamiliar,TraitSetData,TraitSetData.Familiar,FamiliarData.lua,defined,9,FamiliarTrait,LastStandFamiliar,图拉,,1.139672,24556151
LastStandSlowTimeMetaUpgrade,TraitSetData,TraitSetData.MetaUpgrade,TraitData_MetaUpgrade.lua,defined,4,MetaUpgradeTrait,LastStandSlowTimeMetaUpgrade,死神,,1.139672,24556151
LeapAoETalent,TraitSetData,TraitSetData.Talents,TraitData_Talent.lua,defined,4,SpellTalentTrait,LeapAoETalent,扫荡,,1.139672,24556151
LeapArmorDamageTalent,TraitSetData,TraitSetData.Talents,TraitData_Talent.lua,defined,4,SpellTalentTrait,LeapArmorDamageTalent,饥饿,,1.139672,24556151
LeapCooldownSpeedTalent,TraitSetData,TraitSetData.Talents,TraitData_Talent.lua,defined,4,SpellTalentTrait,LeapCooldownSpeedTalent,迫切,,1.139672,24556151
LeapCritTalent,TraitSetData,TraitSetData.Talents,TraitData_Talent.lua,defined,8,SpellTalentTrait,LeapCritTalent,致命,,1.139672,24556151
LeapDamageTalent,TraitSetData,TraitSetData.Talents,TraitData_Talent.lua,defined,4,SpellTalentTrait,LeapDamageTalent,直觉,,1.139672,24556151
LeapHephaestusTalent,TraitSetData,TraitSetData.Talents,TraitData_Talent.lua,defined,8,SpellTalentTrait;LegendaryTalent;ForceDuoAppearanceTrait,LeapHephaestusTalent,赫菲斯托斯的锤炼,,1.139672,24556151
LeapLaunchAoETalent,TraitSetData,TraitSetData.Talents,TraitData_Talent.lua,defined,2,SpellTalentTrait,LeapLaunchAoETalent,起落,,1.139672,24556151
LeapShieldTalent,TraitSetData,TraitSetData.Talents,TraitData_Talent.lua,defined,10,SpellTalentTrait,LeapShieldTalent,坚韧,,1.139672,24556151
LeapSprintTalent,TraitSetData,TraitSetData.Talents,TraitData_Talent.lua,defined,4,SpellTalentTrait;LegendaryTalent,LeapSprintTalent,震颤,,1.139672,24556151
LeapTwiceTalent,TraitSetData,TraitSetData.Talents,TraitData_Talent.lua,defined,7,SpellTalentTrait;LegendaryTalent,LeapTwiceTalent,凶蛮,,1.139672,24556151
LegacyTrait,TraitSetData,TraitSetData.Base,TraitData.lua,debug_only,2,,,,,1.139672,24556151
LegendaryTalent,TraitSetData,TraitSetData.Talents,TraitData_Talent.lua,debug_only,2,,,,,1.139672,24556151
LegendaryTrait,TraitSetData,TraitSetData.Base,TraitData.lua,debug_only,4,,,,,1.139672,24556151
LimitedSwapBonusTrait,TraitSetData,TraitSetData.Store,TraitData_Store.lua,defined,9,ShopTrait,LimitedSwapBonusTrait,牺牲圣诗,,1.139672,24556151
LobAmmoBoostAspect,TraitSetData,TraitSetData.Aspects,TraitData_Aspect.lua,defined,12,WeaponEnchantmentTrait,LobAmmoBoostAspect,墨利诺厄形态,,1.139672,24556151
LobCloseAttackAspect,TraitSetData,TraitSetData.Aspects,TraitData_Aspect.lua,defined,17,WeaponEnchantmentTrait,LobCloseAttackAspect,美狄亚形态,,1.139672,24556151
LobGunAspect,TraitSetData,TraitSetData.Aspects,TraitData_Aspect.lua,defined,16,WeaponEnchantmentTrait,LobGunAspect,海拉形态,,1.139672,24556151
LobImpulseAspect,TraitSetData,TraitSetData.Aspects,TraitData_Aspect.lua,defined,17,WeaponEnchantmentTrait,LobImpulseAspect,珀尔塞福涅形态,,1.139672,24556151
LowHealthBuffMetaUpgrade,TraitSetData,TraitSetData.MetaUpgrade,TraitData_MetaUpgrade.lua,defined,8,MetaUpgradeTrait,LowHealthBuffMetaUpgrade,力量,,1.139672,24556151
LowHealthCritKeepsake,TraitSetData,TraitSetData.Keepsakes,TraitData_Keepsake.lua,defined,13,GiftTrait,LowHealthCritKeepsake,雪白鹿角,,1.139672,24556151
LowManaDamageMetaupgrade,TraitSetData,TraitSetData.MetaUpgrade,TraitData_MetaUpgrade.lua,defined,5,MetaUpgradeTrait,LowManaDamageMetaupgrade,猎手,,1.139672,24556151
MagicCritMetaUpgrade,TraitSetData,TraitSetData.MetaUpgrade,TraitData_MetaUpgrade.lua,defined,7,MetaUpgradeTrait,MagicCritMetaUpgrade,黑夜,,1.139672,24556151
ManaOverTimeMetaUpgrade,TraitSetData,TraitSetData.MetaUpgrade,TraitData_MetaUpgrade.lua,defined,5,MetaUpgradeTrait;ManaOverTimeSource,ManaOverTimeMetaUpgrade,匿踪者,,1.139672,24556151
ManaOverTimeRefundKeepsake,TraitSetData,TraitSetData.Keepsakes,TraitData_Keepsake.lua,defined,11,GiftTrait,ManaOverTimeRefundKeepsake,银轮,KeepsakeAddMaxMana,1.139672,24556151
ManaOverTimeRefundTrait,TraitSetData,TraitSetData.Store,TraitData_Store.lua,defined,8,ShopTrait,ManaOverTimeRefundTrait,薄雾面纱,,1.139672,24556151
ManaOverTimeSource,TraitSetData,TraitSetData.Base,TraitData.lua,debug_only,2,,,,,1.139672,24556151
MetaToRunMetaUpgrade,TraitSetData,TraitSetData.MetaUpgrade,TraitData_MetaUpgrade.lua,defined,4,MetaUpgradeTrait,MetaToRunMetaUpgrade,巧匠,,1.139672,24556151
MetaUpgradeTrait,TraitSetData,TraitSetData.MetaUpgrade,TraitData_MetaUpgrade.lua,debug_only,5,,,,,1.139672,24556151
MeteorChargeTalent,TraitSetData,TraitSetData.Talents,TraitData_Talent.lua,defined,4,SpellTalentTrait;LegendaryTalent,MeteorChargeTalent,果报,,1.139672,24556151
MeteorDamageTalent,TraitSetData,TraitSetData.Talents,TraitData_Talent.lua,defined,4,SpellTalentTrait,MeteorDamageTalent,质量,,1.139672,24556151
MeteorDoubleTalent,TraitSetData,TraitSetData.Talents,TraitData_Talent.lua,defined,6,SpellTalentTrait;LegendaryTalent,MeteorDoubleTalent,反复,,1.139672,24556151
MeteorExCastTalent,TraitSetData,TraitSetData.Talents,TraitData_Talent.lua,defined,6,SpellTalentTrait,MeteorExCastTalent,万全,,1.139672,24556151
MeteorHestiaTalent,TraitSetData,TraitSetData.Talents,TraitData_Talent.lua,defined,9,SpellTalentTrait;LegendaryTalent;ForceDuoAppearanceTrait,MeteorHestiaTalent,赫斯提亚的炉火,,1.139672,24556151
MeteorInvulnerableChargeTalent,TraitSetData,TraitSetData.Talents,TraitData_Talent.lua,defined,9,SpellTalentTrait;LegendaryTalent,MeteorInvulnerableChargeTalent,辉耀,,1.139672,24556151
MeteorShowerTalent,TraitSetData,TraitSetData.Talents,TraitData_Talent.lua,defined,4,SpellTalentTrait;LegendaryTalent,MeteorShowerTalent,爆裂,,1.139672,24556151
MeteorSizeTalent,TraitSetData,TraitSetData.Talents,TraitData_Talent.lua,defined,4,SpellTalentTrait,MeteorSizeTalent,浩瀚,,1.139672,24556151
MeteorSlowDecalTalent,TraitSetData,TraitSetData.Talents,TraitData_Talent.lua,defined,4,SpellTalentTrait;LegendaryTalent,MeteorSlowDecalTalent,禁锢,,1.139672,24556151
MeteorVulnerabilityDecalTalent,TraitSetData,TraitSetData.Talents,TraitData_Talent.lua,defined,4,SpellTalentTrait;LegendaryTalent,MeteorVulnerabilityDecalTalent,脆弱,,1.139672,24556151
MinorArmorBoon,TraitSetData,TraitSetData.Essence,TraitData_Essence.lua,defined,6,CostumeTrait,,,,1.139672,24556151
MoonBeamAresTalent,TraitSetData,TraitSetData.Talents,TraitData_Talent.lua,defined,10,SpellTalentTrait;MoonBeamTalentTrait;LegendaryTalent;ForceDuoAppearanceTrait,MoonBeamAresTalent,阿瑞斯的长枪,,1.139672,24556151
MoonBeamConsecutiveDamageTalent,TraitSetData,TraitSetData.Talents,TraitData_Talent.lua,defined,5,SpellTalentTrait;MoonBeamTalentTrait,MoonBeamConsecutiveDamageTalent,凶残,,1.139672,24556151
MoonBeamCountTalent,TraitSetData,TraitSetData.Talents,TraitData_Talent.lua,defined,4,SpellTalentTrait;MoonBeamTalentTrait,MoonBeamCountTalent,耀光,,1.139672,24556151
MoonBeamDamageTalent,TraitSetData,TraitSetData.Talents,TraitData_Talent.lua,defined,4,SpellTalentTrait;MoonBeamTalentTrait,MoonBeamDamageTalent,锋芒,,1.139672,24556151
MoonBeamDefenseTalent,TraitSetData,TraitSetData.Talents,TraitData_Talent.lua,defined,4,SpellTalentTrait;MoonBeamTalentTrait,MoonBeamDefenseTalent,沉着,,1.139672,24556151
MoonBeamExBeamBonusTalent,TraitSetData,TraitSetData.Talents,TraitData_Talent.lua,defined,6,SpellTalentTrait;MoonBeamTalentTrait,MoonBeamExBeamBonusTalent,倾曳,,1.139672,24556151
MoonBeamPrimaryTalent,TraitSetData,TraitSetData.Talents,TraitData_Talent.lua,defined,4,SpellTalentTrait;MoonBeamTalentTrait,MoonBeamPrimaryTalent,雄心,,1.139672,24556151
MoonBeamTalentTrait,TraitSetData,TraitSetData.Talents,TraitData_Talent.lua,debug_only,2,,,,,1.139672,24556151
MoonBeamTargetTalent,TraitSetData,TraitSetData.Talents,TraitData_Talent.lua,defined,6,SpellTalentTrait;MoonBeamTalentTrait,MoonBeamTargetTalent,绚烂,,1.139672,24556151
MoonBeamVulnerabilityTalent,TraitSetData,TraitSetData.Talents,TraitData_Talent.lua,defined,4,SpellTalentTrait;MoonBeamTalentTrait,MoonBeamVulnerabilityTalent,噩兆,,1.139672,24556151
OlympianSpellCountTalent,TraitSetData,TraitSetData.Talents,TraitData_Talent.lua,defined,5,SpellTalentTrait,OlympianSpellCountTalent,福荫,,1.139672,24556151
PanelRerollMetaUpgrade,TraitSetData,TraitSetData.MetaUpgrade,TraitData_MetaUpgrade.lua,defined,5,MetaUpgradeTrait,PanelRerollMetaUpgrade,斗士,,1.139672,24556151
PersistentDionysusSkipKeepsake,TraitSetData,TraitSetData.Keepsakes,TraitData_Keepsake.lua,defined,10,,PersistentDionysusSkipKeepsake,无花果叶,,1.139672,24556151
PolymorphBossDamageTalent,TraitSetData,TraitSetData.Talents,TraitData_Talent.lua,defined,5,SpellTalentTrait;LegendaryTalent,PolymorphBossDamageTalent,雄心,,1.139672,24556151
PolymorphCurseTalent,TraitSetData,TraitSetData.Talents,TraitData_Talent.lua,defined,7,SpellTalentTrait;LegendaryTalent,PolymorphCurseTalent,蚕食,,1.139672,24556151
PolymorphDamageTalent,TraitSetData,TraitSetData.Talents,TraitData_Talent.lua,defined,6,SpellTalentTrait,PolymorphDamageTalent,暴露,,1.139672,24556151
PolymorphDeathExplodeTalent,TraitSetData,TraitSetData.Talents,TraitData_Talent.lua,defined,5,SpellTalentTrait,PolymorphDeathExplodeTalent,灭绝,,1.139672,24556151
PolymorphDurationTalent,TraitSetData,TraitSetData.Talents,TraitData_Talent.lua,defined,7,SpellTalentTrait,PolymorphDurationTalent,屈辱,,1.139672,24556151
PolymorphHealthCrushTalent,TraitSetData,TraitSetData.Talents,TraitData_Talent.lua,defined,4,SpellTalentTrait;LegendaryTalent,PolymorphHealthCrushTalent,衰败,,1.139672,24556151
PolymorphSandwichTalent,TraitSetData,TraitSetData.Talents,TraitData_Talent.lua,defined,9,SpellTalentTrait;LegendaryTalent,PolymorphSandwichTalent,食粮,,1.139672,24556151
PolymorphTauntTalent,TraitSetData,TraitSetData.Talents,TraitData_Talent.lua,defined,5,SpellTalentTrait,PolymorphTauntTalent,散布,,1.139672,24556151
PolymorphTeleportCastTalent,TraitSetData,TraitSetData.Talents,TraitData_Talent.lua,defined,4,SpellTalentTrait;LegendaryTalent,PolymorphTeleportCastTalent,召集,,1.139672,24556151
PolymorphZeusTalent,TraitSetData,TraitSetData.Talents,TraitData_Talent.lua,defined,9,LegendaryTalent;SpellTalentTrait;ForceDuoAppearanceTrait,PolymorphZeusTalent,宙斯的雷霆,,1.139672,24556151
PotionExCastTalent,TraitSetData,TraitSetData.Talents,TraitData_Talent.lua,defined,8,SpellTalentTrait,PotionExCastTalent,饱和,,1.139672,24556151
PotionManaRestoreTalent,TraitSetData,TraitSetData.Talents,TraitData_Talent.lua,defined,4,SpellTalentTrait,PotionManaRestoreTalent,纯净,,1.139672,24556151
PotionPoseidonTalent,TraitSetData,TraitSetData.Talents,TraitData_Talent.lua,defined,9,LegendaryTalent;SpellTalentTrait;ForceDuoAppearanceTrait,PotionPoseidonTalent,波塞冬的骄傲,,1.139672,24556151
PotionUsesTalent,TraitSetData,TraitSetData.Talents,TraitData_Talent.lua,defined,7,SpellTalentTrait,PotionUsesTalent,丰足,GrantPotionBonusCharges,1.139672,24556151
PreChargeTalent,TraitSetData,TraitSetData.Talents,TraitData_Talent.lua,defined,6,SpellTalentTrait,PreChargeTalent,预备,,1.139672,24556151
RandomBlessingKeepsake,TraitSetData,TraitSetData.Keepsakes,TraitData_Keepsake.lua,defined,15,GiftTrait,RandomBlessingKeepsake,混沌之胚,ChaosBlessingBonus,1.139672,24556151
RarifyKeepsake,TraitSetData,TraitSetData.Keepsakes,TraitData_Keepsake.lua,defined,11,GiftTrait,RarifyKeepsake,求神卡,,1.139672,24556151
RarityBoostMetaUpgrade,TraitSetData,TraitSetData.MetaUpgrade,TraitData_MetaUpgrade.lua,defined,6,MetaUpgradeTrait,RarityBoostMetaUpgrade,精锐,,1.139672,24556151
ReincarnationKeepsake,TraitSetData,TraitSetData.Keepsakes,TraitData_Keepsake.lua,defined,10,GiftTrait,ReincarnationKeepsake,更幸运的牙齿,,1.139672,24556151
RerollTradeOffMetaUpgrade,TraitSetData,TraitSetData.MetaUpgrade,TraitData_MetaUpgrade.lua,defined,4,MetaUpgradeTrait,RerollTradeOffMetaUpgrade,命运,,1.139672,24556151
RolloverUsesTalent,TraitSetData,TraitSetData.Talents,TraitData_Talent.lua,defined,3,SpellTalentTrait;LegendaryTalent,RolloverUsesTalent,储备,,1.139672,24556151
RoomRewardEmptyMaxHealthTrait,TraitSetData,TraitSetData.Base,TraitData.lua,defined,3,BaseTrait,,,,1.139672,24556151
RoomRewardMaxHealthTrait,TraitSetData,TraitSetData.Base,TraitData.lua,defined,3,BaseTrait,,,,1.139672,24556151
RoomRewardMaxManaTrait,TraitSetData,TraitSetData.Base,TraitData.lua,defined,3,BaseTrait,,,,1.139672,24556151
ShieldTalent,TraitSetData,TraitSetData.Talents,TraitData_Talent.lua,defined,5,SpellTalentTrait,ShieldTalent,光彩,,1.139672,24556151
ShopTrait,TraitSetData,TraitSetData.Store,TraitData_Store.lua,debug_only,9,,,,,1.139672,24556151
SkipEncounterKeepsake,TraitSetData,TraitSetData.Keepsakes,TraitData_Keepsake.lua,defined,11,GiftTrait,SkipEncounterKeepsake,无花果叶,DionysusSkipTrait,1.139672,24556151
SorceryRegenMetaUpgrade,TraitSetData,TraitSetData.MetaUpgrade,TraitData_MetaUpgrade.lua,defined,5,MetaUpgradeTrait,SorceryRegenMetaUpgrade,月亮,,1.139672,24556151
SpellTalentKeepsake,TraitSetData,TraitSetData.Keepsakes,TraitData_Keepsake.lua,defined,14,GiftTrait,SpellTalentKeepsake,皎月光束,KeepsakeAcquireSpellDrop,1.139672,24556151
SpellTalentTrait,TraitSetData,TraitSetData.Base,TraitData.lua,debug_only,5,,,,,1.139672,24556151
SprintShieldMetaUpgrade,TraitSetData,TraitSetData.MetaUpgrade,TraitData_MetaUpgrade.lua,defined,8,MetaUpgradeTrait,SprintShieldMetaUpgrade,迅疾者,,1.139672,24556151
StaffClearCastAspect,TraitSetData,TraitSetData.Aspects,TraitData_Aspect.lua,defined,11,WeaponEnchantmentTrait,StaffClearCastAspect,喀耳刻形态,,1.139672,24556151
StaffRaiseDeadAspect,TraitSetData,TraitSetData.Aspects,TraitData_Aspect.lua,defined,23,WeaponEnchantmentTrait,StaffRaiseDeadAspect,阿努比斯形态,,1.139672,24556151
StaffSelfHitAspect,TraitSetData,TraitSetData.Aspects,TraitData_Aspect.lua,defined,13,WeaponEnchantmentTrait,StaffSelfHitAspect,摩墨斯形态,,1.139672,24556151
StartingGoldMetaUpgrade,TraitSetData,TraitSetData.MetaUpgrade,TraitData_MetaUpgrade.lua,defined,4,MetaUpgradeTrait,StartingGoldMetaUpgrade,摆渡人,,1.139672,24556151
StorePendingDeliveryItem,TraitSetData,TraitSetData.Base,TraitData.lua,defined,9,,StorePendingDeliveryItem,特快专递,,1.139672,24556151
SuitComboAspect,TraitSetData,TraitSetData.Aspects,TraitData_Aspect.lua,defined,18,WeaponEnchantmentTrait,SuitComboAspect,湿婆形态,,1.139672,24556151
SuitHexAspect,TraitSetData,TraitSetData.Aspects,TraitData_Aspect.lua,defined,12,WeaponEnchantmentTrait,SuitHexAspect,塞勒涅形态,,1.139672,24556151
SuitInherentSpeedBoon,TraitSetData,TraitSetData.Base,TraitData.lua,defined,3,BaseTrait,,,,1.139672,24556151
SuitMarkCritAspect,TraitSetData,TraitSetData.Aspects,TraitData_Aspect.lua,defined,17,WeaponEnchantmentTrait,SuitMarkCritAspect,倪克斯形态,,1.139672,24556151
SummonDamageSplitTalent,TraitSetData,TraitSetData.Talents,TraitData_Talent.lua,defined,7,SpellTalentTrait;LegendaryTalent,SummonDamageSplitTalent,牺牲,,1.139672,24556151
SummonDamageTalent,TraitSetData,TraitSetData.Talents,TraitData_Talent.lua,defined,5,SpellTalentTrait,SummonDamageTalent,信念,,1.139672,24556151
SummonExplodeTalent,TraitSetData,TraitSetData.Talents,TraitData_Talent.lua,defined,7,SpellTalentTrait;LegendaryTalent,SummonExplodeTalent,爆发,,1.139672,24556151
SummonHeraTalent,TraitSetData,TraitSetData.Talents,TraitData_Talent.lua,defined,8,LegendaryTalent;SpellTalentTrait;ForceDuoAppearanceTrait,SummonHeraTalent,赫拉的调教,,1.139672,24556151
SummonPermanenceTalent,TraitSetData,TraitSetData.Talents,TraitData_Talent.lua,defined,3,SpellTalentTrait;LegendaryTalent,SummonPermanenceTalent,苦役,,1.139672,24556151
SummonRetaliateTalent,TraitSetData,TraitSetData.Talents,TraitData_Talent.lua,defined,2,SpellTalentTrait;LegendaryTalent,SummonRetaliateTalent,报复,,1.139672,24556151
SummonSpeedTalent,TraitSetData,TraitSetData.Talents,TraitData_Talent.lua,defined,4,SpellTalentTrait;LegendaryTalent,SummonSpeedTalent,活力,,1.139672,24556151
SummonTeleportTalent,TraitSetData,TraitSetData.Talents,TraitData_Talent.lua,defined,3,SpellTalentTrait;LegendaryTalent,SummonTeleportTalent,汇聚,,1.139672,24556151
SurfacePenalty,TraitSetData,TraitSetData.Base,TraitData.lua,defined,6,,SurfacePenalty,冥脉宿命,,1.139672,24556151
SynergyTrait,TraitSetData,TraitSetData.Base,TraitData.lua,debug_only,7,AetherBoon,,,,1.139672,24556151
TempHammerKeepsake,TraitSetData,TraitSetData.Keepsakes,TraitData_Keepsake.lua,defined,12,GiftTrait,TempHammerKeepsake,实验之锤,GiveDurationHammer,1.139672,24556151
TemporaryBoonRarityTrait,TraitSetData,TraitSetData.Store,TraitData_Store.lua,defined,6,ShopTrait,TemporaryBoonRarityTrait,阿里阿德涅的纱线,,1.139672,24556151
TemporaryDiscountTrait,TraitSetData,TraitSetData.Store,TraitData_Store.lua,defined,11,ShopTrait,TemporaryDiscountTrait,渡船优惠券,,1.139672,24556151
TemporaryDoorHealTrait,TraitSetData,TraitSetData.Store,TraitData_Store.lua,defined,10,ShopTrait,TemporaryDoorHealTrait,九头蛇轻饮,,1.139672,24556151
TemporaryEmptySlotDamageTrait,TraitSetData,TraitSetData.Store,TraitData_Store.lua,defined,11,ShopTrait,TemporaryEmptySlotDamageTrait,达那伊德斯的匕首,,1.139672,24556151
TemporaryForcedSecretDoorTrait,TraitSetData,TraitSetData.Store,TraitData_Store.lua,defined,8,ShopTrait,TemporaryForcedSecretDoorTrait,伊克西翁之耀,,1.139672,24556151
TemporaryHealExpirationTrait,TraitSetData,TraitSetData.Store,TraitData_Store.lua,defined,10,ShopTrait,TemporaryHealExpirationTrait,善意之瓶,,1.139672,24556151
TemporaryImprovedCastTrait,TraitSetData,TraitSetData.Store,TraitData_Store.lua,defined,9,ShopTrait,TemporaryImprovedCastTrait,阿特拉斯的穗带,,1.139672,24556151
TemporaryImprovedDefenseTrait,TraitSetData,TraitSetData.Store,TraitData_Store.lua,defined,9,ShopTrait,TemporaryImprovedDefenseTrait,蟒蛇的鳞片,,1.139672,24556151
TemporaryImprovedExTrait,TraitSetData,TraitSetData.Store,TraitData_Store.lua,defined,9,ShopTrait,TemporaryImprovedExTrait,女巫的印记,,1.139672,24556151
TemporaryImprovedSecondaryTrait,TraitSetData,TraitSetData.Store,TraitData_Store.lua,defined,9,ShopTrait,TemporaryImprovedSecondaryTrait,奇美拉肉干,,1.139672,24556151
TemporaryMoveSpeedTrait,TraitSetData,TraitSetData.Store,TraitData_Store.lua,defined,9,ShopTrait,TemporaryMoveSpeedTrait,燃烧的灵液,,1.139672,24556151
TimeSlowAmountTalent,TraitSetData,TraitSetData.Talents,TraitData_Talent.lua,defined,5,SpellTalentTrait,TimeSlowAmountTalent,沉着,,1.139672,24556151
TimeSlowCritTalent,TraitSetData,TraitSetData.Talents,TraitData_Talent.lua,defined,7,SpellTalentTrait;LegendaryTalent,TimeSlowCritTalent,精准,,1.139672,24556151
TimeSlowCumulativeBuffTalent,TraitSetData,TraitSetData.Talents,TraitData_Talent.lua,defined,7,SpellTalentTrait;LegendaryTalent,TimeSlowCumulativeBuffTalent,蓄势,,1.139672,24556151
TimeSlowDemeterTalent,TraitSetData,TraitSetData.Talents,TraitData_Talent.lua,defined,11,LegendaryTalent;SpellTalentTrait;ForceDuoAppearanceTrait,TimeSlowDemeterTalent,得墨忒尔的狂风,,1.139672,24556151
TimeSlowDestroyProjectilesTalent,TraitSetData,TraitSetData.Talents,TraitData_Talent.lua,defined,3,SpellTalentTrait;LegendaryTalent,TimeSlowDestroyProjectilesTalent,澄澈,,1.139672,24556151
TimeSlowFreezeTimeTalent,TraitSetData,TraitSetData.Talents,TraitData_Talent.lua,defined,6,SpellTalentTrait;LegendaryTalent,TimeSlowFreezeTimeTalent,静谧,,1.139672,24556151
TimeSlowLastStandRechargeTalent,TraitSetData,TraitSetData.Talents,TraitData_Talent.lua,defined,4,SpellTalentTrait;LegendaryTalent,TimeSlowLastStandRechargeTalent,应急,,1.139672,24556151
TimeSlowSpeedTalent,TraitSetData,TraitSetData.Talents,TraitData_Talent.lua,defined,5,SpellTalentTrait;LegendaryTalent,TimeSlowSpeedTalent,轻灵,,1.139672,24556151
TimedBuffKeepsake,TraitSetData,TraitSetData.Keepsakes,TraitData_Keepsake.lua,defined,13,GiftTrait,TimedBuffKeepsake,金属液滴,StartHermesKeepsakeTimer,1.139672,24556151
TorchAutofireAspect,TraitSetData,TraitSetData.Aspects,TraitData_Aspect.lua,defined,16,WeaponEnchantmentTrait,TorchAutofireAspect,苏帕伊形态,,1.139672,24556151
TorchDetonateAspect,TraitSetData,TraitSetData.Aspects,TraitData_Aspect.lua,defined,13,WeaponEnchantmentTrait,TorchDetonateAspect,摩罗斯形态,,1.139672,24556151
TorchSpecialDurationAspect,TraitSetData,TraitSetData.Aspects,TraitData_Aspect.lua,defined,10,WeaponEnchantmentTrait,TorchSpecialDurationAspect,墨利诺厄形态,,1.139672,24556151
TorchSprintRecallAspect,TraitSetData,TraitSetData.Aspects,TraitData_Aspect.lua,defined,17,WeaponEnchantmentTrait,TorchSprintRecallAspect,厄俄斯形态,,1.139672,24556151
TransformAphroditeTalent,TraitSetData,TraitSetData.Talents,TraitData_Talent.lua,defined,9,LegendaryTalent;SpellTalentTrait;ForceDuoAppearanceTrait,TransformAphroditeTalent,阿弗洛狄忒的诱惑,,1.139672,24556151
TransformAttackSpeedTalent,TraitSetData,TraitSetData.Talents,TraitData_Talent.lua,defined,4,SpellTalentTrait,TransformAttackSpeedTalent,狂野,,1.139672,24556151
TransformCastDamageTalent,TraitSetData,TraitSetData.Talents,TraitData_Talent.lua,defined,4,SpellTalentTrait,TransformCastDamageTalent,统御,,1.139672,24556151
TransformCooldownDodgeTalent,TraitSetData,TraitSetData.Talents,TraitData_Talent.lua,defined,4,SpellTalentTrait,TransformCooldownDodgeTalent,反射,,1.139672,24556151
TransformDamageTalent,TraitSetData,TraitSetData.Talents,TraitData_Talent.lua,defined,4,SpellTalentTrait,TransformDamageTalent,凶残,,1.139672,24556151
TransformDurationTalent,TraitSetData,TraitSetData.Talents,TraitData_Talent.lua,defined,4,SpellTalentTrait,TransformDurationTalent,专注,,1.139672,24556151
TransformExCastTalent,TraitSetData,TraitSetData.Talents,TraitData_Talent.lua,defined,7,SpellTalentTrait;LegendaryTalent,TransformExCastTalent,圣洁,,1.139672,24556151
TransformLastStandRechargeTalent,TraitSetData,TraitSetData.Talents,TraitData_Talent.lua,defined,4,SpellTalentTrait;LegendaryTalent,TransformLastStandRechargeTalent,应急,,1.139672,24556151
TransformPrimaryTalent,TraitSetData,TraitSetData.Talents,TraitData_Talent.lua,defined,7,SpellTalentTrait;LegendaryTalent,TransformPrimaryTalent,同调,,1.139672,24556151
TransformSpecialCritTalent,TraitSetData,TraitSetData.Talents,TraitData_Talent.lua,defined,6,SpellTalentTrait;LegendaryTalent,TransformSpecialCritTalent,恐怖,,1.139672,24556151
TransformSpecialTalent,TraitSetData,TraitSetData.Talents,TraitData_Talent.lua,defined,5,SpellTalentTrait,TransformSpecialTalent,耀眼,,1.139672,24556151
UnityTrait,TraitSetData,TraitSetData.Base,TraitData.lua,debug_only,12,,,,,1.139672,24556151
UnpickedBoonKeepsake,TraitSetData,TraitSetData.Keepsakes,TraitData_Keepsake.lua,defined,11,GiftTrait,UnpickedBoonKeepsake,凹陷之石,,1.139672,24556151
UnusedWeaponBonusTrait,TraitSetData,TraitSetData.Base,TraitData.lua,defined,4,,UnusedWeaponBonusTrait,墓地饥渴,,1.139672,24556151
UnusedWeaponBonusTrait2,TraitSetData,TraitSetData.Base,TraitData.lua,defined,3,UnusedWeaponBonusTrait,UnusedWeaponBonusTrait2,幽冥饥渴,,1.139672,24556151
VanillaState,TraitSetData,TraitSetData.BiomeStates,BiomeStateData.lua,stub,1,BiomeState,,,,1.139672,24556151
WaterBoon,TraitSetData,TraitSetData.Base,TraitData.lua,debug_only,2,,WaterBoon,{!Icons.CurseWater}水,,1.139672,24556151
WaterEssence,TraitSetData,TraitSetData.Essence,TraitData_Essence.lua,defined,4,WaterBoon,,,,1.139672,24556151
WeaponEnchantmentTrait,TraitSetData,TraitSetData.Base,TraitData.lua,debug_only,7,,,,,1.139672,24556151
WeaponTrait,TraitSetData,TraitSetData.Base,TraitData.lua,debug_only,6,,,,,1.139672,24556151
WetState,TraitSetData,TraitSetData.BiomeStates,BiomeStateData.lua,defined,2,BiomeState,,,,1.139672,24556151