id,table,source_namespace,source_file,state,field_count,inherit_from,display_key,display_name_zh_cn,use_function,game_version,steam_build
BaseCollisionWeapon,WeaponData,WeaponData,WeaponData.lua,defined,9,,,,,1.139672,24556151
BaseSpell,WeaponData,WeaponData,WeaponData.lua,defined,9,,,,,1.139672,24556151
BaseUnlockableWeapon,WeaponData,WeaponData,WeaponData.lua,defined,8,,,,,1.139672,24556151
DefaultWeaponValues,WeaponData,WeaponData,WeaponData.lua,defined,4,,,,,1.139672,24556151
FlashbackMelBlink,WeaponData,WeaponData,WeaponData.lua,defined,3,,,,,1.139672,24556151
WeaponAnywhereCast,WeaponData,WeaponData,WeaponData.lua,defined,20,,,,,1.139672,24556151
WeaponAxe,WeaponData,WeaponData<overwrite>,WeaponData_Axe.lua,defined,31,BaseUnlockableWeapon,WeaponAxe,月石之斧,,1.139672,24556151
WeaponAxe2,WeaponData,WeaponData<overwrite>,WeaponData_Axe.lua,defined,14,,,,,1.139672,24556151
WeaponAxe3,WeaponData,WeaponData<overwrite>,WeaponData_Axe.lua,defined,19,,,,,1.139672,24556151
WeaponAxe4,WeaponData,WeaponData<overwrite>,WeaponData_Axe.lua,defined,2,,,,,1.139672,24556151
WeaponAxe5,WeaponData,WeaponData<overwrite>,WeaponData_Axe.lua,defined,2,,,,,1.139672,24556151
WeaponAxeBlock2,WeaponData,WeaponData<overwrite>,WeaponData_Axe.lua,defined,9,,,,,1.139672,24556151
WeaponAxeDash,WeaponData,WeaponData<overwrite>,WeaponData_Axe.lua,defined,9,,,,,1.139672,24556151
WeaponAxeSpecial,WeaponData,WeaponData<overwrite>,WeaponData_Axe.lua,defined,11,,,,,1.139672,24556151
WeaponAxeSpecialSwing,WeaponData,WeaponData<overwrite>,WeaponData_Axe.lua,defined,15,,,,,1.139672,24556151
WeaponAxeSpin,WeaponData,WeaponData<overwrite>,WeaponData_Axe.lua,defined,30,,,,,1.139672,24556151
WeaponBlink,WeaponData,WeaponData,WeaponData.lua,defined,12,,,,,1.139672,24556151
WeaponCast,WeaponData,WeaponData,WeaponData.lua,defined,17,,,,,1.139672,24556151
WeaponCastArm,WeaponData,WeaponData,WeaponData.lua,defined,15,,,,,1.139672,24556151
WeaponCastLob,WeaponData,WeaponData,WeaponData.lua,defined,20,,,,,1.139672,24556151
WeaponCastProjectile,WeaponData,WeaponData,WeaponData.lua,defined,20,,,,,1.139672,24556151
WeaponCastProjectileHades,WeaponData,WeaponData,WeaponData.lua,defined,20,,,,,1.139672,24556151
WeaponCastVacuum,WeaponData,WeaponData,WeaponData.lua,defined,9,,,,,1.139672,24556151
WeaponDagger,WeaponData,WeaponData<overwrite>,WeaponData_Dagger.lua,defined,31,BaseUnlockableWeapon,WeaponDagger,姊妹双刃,,1.139672,24556151
WeaponDagger2,WeaponData,WeaponData<overwrite>,WeaponData_Dagger.lua,defined,2,WeaponDagger,,,,1.139672,24556151
WeaponDagger5,WeaponData,WeaponData<overwrite>,WeaponData_Dagger.lua,defined,12,WeaponDagger,,,,1.139672,24556151
WeaponDaggerDash,WeaponData,WeaponData<overwrite>,WeaponData_Dagger.lua,defined,7,,,,,1.139672,24556151
WeaponDaggerDouble,WeaponData,WeaponData<overwrite>,WeaponData_Dagger.lua,defined,8,WeaponDagger,,,,1.139672,24556151
WeaponDaggerMultiStab,WeaponData,WeaponData<overwrite>,WeaponData_Dagger.lua,defined,6,WeaponDagger,,,,1.139672,24556151
WeaponDaggerThrow,WeaponData,WeaponData<overwrite>,WeaponData_Dagger.lua,defined,25,,,,,1.139672,24556151
WeaponLob,WeaponData,WeaponData<overwrite>,WeaponData_Lob.lua,defined,46,BaseUnlockableWeapon,WeaponLob,银白之颅,,1.139672,24556151
WeaponLobChargedPulse,WeaponData,WeaponData<overwrite>,WeaponData_Lob.lua,defined,2,,,,,1.139672,24556151
WeaponLobGun,WeaponData,WeaponData<overwrite>,WeaponData_Lob.lua,defined,23,,,,,1.139672,24556151
WeaponLobPulse,WeaponData,WeaponData<overwrite>,WeaponData_Lob.lua,defined,2,,,,,1.139672,24556151
WeaponLobSpecial,WeaponData,WeaponData<overwrite>,WeaponData_Lob.lua,defined,28,,,,,1.139672,24556151
WeaponMorphedAttack,WeaponData,WeaponData,WeaponData.lua,defined,3,,WeaponMorphedAttack,羊羊出击,,1.139672,24556151
WeaponMorphedAttack_Pig,WeaponData,WeaponData,WeaponData.lua,defined,2,WeaponMorphedAttack,WeaponMorphedAttack_Pig,猪猪冲撞,,1.139672,24556151
WeaponMorphedAttack_Rat,WeaponData,WeaponData,WeaponData.lua,defined,2,WeaponMorphedAttack,WeaponMorphedAttack_Rat,鼠鼠抓挠,,1.139672,24556151
WeaponMorphedBlink_YoungMel,WeaponData,WeaponData,WeaponData.lua,defined,2,,,,,1.139672,24556151
WeaponSkullImpulse,WeaponData,WeaponData<overwrite>,WeaponData_Lob.lua,defined,1,,,,,1.139672,24556151
WeaponSpellLaser,WeaponData,WeaponData,WeaponData.lua,defined,13,BaseSpell,,,,1.139672,24556151
WeaponSpellLeap,WeaponData,WeaponData,WeaponData.lua,defined,25,BaseSpell,,,,1.139672,24556151
WeaponSpellMeteor,WeaponData,WeaponData,WeaponData.lua,defined,9,BaseSpell,,,,1.139672,24556151
WeaponSpellMoonBeam,WeaponData,WeaponData,WeaponData.lua,defined,15,BaseSpell,,,,1.139672,24556151
WeaponSpellPolymorph,WeaponData,WeaponData,WeaponData.lua,defined,16,BaseSpell,,,,1.139672,24556151
WeaponSpellPotion,WeaponData,WeaponData,WeaponData.lua,defined,15,BaseSpell,,,,1.139672,24556151
WeaponSpellSummon,WeaponData,WeaponData,WeaponData.lua,defined,14,BaseSpell,,,,1.139672,24556151
WeaponSpellTimeSlow,WeaponData,WeaponData,WeaponData.lua,defined,12,BaseSpell,,,,1.139672,24556151
WeaponSpellTransform,WeaponData,WeaponData,WeaponData.lua,defined,9,BaseSpell,,,,1.139672,24556151
WeaponSprint,WeaponData,WeaponData,WeaponData.lua,defined,4,,,,,1.139672,24556151
WeaponSprintEx,WeaponData,WeaponData,WeaponData.lua,defined,1,,,,,1.139672,24556151
WeaponStaffBall,WeaponData,WeaponData<overwrite>,WeaponData_Staff.lua,defined,15,WeaponStaffBolt,,,,1.139672,24556151
WeaponStaffBall2,WeaponData,WeaponData<overwrite>,WeaponData_Staff.lua,stub,0,,,,,1.139672,24556151
WeaponStaffBolt,WeaponData,WeaponData<overwrite>,WeaponData_Staff.lua,defined,8,,,,,1.139672,24556151
WeaponStaffBoltCharged,WeaponData,WeaponData<overwrite>,WeaponData_Staff.lua,defined,9,,,,,1.139672,24556151
WeaponStaffDash,WeaponData,WeaponData<overwrite>,WeaponData_Staff.lua,defined,8,,,,,1.139672,24556151
WeaponStaffSwing,WeaponData,WeaponData<overwrite>,WeaponData_Staff.lua,defined,33,BaseUnlockableWeapon,WeaponStaffSwing,女巫之杖,,1.139672,24556151
WeaponStaffSwing2,WeaponData,WeaponData<overwrite>,WeaponData_Staff.lua,defined,11,WeaponStaffSwing,,,,1.139672,24556151
WeaponStaffSwing3,WeaponData,WeaponData<overwrite>,WeaponData_Staff.lua,defined,12,WeaponStaffSwing,,,,1.139672,24556151
WeaponStaffSwing5,WeaponData,WeaponData<overwrite>,WeaponData_Staff.lua,defined,17,WeaponStaffSwing,,,,1.139672,24556151
WeaponSuit,WeaponData,WeaponData<overwrite>,WeaponData_Suit.lua,defined,38,BaseUnlockableWeapon,WeaponSuit,漆黑战衣,,1.139672,24556151
WeaponSuit2,WeaponData,WeaponData<overwrite>,WeaponData_Suit.lua,defined,2,WeaponSuit,,,,1.139672,24556151
WeaponSuitCharged,WeaponData,WeaponData<overwrite>,WeaponData_Suit.lua,defined,34,WeaponSuit,,,,1.139672,24556151
WeaponSuitDash,WeaponData,WeaponData<overwrite>,WeaponData_Suit.lua,stub,1,WeaponSuit,,,,1.139672,24556151
WeaponSuitDouble,WeaponData,WeaponData<overwrite>,WeaponData_Suit.lua,defined,2,WeaponSuit,,,,1.139672,24556151
WeaponSuitRanged,WeaponData,WeaponData<overwrite>,WeaponData_Suit.lua,defined,48,,,,,1.139672,24556151
WeaponTest,WeaponData,WeaponData<overwrite>,WeaponData_Lob.lua,defined,16,BaseUnlockableWeapon,,,,1.139672,24556151
WeaponTorch,WeaponData,WeaponData<overwrite>,WeaponData_Torch.lua,defined,38,BaseUnlockableWeapon,WeaponTorch,暗影之炬,,1.139672,24556151
WeaponTorchSpecial,WeaponData,WeaponData<overwrite>,WeaponData_Torch.lua,defined,14,BaseUnlockableWeapon,,,,1.139672,24556151
WeaponTransformAttack,WeaponData,WeaponData,WeaponData.lua,defined,1,,,,,1.139672,24556151
WeaponTransformSpecial,WeaponData,WeaponData,WeaponData.lua,defined,1,,,,,1.139672,24556151
AutomatonBeamForward,WeaponSetData,WeaponSetData,WeaponData_Automaton.lua,defined,3,,,,,1.139672,24556151
AutomatonBeamForward_Elite,WeaponSetData,WeaponSetData,WeaponData_Automaton.lua,defined,2,AutomatonBeamForward,,,,1.139672,24556151
AutomatonBeamerDefense,WeaponSetData,WeaponSetData,WeaponData_Automaton.lua,defined,5,,,,,1.139672,24556151
AutomatonBeamerScan,WeaponSetData,WeaponSetData,WeaponData_Automaton.lua,defined,2,,,,,1.139672,24556151
AutomatonEnforcerBoost,WeaponSetData,WeaponSetData,WeaponData_Automaton.lua,defined,2,,,,,1.139672,24556151
AutomatonEnforcerSlash,WeaponSetData,WeaponSetData,WeaponData_Automaton.lua,defined,4,,,,,1.139672,24556151
AutomatonEnforcerSlash_AmbientBattle,WeaponSetData,WeaponSetData,WeaponData_Automaton.lua,defined,4,AutomatonEnforcerSlash,,,,1.139672,24556151
AutomatonEnforcerSlash_Elite,WeaponSetData,WeaponSetData,WeaponData_Automaton.lua,defined,2,AutomatonEnforcerSlash,,,,1.139672,24556151
AutomatonEnforcerWhirlwind,WeaponSetData,WeaponSetData,WeaponData_Automaton.lua,defined,4,,,,,1.139672,24556151
AutomatonEnforcerWhirlwind_Elite,WeaponSetData,WeaponSetData,WeaponData_Automaton.lua,defined,2,AutomatonEnforcerWhirlwind,,,,1.139672,24556151
BattleStandardAoE,WeaponSetData,WeaponSetData,WeaponData_Traps.lua,defined,2,,,,,1.139672,24556151
BeamTrap,WeaponSetData,WeaponSetData,WeaponData_Traps.lua,defined,2,,,,,1.139672,24556151
BlastCubeExplosion,WeaponSetData,WeaponSetData,WeaponData_Traps.lua,defined,1,,,,,1.139672,24556151
BloodMineToss,WeaponSetData,WeaponSetData,WeaponData_Traps.lua,defined,2,,,,,1.139672,24556151
BloodlessGrenadierCluster,WeaponSetData,WeaponSetData,WeaponData_Bloodless.lua,defined,2,,,,,1.139672,24556151
BloodlessGrenadierDeathDrop,WeaponSetData,WeaponSetData,WeaponData_Bloodless.lua,defined,1,,,,,1.139672,24556151
BloodlessGrenadierDive,WeaponSetData,WeaponSetData,WeaponData_Bloodless.lua,defined,2,,,,,1.139672,24556151
BloodlessGrenadierRanged,WeaponSetData,WeaponSetData,WeaponData_Bloodless.lua,defined,2,,,,,1.139672,24556151
BloodlessGrenadierRangedElite,WeaponSetData,WeaponSetData,WeaponData_Bloodless.lua,defined,2,BloodlessGrenadierRanged,,,,1.139672,24556151
BloodlessMelee,WeaponSetData,WeaponSetData,WeaponData_Bloodless.lua,defined,2,,,,,1.139672,24556151
BloodlessMeleeBerserker1,WeaponSetData,WeaponSetData,WeaponData_Bloodless.lua,defined,2,,,,,1.139672,24556151
BloodlessMeleeBerserker2,WeaponSetData,WeaponSetData,WeaponData_Bloodless.lua,defined,3,BloodlessMeleeBerserker1,,,,1.139672,24556151
BloodlessMeleeBerserkerAttackEnd,WeaponSetData,WeaponSetData,WeaponData_Bloodless.lua,defined,2,BloodlessMeleeBerserker2,,,,1.139672,24556151
BloodlessMeleeBerserkerAttackStart,WeaponSetData,WeaponSetData,WeaponData_Bloodless.lua,defined,2,,,,,1.139672,24556151
BloodlessMeleeBerserkerCombo1,WeaponSetData,WeaponSetData,WeaponData_Bloodless.lua,defined,3,,,,,1.139672,24556151
BloodlessPitch,WeaponSetData,WeaponSetData,WeaponData_Bloodless.lua,defined,2,,,,,1.139672,24556151
BloodlessPitchCurve,WeaponSetData,WeaponSetData,WeaponData_Bloodless.lua,defined,3,BloodlessPitch,,,,1.139672,24556151
BloodlessPitchCurveVolley,WeaponSetData,WeaponSetData,WeaponData_Bloodless.lua,defined,3,BloodlessPitch,,,,1.139672,24556151
BloodlessReposition,WeaponSetData,WeaponSetData,WeaponData_Bloodless.lua,defined,2,,,,,1.139672,24556151
BloodlessWaveFistWeapon,WeaponSetData,WeaponSetData,WeaponData_Bloodless.lua,defined,2,,,,,1.139672,24556151
BloodlessWaveFistWeaponElite,WeaponSetData,WeaponSetData,WeaponData_Bloodless.lua,defined,2,BloodlessWaveFistWeapon,,,,1.139672,24556151
BloodlessWaveFistWeaponElite2,WeaponSetData,WeaponSetData,WeaponData_Bloodless.lua,defined,2,BloodlessWaveFistWeapon,,,,1.139672,24556151
BoarBackKick,WeaponSetData,WeaponSetData,EnemyData_Boar.lua,defined,3,,,,,1.139672,24556151
BoarBackKick_Shadow,WeaponSetData,WeaponSetData,EnemyData_Boar.lua,defined,2,BoarBackKick,,,,1.139672,24556151
BoarPound,WeaponSetData,WeaponSetData,EnemyData_Boar.lua,defined,3,,,,,1.139672,24556151
BoarPound_Shadow,WeaponSetData,WeaponSetData,EnemyData_Boar.lua,defined,2,BoarPound,,,,1.139672,24556151
BoarPound_Summon,WeaponSetData,WeaponSetData,EnemyData_Boar.lua,defined,2,BoarPound,,,,1.139672,24556151
BoarRush,WeaponSetData,WeaponSetData,EnemyData_Boar.lua,defined,3,,,,,1.139672,24556151
BoarRushRadial,WeaponSetData,WeaponSetData,EnemyData_Boar.lua,defined,1,,,,,1.139672,24556151
BoarRushRadial_Shadow,WeaponSetData,WeaponSetData,EnemyData_Boar.lua,defined,2,BoarRushRadial,,,,1.139672,24556151
BoarRushRam,WeaponSetData,WeaponSetData,EnemyData_Boar.lua,defined,1,,,,,1.139672,24556151
BoarRush_Shadow,WeaponSetData,WeaponSetData,EnemyData_Boar.lua,defined,2,BoarRush,,,,1.139672,24556151
BoarWallSlam,WeaponSetData,WeaponSetData,EnemyData_Boar.lua,defined,2,,,,,1.139672,24556151
BrambleTrapWeapon,WeaponSetData,WeaponSetData,WeaponData_Traps.lua,defined,1,,,,,1.139672,24556151
BrawlerMelee,WeaponSetData,WeaponSetData,EnemyData_Brawler.lua,defined,2,,,,,1.139672,24556151
BrawlerMeleeClose,WeaponSetData,WeaponSetData,EnemyData_Brawler.lua,defined,2,,,,,1.139672,24556151
BrokenHeartedSlam,WeaponSetData,WeaponSetData,WeaponData_BrokenHearted.lua,defined,2,,,,,1.139672,24556151
Brute2Charge,WeaponSetData,WeaponSetData,EnemyData_Brute.lua,defined,2,BruteCharge,,,,1.139672,24556151
Brute2Melee,WeaponSetData,WeaponSetData,EnemyData_Brute.lua,defined,2,BruteMelee1,,,,1.139672,24556151
Brute2Melee_Ally,WeaponSetData,WeaponSetData,EnemyData_Brute.lua,defined,3,Brute2Melee,,,,1.139672,24556151
BruteCharge,WeaponSetData,WeaponSetData,EnemyData_Brute.lua,defined,3,,,,,1.139672,24556151
BruteChargeRadial,WeaponSetData,WeaponSetData,EnemyData_Brute.lua,defined,2,,,,,1.139672,24556151
BruteChargeRadial_Miniboss,WeaponSetData,WeaponSetData,EnemyData_Brute.lua,defined,2,BruteChargeRadial,,,,1.139672,24556151
BruteCharge_Elite,WeaponSetData,WeaponSetData,EnemyData_Brute.lua,defined,2,BruteCharge,,,,1.139672,24556151
BruteCharge_Miniboss,WeaponSetData,WeaponSetData,EnemyData_Brute.lua,defined,3,BruteCharge,,,,1.139672,24556151
BruteHeadbutt,WeaponSetData,WeaponSetData,EnemyData_Brute.lua,defined,2,,,,,1.139672,24556151
BruteHeadbutt_Miniboss,WeaponSetData,WeaponSetData,EnemyData_Brute.lua,defined,2,BruteHeadbutt,,,,1.139672,24556151
BruteMelee1,WeaponSetData,WeaponSetData,EnemyData_Brute.lua,defined,3,,,,,1.139672,24556151
BruteMelee1_Elite,WeaponSetData,WeaponSetData,EnemyData_Brute.lua,defined,2,BruteMelee1,,,,1.139672,24556151
BruteMelee1_Miniboss,WeaponSetData,WeaponSetData,EnemyData_Brute.lua,defined,3,BruteMelee1,,,,1.139672,24556151
BruteMelee2,WeaponSetData,WeaponSetData,EnemyData_Brute.lua,defined,2,,,,,1.139672,24556151
BruteMelee2_Miniboss,WeaponSetData,WeaponSetData,EnemyData_Brute.lua,defined,2,BruteMelee2,,,,1.139672,24556151
BruteMeleeRetaliate,WeaponSetData,WeaponSetData,EnemyData_Brute.lua,defined,3,BruteMelee1,,,,1.139672,24556151
BruteMeleeRetaliate_Elite,WeaponSetData,WeaponSetData,EnemyData_Brute.lua,defined,2,BruteMelee1_Elite,,,,1.139672,24556151
BruteSlam,WeaponSetData,WeaponSetData,EnemyData_Brute.lua,defined,2,,,,,1.139672,24556151
CaptainPistol,WeaponSetData,WeaponSetData,EnemyData_Captain.lua,defined,3,,,,,1.139672,24556151
CaptainPistol_NoRetreat,WeaponSetData,WeaponSetData,EnemyData_Captain.lua,defined,4,CaptainPistol,,,,1.139672,24556151
CaptainPistol_Shadow,WeaponSetData,WeaponSetData,EnemyData_Captain.lua,defined,3,CaptainPistol,,,,1.139672,24556151
CaptainReload,WeaponSetData,WeaponSetData,EnemyData_Captain.lua,defined,3,,,,,1.139672,24556151
CaptainReposition,WeaponSetData,WeaponSetData,EnemyData_Captain.lua,defined,3,,,,,1.139672,24556151
CaptainSword,WeaponSetData,WeaponSetData,EnemyData_Captain.lua,defined,3,,,,,1.139672,24556151
CarrionSweep,WeaponSetData,WeaponSetData,WeaponData_Carrion.lua,defined,2,,,,,1.139672,24556151
CarrionSweep2_Elite,WeaponSetData,WeaponSetData,WeaponData_Carrion.lua,defined,2,CarrionSweep,,,,1.139672,24556151
CarrionSweep3_Elite,WeaponSetData,WeaponSetData,WeaponData_Carrion.lua,defined,2,CarrionSweep,,,,1.139672,24556151
CarrionSweep_Elite,WeaponSetData,WeaponSetData,WeaponData_Carrion.lua,defined,2,CarrionSweep,,,,1.139672,24556151
CharybdisSpit1,WeaponSetData,WeaponSetData,WeaponData_Charybdis.lua,defined,2,,,,,1.139672,24556151
CharybdisSpit2,WeaponSetData,WeaponSetData,WeaponData_Charybdis.lua,defined,2,CharybdisSpit1,,,,1.139672,24556151
CharybdisSpit3,WeaponSetData,WeaponSetData,WeaponData_Charybdis.lua,defined,2,CharybdisSpit1,,,,1.139672,24556151
CharybdisSpitScyllaBoosted,WeaponSetData,WeaponSetData,WeaponData_Charybdis.lua,defined,3,CharybdisSpit1,,,,1.139672,24556151
CharybdisSpitScyllaEasy_P1,WeaponSetData,WeaponSetData,WeaponData_Charybdis.lua,defined,4,CharybdisSpit1,,,,1.139672,24556151
CharybdisSpitScyllaEasy_P2,WeaponSetData,WeaponSetData,WeaponData_Charybdis.lua,defined,4,CharybdisSpit1,,,,1.139672,24556151
CharybdisSpitScyllaHard_P1,WeaponSetData,WeaponSetData,WeaponData_Charybdis.lua,defined,4,CharybdisSpit1,,,,1.139672,24556151
CharybdisSpitScyllaHard_P2,WeaponSetData,WeaponSetData,WeaponData_Charybdis.lua,defined,4,CharybdisSpit1,,,,1.139672,24556151
CharybdisSpitSmall,WeaponSetData,WeaponSetData,WeaponData_Charybdis.lua,defined,2,CharybdisSpit1,,,,1.139672,24556151
CharybdisTentacleBurrow,WeaponSetData,WeaponSetData,WeaponData_Charybdis.lua,defined,3,,,,,1.139672,24556151
CharybdisTentacleSlap,WeaponSetData,WeaponSetData,WeaponData_Charybdis.lua,defined,3,,,,,1.139672,24556151
CharybdisTentacleSlap2,WeaponSetData,WeaponSetData,WeaponData_Charybdis.lua,defined,2,CharybdisTentacleSlap,,,,1.139672,24556151
CharybdisTentacleSpike,WeaponSetData,WeaponSetData,WeaponData_Charybdis.lua,defined,3,,,,,1.139672,24556151
CharybdisTentacleSpike2,WeaponSetData,WeaponSetData,WeaponData_Charybdis.lua,defined,4,CharybdisTentacleSpike,,,,1.139672,24556151
CharybdisTentacleSpike2_Ally,WeaponSetData,WeaponSetData,WeaponData_Charybdis.lua,defined,4,CharybdisTentacleSpike2,,,,1.139672,24556151
CharybdisTentacleUnburrow,WeaponSetData,WeaponSetData,WeaponData_Charybdis.lua,defined,3,,,,,1.139672,24556151
CharybdisTentacleWait,WeaponSetData,WeaponSetData,WeaponData_Charybdis.lua,defined,2,,,,,1.139672,24556151
CharybdisTentacleWhip,WeaponSetData,WeaponSetData,WeaponData_Charybdis.lua,defined,3,,,,,1.139672,24556151
CharybdisTentacleWhip2,WeaponSetData,WeaponSetData,WeaponData_Charybdis.lua,defined,3,CharybdisTentacleWhip,,,,1.139672,24556151
CharybdisWait,WeaponSetData,WeaponSetData,WeaponData_Charybdis.lua,defined,1,,,,,1.139672,24556151
ChronosBannerSummon,WeaponSetData,WeaponSetData,WeaponData_Chronos.lua,defined,3,,,,,1.139672,24556151
ChronosBannerSummon_Assist,WeaponSetData,WeaponSetData,WeaponData_Chronos.lua,defined,3,ChronosBannerSummon,,,,1.139672,24556151
ChronosCastOrbit,WeaponSetData,WeaponSetData,WeaponData_Chronos.lua,defined,4,,,,,1.139672,24556151
ChronosCastOrbit2,WeaponSetData,WeaponSetData,WeaponData_Chronos.lua,defined,4,ChronosCastOrbit,,,,1.139672,24556151
ChronosCastOrbitComboBreaker,WeaponSetData,WeaponSetData,WeaponData_Chronos.lua,defined,1,,,,,1.139672,24556151
ChronosCastOrbit_Assist,WeaponSetData,WeaponSetData,WeaponData_Chronos.lua,defined,4,ChronosCastOrbit,,,,1.139672,24556151
ChronosClockFaceCast,WeaponSetData,WeaponSetData,WeaponData_Chronos.lua,defined,2,,,,,1.139672,24556151
ChronosClockwise,WeaponSetData,WeaponSetData,WeaponData_Chronos.lua,defined,3,,,,,1.139672,24556151
ChronosClockwise2,WeaponSetData,WeaponSetData,WeaponData_Chronos.lua,defined,3,ChronosClockwise,,,,1.139672,24556151
ChronosClockwiseShort,WeaponSetData,WeaponSetData,WeaponData_Chronos.lua,defined,2,ChronosClockwise,,,,1.139672,24556151
ChronosCrossRifts,WeaponSetData,WeaponSetData,WeaponData_Chronos.lua,defined,3,,,,,1.139672,24556151
ChronosCrossRifts2,WeaponSetData,WeaponSetData,WeaponData_Chronos.lua,defined,3,ChronosCrossRifts,,,,1.139672,24556151
ChronosCultistSpawn,WeaponSetData,WeaponSetData,WeaponData_Chronos.lua,defined,1,,,,,1.139672,24556151
ChronosCultistSpawn_Elite,WeaponSetData,WeaponSetData,WeaponData_Chronos.lua,defined,2,ChronosCultistSpawn,,,,1.139672,24556151
ChronosDash,WeaponSetData,WeaponSetData,WeaponData_Chronos.lua,defined,2,,,,,1.139672,24556151
ChronosDashComboBreaker,WeaponSetData,WeaponSetData,WeaponData_Chronos.lua,defined,2,ChronosDash,,,,1.139672,24556151
ChronosDashRadial,WeaponSetData,WeaponSetData,WeaponData_Chronos.lua,defined,2,,,,,1.139672,24556151
ChronosDashRadialSmall,WeaponSetData,WeaponSetData,WeaponData_Chronos.lua,defined,1,,,,,1.139672,24556151
ChronosDefense,WeaponSetData,WeaponSetData,WeaponData_Chronos.lua,defined,3,,,,,1.139672,24556151
ChronosDefense2,WeaponSetData,WeaponSetData,WeaponData_Chronos.lua,defined,2,ChronosDefense,,,,1.139672,24556151
ChronosDefense2_Elite,WeaponSetData,WeaponSetData,WeaponData_Chronos.lua,defined,2,ChronosDefense2,,,,1.139672,24556151
ChronosDefense3,WeaponSetData,WeaponSetData,WeaponData_Chronos.lua,defined,2,ChronosDefense,,,,1.139672,24556151
ChronosDefense3_SuperElite,WeaponSetData,WeaponSetData,WeaponData_Chronos.lua,defined,2,ChronosDefense,,,,1.139672,24556151
ChronosDefense_Elite,WeaponSetData,WeaponSetData,WeaponData_Chronos.lua,defined,2,ChronosDefense,,,,1.139672,24556151
ChronosDownStrike,WeaponSetData,WeaponSetData,WeaponData_Chronos.lua,defined,4,,,,,1.139672,24556151
ChronosDownStrike_P3,WeaponSetData,WeaponSetData,WeaponData_Chronos.lua,defined,2,ChronosDownStrike,,,,1.139672,24556151
ChronosEMComboSelector_P1,WeaponSetData,WeaponSetData,WeaponData_Chronos.lua,defined,3,,,,,1.139672,24556151
ChronosEMComboSelector_P2,WeaponSetData,WeaponSetData,WeaponData_Chronos.lua,defined,2,,,,,1.139672,24556151
ChronosEMRushThrow,WeaponSetData,WeaponSetData,WeaponData_Chronos.lua,defined,4,,,,,1.139672,24556151
ChronosEMSwingRush,WeaponSetData,WeaponSetData,WeaponData_Chronos.lua,defined,4,,,,,1.139672,24556151
ChronosEMTripleSwing,WeaponSetData,WeaponSetData,WeaponData_Chronos.lua,defined,4,,,,,1.139672,24556151
ChronosEggPhaseCombo1,WeaponSetData,WeaponSetData,WeaponData_Chronos.lua,defined,3,,,,,1.139672,24556151
ChronosEggPhaseCombo2,WeaponSetData,WeaponSetData,WeaponData_Chronos.lua,defined,3,,,,,1.139672,24556151
ChronosEliteSpawn1,WeaponSetData,WeaponSetData,WeaponData_Chronos.lua,defined,1,,,,,1.139672,24556151
ChronosEliteSpawn2,WeaponSetData,WeaponSetData,WeaponData_Chronos.lua,defined,1,,,,,1.139672,24556151
ChronosEliteSpawn3,WeaponSetData,WeaponSetData,WeaponData_Chronos.lua,defined,1,,,,,1.139672,24556151
ChronosGrind,WeaponSetData,WeaponSetData,WeaponData_Chronos.lua,defined,3,,,,,1.139672,24556151
ChronosGrind_Assist,WeaponSetData,WeaponSetData,WeaponData_Chronos.lua,defined,4,ChronosGrind,,,,1.139672,24556151
ChronosGrind_P3,WeaponSetData,WeaponSetData,WeaponData_Chronos.lua,defined,3,,,,,1.139672,24556151
ChronosLungeMelee_P3,WeaponSetData,WeaponSetData,WeaponData_Chronos.lua,defined,4,,,,,1.139672,24556151
ChronosLungeMelee_Shadow,WeaponSetData,WeaponSetData,WeaponData_Chronos.lua,defined,3,,,,,1.139672,24556151
ChronosMeleeComboSelector,WeaponSetData,WeaponSetData,WeaponData_Chronos.lua,defined,3,,,,,1.139672,24556151
ChronosMeleeEMCombo,WeaponSetData,WeaponSetData,WeaponData_Chronos.lua,defined,3,,,,,1.139672,24556151
ChronosNumberCombo,WeaponSetData,WeaponSetData,WeaponData_Chronos.lua,defined,4,,,,,1.139672,24556151
ChronosOrbit1_CurseAssist,WeaponSetData,WeaponSetData,WeaponData_Chronos.lua,defined,3,,,,,1.139672,24556151
ChronosOrbit2_CurseAssist,WeaponSetData,WeaponSetData,WeaponData_Chronos.lua,defined,2,ChronosOrbit1_CurseAssist,,,,1.139672,24556151
ChronosOrbit3_CurseAssist,WeaponSetData,WeaponSetData,WeaponData_Chronos.lua,defined,2,ChronosOrbit1_CurseAssist,,,,1.139672,24556151
ChronosOrbit4_CurseAssist,WeaponSetData,WeaponSetData,WeaponData_Chronos.lua,defined,3,ChronosOrbit1_CurseAssist,,,,1.139672,24556151
ChronosPassiveNumberSequence,WeaponSetData,WeaponSetData,WeaponData_Chronos.lua,defined,2,,,,,1.139672,24556151
ChronosPassiveNumberSequence2,WeaponSetData,WeaponSetData,WeaponData_Chronos.lua,defined,2,ChronosPassiveNumberSequence,,,,1.139672,24556151
ChronosPassiveNumberSequence3,WeaponSetData,WeaponSetData,WeaponData_Chronos.lua,defined,2,ChronosPassiveNumberSequence,,,,1.139672,24556151
ChronosRadial,WeaponSetData,WeaponSetData,WeaponData_Chronos.lua,defined,4,,,,,1.139672,24556151
ChronosRadial2,WeaponSetData,WeaponSetData,WeaponData_Chronos.lua,defined,3,,,,,1.139672,24556151
ChronosRadial2QuickClock,WeaponSetData,WeaponSetData,WeaponData_Chronos.lua,defined,1,,,,,1.139672,24556151
ChronosRadial2_Assist,WeaponSetData,WeaponSetData,WeaponData_Chronos.lua,defined,3,ChronosRadial2,,,,1.139672,24556151
ChronosRadial3,WeaponSetData,WeaponSetData,WeaponData_Chronos.lua,defined,3,,,,,1.139672,24556151
ChronosRadial3Bubbles,WeaponSetData,WeaponSetData,WeaponData_Chronos.lua,defined,1,,,,,1.139672,24556151
ChronosRadial3_Assist,WeaponSetData,WeaponSetData,WeaponData_Chronos.lua,defined,3,ChronosRadial3,,,,1.139672,24556151
ChronosRadial3_EM,WeaponSetData,WeaponSetData,WeaponData_Chronos.lua,defined,4,,,,,1.139672,24556151
ChronosRadialChained,WeaponSetData,WeaponSetData,WeaponData_Chronos.lua,defined,2,ChronosRadial,,,,1.139672,24556151
ChronosRadialIn,WeaponSetData,WeaponSetData,WeaponData_Chronos.lua,defined,3,,,,,1.139672,24556151
ChronosRadialIn2,WeaponSetData,WeaponSetData,WeaponData_Chronos.lua,defined,3,ChronosRadialIn,,,,1.139672,24556151
ChronosRadial_P3,WeaponSetData,WeaponSetData,WeaponData_Chronos.lua,defined,4,ChronosRadial,,,,1.139672,24556151
ChronosRush,WeaponSetData,WeaponSetData,WeaponData_Chronos.lua,defined,3,,,,,1.139672,24556151
ChronosRushCombo,WeaponSetData,WeaponSetData,WeaponData_Chronos.lua,defined,3,,,,,1.139672,24556151
ChronosRushComboEnd,WeaponSetData,WeaponSetData,WeaponData_Chronos.lua,defined,2,ChronosRush,,,,1.139672,24556151
ChronosRushComboMiddle,WeaponSetData,WeaponSetData,WeaponData_Chronos.lua,defined,2,ChronosRush,,,,1.139672,24556151
ChronosRushComboStart,WeaponSetData,WeaponSetData,WeaponData_Chronos.lua,defined,2,ChronosRush,,,,1.139672,24556151
ChronosRushKnockback,WeaponSetData,WeaponSetData,WeaponData_Chronos.lua,defined,2,,,,,1.139672,24556151
ChronosRushQuick_P3,WeaponSetData,WeaponSetData,WeaponData_Chronos.lua,defined,3,ChronosRush,,,,1.139672,24556151
ChronosRushRipple,WeaponSetData,WeaponSetData,WeaponData_Chronos.lua,defined,1,,,,,1.139672,24556151
ChronosRushRipple_P3,WeaponSetData,WeaponSetData,WeaponData_Chronos.lua,defined,1,,,,,1.139672,24556151
ChronosRushSwingCombo,WeaponSetData,WeaponSetData,WeaponData_Chronos.lua,defined,3,,,,,1.139672,24556151
ChronosRush_Assist,WeaponSetData,WeaponSetData,WeaponData_Chronos.lua,defined,4,ChronosRush,,,,1.139672,24556151
ChronosRush_P3,WeaponSetData,WeaponSetData,WeaponData_Chronos.lua,defined,3,ChronosRush,,,,1.139672,24556151
ChronosScytheThrow,WeaponSetData,WeaponSetData,WeaponData_Chronos.lua,defined,3,,,,,1.139672,24556151
ChronosScytheThrow2_P3,WeaponSetData,WeaponSetData,WeaponData_Chronos.lua,defined,2,ChronosScytheThrow,,,,1.139672,24556151
ChronosScytheThrowDouble_P3,WeaponSetData,WeaponSetData,WeaponData_Chronos.lua,defined,4,,,,,1.139672,24556151
ChronosScytheThrow_Assist,WeaponSetData,WeaponSetData,WeaponData_Chronos.lua,defined,4,ChronosScytheThrow,,,,1.139672,24556151
ChronosScytheThrow_P3,WeaponSetData,WeaponSetData,WeaponData_Chronos.lua,defined,2,ChronosScytheThrow,,,,1.139672,24556151
ChronosSelfRadial,WeaponSetData,WeaponSetData,WeaponData_Chronos.lua,defined,2,,,,,1.139672,24556151
ChronosShadowExit,WeaponSetData,WeaponSetData,WeaponData_Chronos.lua,defined,2,,,,,1.139672,24556151
ChronosShadowSummon,WeaponSetData,WeaponSetData,WeaponData_Chronos.lua,defined,3,,,,,1.139672,24556151
ChronosShadowSummonUltimate,WeaponSetData,WeaponSetData,WeaponData_Chronos.lua,defined,4,ChronosShadowSummon,,,,1.139672,24556151
ChronosSuperEliteSpawn1,WeaponSetData,WeaponSetData,WeaponData_Chronos.lua,defined,1,,,,,1.139672,24556151
ChronosSwingCombo,WeaponSetData,WeaponSetData,WeaponData_Chronos.lua,defined,3,,,,,1.139672,24556151
ChronosSwingLeft,WeaponSetData,WeaponSetData,WeaponData_Chronos.lua,defined,3,,,,,1.139672,24556151
ChronosSwingLeftComboEnd,WeaponSetData,WeaponSetData,WeaponData_Chronos.lua,defined,2,ChronosSwingLeft,,,,1.139672,24556151
ChronosSwingLeftComboMiddle,WeaponSetData,WeaponSetData,WeaponData_Chronos.lua,defined,2,ChronosSwingLeft,,,,1.139672,24556151
ChronosSwingRight,WeaponSetData,WeaponSetData,WeaponData_Chronos.lua,defined,3,,,,,1.139672,24556151
ChronosSwingRightComboMiddle,WeaponSetData,WeaponSetData,WeaponData_Chronos.lua,defined,2,ChronosSwingRight,,,,1.139672,24556151
ChronosSwingRightComboStart,WeaponSetData,WeaponSetData,WeaponData_Chronos.lua,defined,2,ChronosSwingRight,,,,1.139672,24556151
ChronosSwingRushCombo,WeaponSetData,WeaponSetData,WeaponData_Chronos.lua,defined,3,,,,,1.139672,24556151
ChronosTeleportOut,WeaponSetData,WeaponSetData,WeaponData_Chronos.lua,defined,2,,,,,1.139672,24556151
ChronosTeleport_CurseAssist,WeaponSetData,WeaponSetData,WeaponData_Chronos.lua,defined,3,,,,,1.139672,24556151
ChronosTelescopeSwingRight,WeaponSetData,WeaponSetData,WeaponData_Chronos.lua,defined,4,,,,,1.139672,24556151
ChronosTelescopeSwingRightRipples_P3,WeaponSetData,WeaponSetData,WeaponData_Chronos.lua,defined,2,,,,,1.139672,24556151
ChronosTelescopeSwingRight_Assist,WeaponSetData,WeaponSetData,WeaponData_Chronos.lua,defined,4,ChronosTelescopeSwingRight,,,,1.139672,24556151
ChronosTelescopeSwingRight_P3,WeaponSetData,WeaponSetData,WeaponData_Chronos.lua,defined,3,ChronosTelescopeSwingRight,,,,1.139672,24556151
ChronosTimeElementalSpawn,WeaponSetData,WeaponSetData,WeaponData_Chronos.lua,defined,1,,,,,1.139672,24556151
ChronosTimeElementalSpawn_Elite,WeaponSetData,WeaponSetData,WeaponData_Chronos.lua,defined,2,ChronosTimeElementalSpawn,,,,1.139672,24556151
ChronosUltimate,WeaponSetData,WeaponSetData,WeaponData_Chronos.lua,defined,3,,,,,1.139672,24556151
ChronosUltimateMeleeCombo_P3,WeaponSetData,WeaponSetData,WeaponData_Chronos.lua,defined,3,,,,,1.139672,24556151
ChronosUltimate_P3,WeaponSetData,WeaponSetData,WeaponData_Chronos.lua,defined,3,ChronosUltimate,,,,1.139672,24556151
ChronosWringerSpawns,WeaponSetData,WeaponSetData,WeaponData_Chronos.lua,defined,4,,,,,1.139672,24556151
CocoonSpawnBlast,WeaponSetData,WeaponSetData,WeaponData_Traps.lua,defined,1,,,,,1.139672,24556151
CorruptedShadeLNova,WeaponSetData,WeaponSetData,WeaponData_Corrupted.lua,defined,3,,,,,1.139672,24556151
CorruptedShadeLNovaChained,WeaponSetData,WeaponSetData,WeaponData_Corrupted.lua,defined,2,CorruptedShadeLNova,,,,1.139672,24556151
CorruptedShadeLNovaChained_Elite,WeaponSetData,WeaponSetData,WeaponData_Corrupted.lua,defined,2,CorruptedShadeLNova_Elite,,,,1.139672,24556151
CorruptedShadeLNova_Elite,WeaponSetData,WeaponSetData,WeaponData_Corrupted.lua,defined,2,CorruptedShadeLNova,,,,1.139672,24556151
CorruptedShadeLVacuum,WeaponSetData,WeaponSetData,WeaponData_Corrupted.lua,defined,3,,,,,1.139672,24556151
CorruptedShadeLVacuum_Elite,WeaponSetData,WeaponSetData,WeaponData_Corrupted.lua,defined,2,CorruptedShadeLVacuum,,,,1.139672,24556151
CorruptedShadeMRam,WeaponSetData,WeaponSetData,WeaponData_Corrupted.lua,defined,2,,,,,1.139672,24556151
CorruptedShadeSCast,WeaponSetData,WeaponSetData,WeaponData_Corrupted.lua,defined,2,,,,,1.139672,24556151
CorruptedShadeSCast_Elite,WeaponSetData,WeaponSetData,WeaponData_Corrupted.lua,defined,2,CorruptedShadeSCast,,,,1.139672,24556151
CrawlerBurrow,WeaponSetData,WeaponSetData,WeaponData_Crawler.lua,defined,2,,,,,1.139672,24556151
CrawlerBurrow_Miniboss,WeaponSetData,WeaponSetData,WeaponData_Crawler.lua,defined,2,CrawlerBurrow,,,,1.139672,24556151
CrawlerMinibossSlam,WeaponSetData,WeaponSetData,WeaponData_Crawler.lua,defined,3,,,,,1.139672,24556151
CrawlerMinibossSummon,WeaponSetData,WeaponSetData,WeaponData_Crawler.lua,defined,6,,,,,1.139672,24556151
CrawlerRush,WeaponSetData,WeaponSetData,WeaponData_Crawler.lua,defined,2,,,,,1.139672,24556151
CrawlerRush_Miniboss,WeaponSetData,WeaponSetData,WeaponData_Crawler.lua,defined,2,,,,,1.139672,24556151
CrawlerRush_Shadow,WeaponSetData,WeaponSetData,WeaponData_Crawler.lua,defined,3,CrawlerRush_Miniboss,,,,1.139672,24556151
DemeterStatueFrostStorm,WeaponSetData,WeaponSetData,WeaponData_Traps.lua,defined,2,,,,,1.139672,24556151
DespairElementalChase,WeaponSetData,WeaponSetData,WeaponData_Elemental.lua,defined,2,,,,,1.139672,24556151
DespairElementalChase_Ally,WeaponSetData,WeaponSetData,WeaponData_Elemental.lua,defined,2,DespairElementalChase,,,,1.139672,24556151
DespairElementalRam,WeaponSetData,WeaponSetData,WeaponData_Elemental.lua,defined,1,,,,,1.139672,24556151
DestructibleMastSplinter,WeaponSetData,WeaponSetData,WeaponData_Traps.lua,defined,2,,,,,1.139672,24556151
DestructibleTreeSplinter,WeaponSetData,WeaponSetData,WeaponData_Traps.lua,defined,2,,,,,1.139672,24556151
DevotionAphrodite,WeaponSetData,WeaponSetData,WeaponData_Devotion.lua,defined,1,,,,,1.139672,24556151
DevotionApollo,WeaponSetData,WeaponSetData,WeaponData_Devotion.lua,defined,1,,,,,1.139672,24556151
DevotionAres,WeaponSetData,WeaponSetData,WeaponData_Devotion.lua,defined,1,,,,,1.139672,24556151
DevotionDemeter,WeaponSetData,WeaponSetData,WeaponData_Devotion.lua,defined,1,,,,,1.139672,24556151
DevotionHephaestus,WeaponSetData,WeaponSetData,WeaponData_Devotion.lua,defined,1,,,,,1.139672,24556151
DevotionHera,WeaponSetData,WeaponSetData,WeaponData_Devotion.lua,defined,1,,,,,1.139672,24556151
DevotionHestia,WeaponSetData,WeaponSetData,WeaponData_Devotion.lua,defined,1,,,,,1.139672,24556151
DevotionPoseidon,WeaponSetData,WeaponSetData,WeaponData_Devotion.lua,defined,1,,,,,1.139672,24556151
DevotionZeus,WeaponSetData,WeaponSetData,WeaponData_Devotion.lua,defined,1,,,,,1.139672,24556151
DragonBreath,WeaponSetData,WeaponSetData,WeaponData_Dragon.lua,defined,3,,,,,1.139672,24556151
DragonBreath_MiniBoss,WeaponSetData,WeaponSetData,WeaponData_Dragon.lua,defined,4,DragonBreath,,,,1.139672,24556151
DragonBreath_MiniBoss_Ally,WeaponSetData,WeaponSetData,WeaponData_Dragon.lua,defined,2,DragonBreath_MiniBoss,,,,1.139672,24556151
DragonBurrowerBurrow,WeaponSetData,WeaponSetData,EnemyData_DragonBurrower.lua,defined,2,,,,,1.139672,24556151
DragonBurrowerRanged,WeaponSetData,WeaponSetData,EnemyData_DragonBurrower.lua,defined,3,,,,,1.139672,24556151
DragonBurrowerRanged_Elite,WeaponSetData,WeaponSetData,EnemyData_DragonBurrower.lua,defined,2,DragonBurrowerRanged,,,,1.139672,24556151
DragonBurrowerUnburrow,WeaponSetData,WeaponSetData,EnemyData_DragonBurrower.lua,defined,1,,,,,1.139672,24556151
DragonGlide,WeaponSetData,WeaponSetData,WeaponData_Dragon.lua,defined,3,,,,,1.139672,24556151
DragonGlide_Miniboss,WeaponSetData,WeaponSetData,WeaponData_Dragon.lua,defined,3,DragonGlide,,,,1.139672,24556151
DragonTailWhip,WeaponSetData,WeaponSetData,WeaponData_Dragon.lua,defined,3,,,,,1.139672,24556151
DragonTailWhip_Miniboss,WeaponSetData,WeaponSetData,WeaponData_Dragon.lua,defined,3,DragonTailWhip,,,,1.139672,24556151
DragonWhirlLeft,WeaponSetData,WeaponSetData,WeaponData_Dragon.lua,defined,4,,,,,1.139672,24556151
DragonWhirlRight,WeaponSetData,WeaponSetData,WeaponData_Dragon.lua,defined,3,DragonWhirlLeft,,,,1.139672,24556151
DrunkBarrel,WeaponSetData,WeaponSetData,WeaponData_Drunk.lua,defined,3,,,,,1.139672,24556151
DrunkStab,WeaponSetData,WeaponSetData,WeaponData_Drunk.lua,defined,3,,,,,1.139672,24556151
DrunkStab_Elite,WeaponSetData,WeaponSetData,WeaponData_Drunk.lua,defined,3,DrunkStab,,,,1.139672,24556151
DrunkSwingLeft,WeaponSetData,WeaponSetData,WeaponData_Drunk.lua,defined,3,,,,,1.139672,24556151
DrunkSwingLeft_Elite,WeaponSetData,WeaponSetData,WeaponData_Drunk.lua,defined,2,DrunkSwingLeft,,,,1.139672,24556151
DrunkSwingRight,WeaponSetData,WeaponSetData,WeaponData_Drunk.lua,defined,3,,,,,1.139672,24556151
DrunkSwingRight_Elite,WeaponSetData,WeaponSetData,WeaponData_Drunk.lua,defined,2,DrunkSwingRight,,,,1.139672,24556151
EagleCastComboLeft_P3,WeaponSetData,WeaponSetData,WeaponData_Eagle.lua,defined,3,,,,,1.139672,24556151
EagleCastComboRight_P3,WeaponSetData,WeaponSetData,WeaponData_Eagle.lua,defined,3,,,,,1.139672,24556151
EagleCastCombo_P2,WeaponSetData,WeaponSetData,WeaponData_Eagle.lua,defined,3,,,,,1.139672,24556151
EagleCombo_Intro,WeaponSetData,WeaponSetData,WeaponData_Eagle.lua,defined,3,,,,,1.139672,24556151
EagleCombo_Spiral,WeaponSetData,WeaponSetData,WeaponData_Eagle.lua,defined,2,,,,,1.139672,24556151
EagleDive_Olympus,WeaponSetData,WeaponSetData,WeaponData_Eagle.lua,defined,2,EagleDive_P1,,,,1.139672,24556151
EagleDive_P1,WeaponSetData,WeaponSetData,WeaponData_Eagle.lua,defined,2,,,,,1.139672,24556151
EagleDive_P2,WeaponSetData,WeaponSetData,WeaponData_Eagle.lua,defined,3,EagleDive_P1,,,,1.139672,24556151
EagleDive_P3,WeaponSetData,WeaponSetData,WeaponData_Eagle.lua,defined,2,EagleDive_P1,,,,1.139672,24556151
EagleDive_Solo,WeaponSetData,WeaponSetData,WeaponData_Eagle.lua,defined,4,EagleDive_P1,,,,1.139672,24556151
EagleFlyUp,WeaponSetData,WeaponSetData,WeaponData_Eagle.lua,defined,1,,,,,1.139672,24556151
EagleFlyUpWhirlwind,WeaponSetData,WeaponSetData,WeaponData_Eagle.lua,defined,3,EagleFlyUp,,,,1.139672,24556151
EagleFlyUpWhirlwind_Olympus,WeaponSetData,WeaponSetData,WeaponData_Eagle.lua,defined,2,EagleFlyUpWhirlwind,,,,1.139672,24556151
EagleInAirLongWait,WeaponSetData,WeaponSetData,WeaponData_Eagle.lua,defined,2,EagleInAirWait,,,,1.139672,24556151
EagleInAirWait,WeaponSetData,WeaponSetData,WeaponData_Eagle.lua,defined,1,,,,,1.139672,24556151
EagleIntro,WeaponSetData,WeaponSetData,WeaponData_Eagle.lua,defined,2,,,,,1.139672,24556151
EagleRollLeft,WeaponSetData,WeaponSetData,WeaponData_Eagle.lua,defined,4,,,,,1.139672,24556151
EagleRollLeft_Fast,WeaponSetData,WeaponSetData,WeaponData_Eagle.lua,defined,2,EagleRollLeft,,,,1.139672,24556151
EagleRollLeft_Olympus,WeaponSetData,WeaponSetData,WeaponData_Eagle.lua,defined,2,EagleRollLeft,,,,1.139672,24556151
EagleRollRight,WeaponSetData,WeaponSetData,WeaponData_Eagle.lua,defined,2,EagleRollLeft,,,,1.139672,24556151
EagleRollRight_Fast,WeaponSetData,WeaponSetData,WeaponData_Eagle.lua,defined,2,EagleRollRight,,,,1.139672,24556151
EagleRollRight_Olympus,WeaponSetData,WeaponSetData,WeaponData_Eagle.lua,defined,2,EagleRollRight,,,,1.139672,24556151
EagleRush,WeaponSetData,WeaponSetData,WeaponData_Eagle.lua,defined,2,,,,,1.139672,24556151
EagleRush_Fast,WeaponSetData,WeaponSetData,WeaponData_Eagle.lua,defined,2,EagleRush,,,,1.139672,24556151
EagleRush_Intro,WeaponSetData,WeaponSetData,WeaponData_Eagle.lua,defined,2,EagleRush,,,,1.139672,24556151
EagleRush_Olympus,WeaponSetData,WeaponSetData,WeaponData_Eagle.lua,defined,2,EagleRush_Fast,,,,1.139672,24556151
EagleSummon,WeaponSetData,WeaponSetData,WeaponData_Eagle.lua,defined,2,,,,,1.139672,24556151
EarthElementalLaser,WeaponSetData,WeaponSetData,EnemyData_EarthElemental.lua,defined,3,,,,,1.139672,24556151
EarthElementalLaser_Elite,WeaponSetData,WeaponSetData,EnemyData_EarthElemental.lua,defined,2,EarthElementalLaser,,,,1.139672,24556151
EarthElementalLaser_Shadow,WeaponSetData,WeaponSetData,EnemyData_EarthElemental.lua,defined,2,EarthElementalLaser,,,,1.139672,24556151
EarthElementalSelfDestruct,WeaponSetData,WeaponSetData,EnemyData_EarthElemental.lua,defined,1,,,,,1.139672,24556151
EliteCastOrbit,WeaponSetData,WeaponSetData,WeaponData_Traps.lua,defined,1,,,,,1.139672,24556151
EliteHex,WeaponSetData,WeaponSetData,WeaponData_Traps.lua,defined,2,,,,,1.139672,24556151
EliteLavaSplash,WeaponSetData,WeaponSetData,WeaponData_Traps.lua,defined,1,,,,,1.139672,24556151
EliteManaDrain,WeaponSetData,WeaponSetData,WeaponData_Traps.lua,defined,1,,,,,1.139672,24556151
EliteRadialBeams,WeaponSetData,WeaponSetData,WeaponData_Traps.lua,defined,2,,,,,1.139672,24556151
EliteRooting,WeaponSetData,WeaponSetData,WeaponData_Traps.lua,defined,2,,,,,1.139672,24556151
EliteRushRipple,WeaponSetData,WeaponSetData,WeaponData_Traps.lua,defined,1,,,,,1.139672,24556151
EliteSpreadHitShields,WeaponSetData,WeaponSetData,WeaponData_Traps.lua,defined,1,,,,,1.139672,24556151
EliteStasisDeath,WeaponSetData,WeaponSetData,WeaponData_Traps.lua,defined,2,,,,,1.139672,24556151
EliteVacuum,WeaponSetData,WeaponSetData,WeaponData_Traps.lua,defined,2,,,,,1.139672,24556151
ErisBackDashCombo,WeaponSetData,WeaponSetData,WeaponData_Eris.lua,defined,3,,,,,1.139672,24556151
ErisBackDashLucifer,WeaponSetData,WeaponSetData,WeaponData_Eris.lua,defined,3,,,,,1.139672,24556151
ErisBombClear,WeaponSetData,WeaponSetData,WeaponData_Eris.lua,defined,3,ErisDashLucifer,,,,1.139672,24556151
ErisBombardment01,WeaponSetData,WeaponSetData,WeaponData_Eris.lua,defined,3,,,,,1.139672,24556151
ErisBombardment02,WeaponSetData,WeaponSetData,WeaponData_Eris.lua,defined,2,ErisBombardment01,,,,1.139672,24556151
ErisBombardment03,WeaponSetData,WeaponSetData,WeaponData_Eris.lua,defined,2,ErisBombardment01,,,,1.139672,24556151
ErisBombardmentChase,WeaponSetData,WeaponSetData,WeaponData_Eris.lua,defined,2,ErisBombardment01,,,,1.139672,24556151
ErisBombardmentEM01,WeaponSetData,WeaponSetData,WeaponData_Eris.lua,defined,2,ErisBombardment01,,,,1.139672,24556151
ErisBombardmentEM02,WeaponSetData,WeaponSetData,WeaponData_Eris.lua,defined,2,ErisBombardment01,,,,1.139672,24556151
ErisDash,WeaponSetData,WeaponSetData,WeaponData_Eris.lua,defined,3,,,,,1.139672,24556151
ErisDashLucifer,WeaponSetData,WeaponSetData,WeaponData_Eris.lua,defined,4,ErisDash,,,,1.139672,24556151
ErisEMSummonAutomaton,WeaponSetData,WeaponSetData,WeaponData_Eris.lua,defined,3,ErisEMSummonBase,,,,1.139672,24556151
ErisEMSummonBase,WeaponSetData,WeaponSetData,WeaponData_Eris.lua,defined,2,ErisSummonBase,,,,1.139672,24556151
ErisEMSummonFishSwarmer,WeaponSetData,WeaponSetData,WeaponData_Eris.lua,defined,3,ErisEMSummonBase,,,,1.139672,24556151
ErisEMSummonFishmanMelee,WeaponSetData,WeaponSetData,WeaponData_Eris.lua,defined,3,ErisEMSummonBase,,,,1.139672,24556151
ErisEMSummonFishmanRanged,WeaponSetData,WeaponSetData,WeaponData_Eris.lua,defined,3,ErisEMSummonBase,,,,1.139672,24556151
ErisEMSummonHarpy,WeaponSetData,WeaponSetData,WeaponData_Eris.lua,defined,3,ErisEMSummonBase,,,,1.139672,24556151
ErisEMSummonJellyfish,WeaponSetData,WeaponSetData,WeaponData_Eris.lua,defined,3,ErisEMSummonBase,,,,1.139672,24556151
ErisEMSummonSelector,WeaponSetData,WeaponSetData,WeaponData_Eris.lua,defined,2,,,,,1.139672,24556151
ErisEMSummonSelector2,WeaponSetData,WeaponSetData,WeaponData_Eris.lua,defined,2,,,,,1.139672,24556151
ErisEMSummonSwab,WeaponSetData,WeaponSetData,WeaponData_Eris.lua,defined,3,ErisEMSummonBase,,,,1.139672,24556151
ErisEMSummonTurtle,WeaponSetData,WeaponSetData,WeaponData_Eris.lua,defined,3,ErisEMSummonBase,,,,1.139672,24556151
ErisFlyDown,WeaponSetData,WeaponSetData,WeaponData_Eris.lua,defined,1,,,,,1.139672,24556151
ErisFlyUp,WeaponSetData,WeaponSetData,WeaponData_Eris.lua,defined,2,,,,,1.139672,24556151
ErisFlyUp_P4,WeaponSetData,WeaponSetData,WeaponData_Eris.lua,defined,2,ErisFlyUp,,,,1.139672,24556151
ErisGrenade,WeaponSetData,WeaponSetData,WeaponData_Eris.lua,defined,2,,,,,1.139672,24556151
ErisGrenadeCluster01,WeaponSetData,WeaponSetData,WeaponData_Eris.lua,defined,3,ErisGrenade,,,,1.139672,24556151
ErisGrenadeCluster02,WeaponSetData,WeaponSetData,WeaponData_Eris.lua,defined,3,ErisGrenade,,,,1.139672,24556151
ErisGrenadeCluster03,WeaponSetData,WeaponSetData,WeaponData_Eris.lua,defined,3,ErisGrenade,,,,1.139672,24556151
ErisGrenadeLucifer,WeaponSetData,WeaponSetData,WeaponData_Eris.lua,defined,4,ErisGrenade,,,,1.139672,24556151
ErisGrenadeLuciferCluster01,WeaponSetData,WeaponSetData,WeaponData_Eris.lua,defined,4,ErisGrenade,,,,1.139672,24556151
ErisGrenadeLuciferCluster02,WeaponSetData,WeaponSetData,WeaponData_Eris.lua,defined,2,ErisGrenadeLuciferCluster01,,,,1.139672,24556151
ErisGrenadeLuciferCluster03,WeaponSetData,WeaponSetData,WeaponData_Eris.lua,defined,2,ErisGrenadeLuciferCluster01,,,,1.139672,24556151
ErisGrenadeSelfBuff,WeaponSetData,WeaponSetData,WeaponData_Eris.lua,defined,2,,,,,1.139672,24556151
ErisGrenadeSelfBuffFinal,WeaponSetData,WeaponSetData,WeaponData_Eris.lua,defined,3,ErisGrenadeSelfBuff,,,,1.139672,24556151
ErisKnockback,WeaponSetData,WeaponSetData,WeaponData_Eris.lua,defined,2,,,,,1.139672,24556151
ErisLaserStrafeLeft,WeaponSetData,WeaponSetData,WeaponData_Eris.lua,defined,3,,,,,1.139672,24556151
ErisLaserStrafeLeft2,WeaponSetData,WeaponSetData,WeaponData_Eris.lua,defined,2,ErisLaserStrafeLeft,,,,1.139672,24556151
ErisLaserStrafeLeft3,WeaponSetData,WeaponSetData,WeaponData_Eris.lua,defined,3,ErisLaserStrafeLeft2,,,,1.139672,24556151
ErisLaserStrafeRight,WeaponSetData,WeaponSetData,WeaponData_Eris.lua,defined,2,ErisLaserStrafeLeft,,,,1.139672,24556151
ErisLaserStrafeRight2,WeaponSetData,WeaponSetData,WeaponData_Eris.lua,defined,2,ErisLaserStrafeRight,,,,1.139672,24556151
ErisLaserStrafeRight3,WeaponSetData,WeaponSetData,WeaponData_Eris.lua,defined,3,ErisLaserStrafeRight2,,,,1.139672,24556151
ErisLaserSweepLeft,WeaponSetData,WeaponSetData,WeaponData_Eris.lua,defined,3,,,,,1.139672,24556151
ErisLaserSweepLeft2,WeaponSetData,WeaponSetData,WeaponData_Eris.lua,defined,2,ErisLaserSweepLeft,,,,1.139672,24556151
ErisLaserSweepRight,WeaponSetData,WeaponSetData,WeaponData_Eris.lua,defined,2,ErisLaserSweepLeft,,,,1.139672,24556151
ErisLaserSweepRight2,WeaponSetData,WeaponSetData,WeaponData_Eris.lua,defined,2,ErisLaserSweepRight,,,,1.139672,24556151
ErisMultiStrike,WeaponSetData,WeaponSetData,WeaponData_Eris.lua,defined,3,,,,,1.139672,24556151
ErisPostBuffCombo1,WeaponSetData,WeaponSetData,WeaponData_Eris.lua,defined,3,,,,,1.139672,24556151
ErisPostBuffCombo2,WeaponSetData,WeaponSetData,WeaponData_Eris.lua,defined,3,,,,,1.139672,24556151
ErisReload,WeaponSetData,WeaponSetData,WeaponData_Eris.lua,defined,2,,,,,1.139672,24556151
ErisReloadJam,WeaponSetData,WeaponSetData,WeaponData_Eris.lua,defined,2,,,,,1.139672,24556151
ErisRelocate3,WeaponSetData,WeaponSetData,WeaponData_Eris.lua,defined,3,ErisSpray,,,,1.139672,24556151
ErisRelocateStrike,WeaponSetData,WeaponSetData,WeaponData_Eris.lua,defined,1,,,,,1.139672,24556151
ErisRelocateStrike2,WeaponSetData,WeaponSetData,WeaponData_Eris.lua,defined,1,,,,,1.139672,24556151
ErisRelocate_Down,WeaponSetData,WeaponSetData,WeaponData_Eris.lua,defined,1,,,,,1.139672,24556151
ErisRelocate_Down_P4,WeaponSetData,WeaponSetData,WeaponData_Eris.lua,defined,2,ErisRelocate_Down,,,,1.139672,24556151
ErisRelocate_Up,WeaponSetData,WeaponSetData,WeaponData_Eris.lua,defined,1,,,,,1.139672,24556151
ErisRelocate_Up_P4,WeaponSetData,WeaponSetData,WeaponData_Eris.lua,defined,2,ErisRelocate_Up,,,,1.139672,24556151
ErisSnipe,WeaponSetData,WeaponSetData,WeaponData_Eris.lua,defined,4,,,,,1.139672,24556151
ErisSnipe1,WeaponSetData,WeaponSetData,WeaponData_Eris.lua,defined,3,ErisSnipe,,,,1.139672,24556151
ErisSnipe2,WeaponSetData,WeaponSetData,WeaponData_Eris.lua,defined,3,ErisSnipe,,,,1.139672,24556151
ErisSnipe3,WeaponSetData,WeaponSetData,WeaponData_Eris.lua,defined,3,ErisSnipe,,,,1.139672,24556151
ErisSpray,WeaponSetData,WeaponSetData,WeaponData_Eris.lua,defined,3,,,,,1.139672,24556151
ErisSpreadFire,WeaponSetData,WeaponSetData,WeaponData_Eris.lua,defined,3,,,,,1.139672,24556151
ErisSummon01,WeaponSetData,WeaponSetData,WeaponData_Eris.lua,defined,3,ErisSummonBase,,,,1.139672,24556151
ErisSummon02,WeaponSetData,WeaponSetData,WeaponData_Eris.lua,defined,3,ErisSummonBase,,,,1.139672,24556151
ErisSummon03,WeaponSetData,WeaponSetData,WeaponData_Eris.lua,defined,3,ErisSummonBase,,,,1.139672,24556151
ErisSummon04,WeaponSetData,WeaponSetData,WeaponData_Eris.lua,defined,3,ErisSummonBase,,,,1.139672,24556151
ErisSummonBase,WeaponSetData,WeaponSetData,WeaponData_Eris.lua,defined,2,,,,,1.139672,24556151
ErisSummonSelector,WeaponSetData,WeaponSetData,WeaponData_Eris.lua,defined,2,,,,,1.139672,24556151
ErisSummonSelector2,WeaponSetData,WeaponSetData,WeaponData_Eris.lua,defined,2,,,,,1.139672,24556151
ErisWindBuffet,WeaponSetData,WeaponSetData,WeaponData_Eris.lua,defined,3,,,,,1.139672,24556151
EyeBombExplosion,WeaponSetData,WeaponSetData,WeaponData_Traps.lua,defined,1,,,,,1.139672,24556151
EyeballChase,WeaponSetData,WeaponSetData,EnemyData_Eyeball.lua,defined,2,,,,,1.139672,24556151
EyeballExplode,WeaponSetData,WeaponSetData,EnemyData_Eyeball.lua,defined,1,,,,,1.139672,24556151
EyeballRam,WeaponSetData,WeaponSetData,EnemyData_Eyeball.lua,defined,1,,,,,1.139672,24556151
EyeballSplash,WeaponSetData,WeaponSetData,EnemyData_Eyeball.lua,defined,1,,,,,1.139672,24556151
FireBarrelExplosion,WeaponSetData,WeaponSetData,WeaponData_Traps.lua,defined,2,,,,,1.139672,24556151
FireBarrelExplosionShips,WeaponSetData,WeaponSetData,WeaponData_Traps.lua,defined,2,FireBarrelExplosion,,,,1.139672,24556151
FireBarrelFireSpread,WeaponSetData,WeaponSetData,WeaponData_Traps.lua,defined,1,,,,,1.139672,24556151
FishSwarmerBite,WeaponSetData,WeaponSetData,WeaponData_FishSwarmer.lua,defined,2,,,,,1.139672,24556151
FishSwarmerBiteCombo_Elite,WeaponSetData,WeaponSetData,WeaponData_FishSwarmer.lua,defined,3,,,,,1.139672,24556151
FishSwarmerBiteFinal_Elite,WeaponSetData,WeaponSetData,WeaponData_FishSwarmer.lua,defined,2,FishSwarmerBite_Elite,,,,1.139672,24556151
FishSwarmerBite_Elite,WeaponSetData,WeaponSetData,WeaponData_FishSwarmer.lua,defined,2,FishSwarmerBite,,,,1.139672,24556151
Fishman2Impale,WeaponSetData,WeaponSetData,WeaponData_Fishman.lua,defined,2,FishmanImpale,,,,1.139672,24556151
Fishman2Impale_Ally,WeaponSetData,WeaponSetData,WeaponData_Fishman.lua,defined,2,Fishman2Impale,,,,1.139672,24556151
FishmanDrag,WeaponSetData,WeaponSetData,WeaponData_Fishman.lua,defined,2,,,,,1.139672,24556151
FishmanImpale,WeaponSetData,WeaponSetData,WeaponData_Fishman.lua,defined,2,,,,,1.139672,24556151
FishmanImpale_Elite,WeaponSetData,WeaponSetData,WeaponData_Fishman.lua,defined,2,FishmanImpale,,,,1.139672,24556151
FishmanMelee2Drag,WeaponSetData,WeaponSetData,WeaponData_Fishman.lua,defined,3,FishmanDrag,,,,1.139672,24556151
FishmanMeleeDrag_Elite,WeaponSetData,WeaponSetData,WeaponData_Fishman.lua,defined,3,FishmanDrag,,,,1.139672,24556151
FishmanMeleeSlam,WeaponSetData,WeaponSetData,WeaponData_Fishman.lua,defined,5,,,,,1.139672,24556151
FishmanRanged,WeaponSetData,WeaponSetData,WeaponData_Fishman.lua,defined,2,,FishmanRanged,海河马,,1.139672,24556151
FishmanRangedSelfDestruct,WeaponSetData,WeaponSetData,WeaponData_Fishman.lua,defined,2,,,,,1.139672,24556151
FishmanRanged_Elite,WeaponSetData,WeaponSetData,WeaponData_Fishman.lua,defined,2,FishmanRanged,FishmanRanged_Elite,{!Icons.BountySkull} 海河马,,1.139672,24556151
FloodTrapWeapon,WeaponSetData,WeaponSetData,WeaponData_Traps.lua,defined,2,,,,,1.139672,24556151
FogEmitter2Sweep,WeaponSetData,WeaponSetData,WeaponData_FogEmitter.lua,defined,2,FogEmitterSweep,,,,1.139672,24556151
FogEmitterSlam,WeaponSetData,WeaponSetData,WeaponData_FogEmitter.lua,defined,2,,,,,1.139672,24556151
FogEmitterSweep,WeaponSetData,WeaponSetData,WeaponData_FogEmitter.lua,defined,2,,,,,1.139672,24556151
GhostWallWeapon,WeaponSetData,WeaponSetData,WeaponData_Traps.lua,defined,1,,,,,1.139672,24556151
GoldElementalBeam,WeaponSetData,WeaponSetData,WeaponData_Elemental.lua,defined,2,,,,,1.139672,24556151
GoldElementalBeam_Elite,WeaponSetData,WeaponSetData,WeaponData_Elemental.lua,defined,2,GoldElementalBeam,,,,1.139672,24556151
GoldElementalBeam_MiniBoss,WeaponSetData,WeaponSetData,WeaponData_Elemental.lua,defined,3,GoldElementalBeam,,,,1.139672,24556151
GoldElementalGround,WeaponSetData,WeaponSetData,WeaponData_Elemental.lua,defined,3,,,,,1.139672,24556151
GoldElementalJumpCombo,WeaponSetData,WeaponSetData,WeaponData_Elemental.lua,defined,4,,,,,1.139672,24556151
GoldElementalSky,WeaponSetData,WeaponSetData,WeaponData_Elemental.lua,defined,2,,,,,1.139672,24556151
GuardMelee,WeaponSetData,WeaponSetData,WeaponData_Guard.lua,defined,2,,,,,1.139672,24556151
GuardMelee_Elite,WeaponSetData,WeaponSetData,WeaponData_Guard.lua,defined,2,GuardMelee,,,,1.139672,24556151
GuardMelee_Elite2,WeaponSetData,WeaponSetData,WeaponData_Guard.lua,defined,2,GuardMelee,,,,1.139672,24556151
GuardMelee_Elite3,WeaponSetData,WeaponSetData,WeaponData_Guard.lua,defined,2,GuardMelee,,,,1.139672,24556151
GuardSaw,WeaponSetData,WeaponSetData,WeaponData_Guard.lua,defined,2,GuardMelee,,,,1.139672,24556151
GunBombImmolation,WeaponSetData,WeaponSetData,WeaponData_Traps.lua,defined,1,,,,,1.139672,24556151
GunBombWeapon,WeaponSetData,WeaponSetData,WeaponData_Traps.lua,defined,2,,,,,1.139672,24556151
HarpyDashLeft,WeaponSetData,WeaponSetData,WeaponData_Harpy.lua,defined,2,HarpyDashRight,,,,1.139672,24556151
HarpyDashRight,WeaponSetData,WeaponSetData,WeaponData_Harpy.lua,defined,4,,,,,1.139672,24556151
HarpyFlapFast,WeaponSetData,WeaponSetData,WeaponData_Harpy.lua,defined,4,,,,,1.139672,24556151
HarpyFlapFast_Elite,WeaponSetData,WeaponSetData,WeaponData_Harpy.lua,defined,2,HarpyFlapFast,,,,1.139672,24556151
HarpySlice,WeaponSetData,WeaponSetData,WeaponData_Harpy.lua,defined,1,,,,,1.139672,24556151
HarpySlice2,WeaponSetData,WeaponSetData,WeaponData_Harpy.lua,defined,2,HarpySlice,,,,1.139672,24556151
HarpyWind,WeaponSetData,WeaponSetData,WeaponData_Harpy.lua,defined,2,,,,,1.139672,24556151
HarpyWind_Elite,WeaponSetData,WeaponSetData,WeaponData_Harpy.lua,defined,2,HarpyWind,,,,1.139672,24556151
HecateBattleIntro,WeaponSetData,WeaponSetData,WeaponData_Hecate.lua,defined,2,HecateRangedTorchesRing,,,,1.139672,24556151
HecateComboBreakerSplit,WeaponSetData,WeaponSetData,WeaponData_Hecate.lua,defined,1,,,,,1.139672,24556151
HecateDarkSideRanged,WeaponSetData,WeaponSetData,WeaponData_Hecate.lua,defined,3,,,,,1.139672,24556151
HecateDarkSideRangedExtended,WeaponSetData,WeaponSetData,WeaponData_Hecate.lua,defined,3,HecateDarkSideRanged,,,,1.139672,24556151
HecateDarkSideRangedNoDash,WeaponSetData,WeaponSetData,WeaponData_Hecate.lua,defined,3,HecateDarkSideRanged,,,,1.139672,24556151
HecateDarkSideRing,WeaponSetData,WeaponSetData,WeaponData_Hecate.lua,defined,3,,,,,1.139672,24556151
HecateDarkSideTransform,WeaponSetData,WeaponSetData,WeaponData_Hecate.lua,defined,2,,,,,1.139672,24556151
HecateDarkSideTransform2,WeaponSetData,WeaponSetData,WeaponData_Hecate.lua,defined,2,HecateDarkSideTransform,,,,1.139672,24556151
HecateDash,WeaponSetData,WeaponSetData,WeaponData_Hecate.lua,defined,3,,,,,1.139672,24556151
HecateEMSplit,WeaponSetData,WeaponSetData,WeaponData_Hecate.lua,defined,3,HecateSplit1,,,,1.139672,24556151
HecateEM_MeleeCombo,WeaponSetData,WeaponSetData,WeaponData_Hecate.lua,defined,3,,,,,1.139672,24556151
HecateEM_MeleeDouble,WeaponSetData,WeaponSetData,WeaponData_Hecate.lua,defined,3,,,,,1.139672,24556151
HecateEM_MeleeLeft,WeaponSetData,WeaponSetData,WeaponData_Hecate.lua,defined,2,HecateEM_MeleeRight,,,,1.139672,24556151
HecateEM_MeleeRight,WeaponSetData,WeaponSetData,WeaponData_Hecate.lua,defined,3,,,,,1.139672,24556151
HecateLaser,WeaponSetData,WeaponSetData,WeaponData_Hecate.lua,defined,2,,,,,1.139672,24556151
HecateLaser_EM,WeaponSetData,WeaponSetData,WeaponData_Hecate.lua,defined,2,HecateLaser,,,,1.139672,24556151
HecateMelee1,WeaponSetData,WeaponSetData,WeaponData_Hecate.lua,defined,3,,,,,1.139672,24556151
HecateMeleeArcLeft,WeaponSetData,WeaponSetData,WeaponData_Hecate.lua,defined,2,,,,,1.139672,24556151
HecateMeleeArcRight,WeaponSetData,WeaponSetData,WeaponData_Hecate.lua,defined,2,,,,,1.139672,24556151
HecateMeleeCombo1,WeaponSetData,WeaponSetData,WeaponData_Hecate.lua,defined,4,,,,,1.139672,24556151
HecateMeteorShower,WeaponSetData,WeaponSetData,WeaponData_Hecate.lua,defined,1,,,,,1.139672,24556151
HecateMeteorShower_EM,WeaponSetData,WeaponSetData,WeaponData_Hecate.lua,defined,2,HecateMeteorShower,,,,1.139672,24556151
HecateMeteorSmallShower,WeaponSetData,WeaponSetData,WeaponData_Hecate.lua,defined,3,HecateMeteorShower,,,,1.139672,24556151
HecateMeteorSmallShower_EM,WeaponSetData,WeaponSetData,WeaponData_Hecate.lua,defined,2,HecateMeteorSmallShower,,,,1.139672,24556151
HecatePolymorph,WeaponSetData,WeaponSetData,WeaponData_Hecate.lua,defined,2,,,,,1.139672,24556151
HecatePolymorph_EM,WeaponSetData,WeaponSetData,WeaponData_Hecate.lua,defined,2,HecatePolymorph,,,,1.139672,24556151
HecateRangedTorchesCone,WeaponSetData,WeaponSetData,WeaponData_Hecate.lua,defined,3,,,,,1.139672,24556151
HecateRangedTorchesConePhase,WeaponSetData,WeaponSetData,WeaponData_Hecate.lua,defined,3,HecateRangedTorchesCone,,,,1.139672,24556151
HecateRangedTorchesConePhase_EM,WeaponSetData,WeaponSetData,WeaponData_Hecate.lua,defined,2,HecateRangedTorchesConePhase,,,,1.139672,24556151
HecateRangedTorchesFork,WeaponSetData,WeaponSetData,WeaponData_Hecate.lua,defined,2,,,,,1.139672,24556151
HecateRangedTorchesHoming,WeaponSetData,WeaponSetData,WeaponData_Hecate.lua,defined,2,,,,,1.139672,24556151
HecateRangedTorchesHoming_Short,WeaponSetData,WeaponSetData,WeaponData_Hecate.lua,defined,2,HecateRangedTorchesHoming,,,,1.139672,24556151
HecateRangedTorchesLine,WeaponSetData,WeaponSetData,WeaponData_Hecate.lua,defined,2,,,,,1.139672,24556151
HecateRangedTorchesRing,WeaponSetData,WeaponSetData,WeaponData_Hecate.lua,defined,3,,,,,1.139672,24556151
HecateRangedTorchesRingChained,WeaponSetData,WeaponSetData,WeaponData_Hecate.lua,defined,2,HecateRangedTorchesRing,,,,1.139672,24556151
HecateRangedTorchesRingPhase,WeaponSetData,WeaponSetData,WeaponData_Hecate.lua,defined,3,HecateRangedTorchesRing,,,,1.139672,24556151
HecateRangedTorchesRingPhase_EM,WeaponSetData,WeaponSetData,WeaponData_Hecate.lua,defined,2,HecateRangedTorchesRingPhase,,,,1.139672,24556151
HecateRangedTorchesSpiralsPhase,WeaponSetData,WeaponSetData,WeaponData_Hecate.lua,defined,3,,,,,1.139672,24556151
HecateRangedTorchesSpiralsPhase_EM,WeaponSetData,WeaponSetData,WeaponData_Hecate.lua,defined,2,HecateRangedTorchesSpiralsPhase,,,,1.139672,24556151
HecateSplit1,WeaponSetData,WeaponSetData,WeaponData_Hecate.lua,defined,3,,,,,1.139672,24556151
HecateSplit2,WeaponSetData,WeaponSetData,WeaponData_Hecate.lua,defined,3,HecateSplit1,,,,1.139672,24556151
HecateSplit3,WeaponSetData,WeaponSetData,WeaponData_Hecate.lua,defined,3,HecateSplit1,,,,1.139672,24556151
HecateTeleport,WeaponSetData,WeaponSetData,WeaponData_Hecate.lua,defined,3,,,,,1.139672,24556151
HecateTeleport2,WeaponSetData,WeaponSetData,WeaponData_Hecate.lua,defined,2,HecateTeleport,,,,1.139672,24556151
HecateWolfHowl,WeaponSetData,WeaponSetData,WeaponData_Hecate.lua,defined,2,,,,,1.139672,24556151
HeraclesEMLeap,WeaponSetData,WeaponSetData,EnemyData_Heracles.lua,defined,3,,,,,1.139672,24556151
HeraclesEMLeapSpinCombo,WeaponSetData,WeaponSetData,EnemyData_Heracles.lua,defined,4,,,,,1.139672,24556151
HeraclesEMLeap_Passive,WeaponSetData,WeaponSetData,EnemyData_Heracles.lua,defined,3,,,,,1.139672,24556151
HeraclesEMMeleeArc,WeaponSetData,WeaponSetData,EnemyData_Heracles.lua,defined,3,,,,,1.139672,24556151
HeraclesEMMeleeArc_Passive,WeaponSetData,WeaponSetData,EnemyData_Heracles.lua,defined,3,HeraclesEMMeleeArc,,,,1.139672,24556151
HeraclesEMRoar,WeaponSetData,WeaponSetData,EnemyData_Heracles.lua,defined,4,,,,,1.139672,24556151
HeraclesEMRoar_Dummy,WeaponSetData,WeaponSetData,EnemyData_Heracles.lua,defined,2,HeraclesEMRoar,,,,1.139672,24556151
HeraclesEMSpin,WeaponSetData,WeaponSetData,EnemyData_Heracles.lua,defined,3,,,,,1.139672,24556151
HeraclesEMSpinUltimate,WeaponSetData,WeaponSetData,EnemyData_Heracles.lua,defined,2,HeraclesEMSpin,,,,1.139672,24556151
HeraclesRetreatSpin,WeaponSetData,WeaponSetData,EnemyData_Heracles.lua,defined,2,,,,,1.139672,24556151
HestiaStatueFireballs,WeaponSetData,WeaponSetData,WeaponData_Traps.lua,defined,2,,,,,1.139672,24556151
InfestedCerberusBackSwipeL,WeaponSetData,WeaponSetData,WeaponData_InfestedCerberus.lua,defined,4,InfestedCerberusBackSwipeR,,,,1.139672,24556151
InfestedCerberusBackSwipeR,WeaponSetData,WeaponSetData,WeaponData_InfestedCerberus.lua,defined,3,,,,,1.139672,24556151
InfestedCerberusBlock,WeaponSetData,WeaponSetData,WeaponData_InfestedCerberus.lua,defined,2,,,,,1.139672,24556151
InfestedCerberusBlockFollowUp,WeaponSetData,WeaponSetData,WeaponData_InfestedCerberus.lua,defined,3,InfestedCerberusPoundL,,,,1.139672,24556151
InfestedCerberusBlockFollowUp2,WeaponSetData,WeaponSetData,WeaponData_InfestedCerberus.lua,defined,3,InfestedCerberusBackSwipeR,,,,1.139672,24556151
InfestedCerberusBurrow,WeaponSetData,WeaponSetData,WeaponData_InfestedCerberus.lua,defined,5,,,,,1.139672,24556151
InfestedCerberusBurrowMiasmaMagma_EM,WeaponSetData,WeaponSetData,WeaponData_InfestedCerberus.lua,defined,1,,,,,1.139672,24556151
InfestedCerberusCircleSelectorP1,WeaponSetData,WeaponSetData,WeaponData_InfestedCerberus.lua,defined,2,,,,,1.139672,24556151
InfestedCerberusCircleSelectorP2,WeaponSetData,WeaponSetData,WeaponData_InfestedCerberus.lua,defined,2,,,,,1.139672,24556151
InfestedCerberusCircles,WeaponSetData,WeaponSetData,WeaponData_InfestedCerberus.lua,defined,4,,,,,1.139672,24556151
InfestedCerberusCirclesBackGuard,WeaponSetData,WeaponSetData,WeaponData_InfestedCerberus.lua,defined,2,InfestedCerberusCircles,,,,1.139672,24556151
InfestedCerberusCirclesP1_Close,WeaponSetData,WeaponSetData,WeaponData_InfestedCerberus.lua,defined,2,InfestedCerberusCircles,,,,1.139672,24556151
InfestedCerberusCirclesP1_EM,WeaponSetData,WeaponSetData,WeaponData_InfestedCerberus.lua,defined,1,,,,,1.139672,24556151
InfestedCerberusCirclesP1_Far,WeaponSetData,WeaponSetData,WeaponData_InfestedCerberus.lua,defined,2,InfestedCerberusCircles,,,,1.139672,24556151
InfestedCerberusCirclesP1_Intro,WeaponSetData,WeaponSetData,WeaponData_InfestedCerberus.lua,defined,4,InfestedCerberusCircles,,,,1.139672,24556151
InfestedCerberusCirclesP1_Player,WeaponSetData,WeaponSetData,WeaponData_InfestedCerberus.lua,defined,2,InfestedCerberusCircles,,,,1.139672,24556151
InfestedCerberusCirclesP1_Rotating,WeaponSetData,WeaponSetData,WeaponData_InfestedCerberus.lua,defined,3,InfestedCerberusCircles,,,,1.139672,24556151
InfestedCerberusCirclesP1_Spiral,WeaponSetData,WeaponSetData,WeaponData_InfestedCerberus.lua,defined,3,InfestedCerberusCircles,,,,1.139672,24556151
InfestedCerberusCirclesP2_Close,WeaponSetData,WeaponSetData,WeaponData_InfestedCerberus.lua,defined,2,InfestedCerberusCircles,,,,1.139672,24556151
InfestedCerberusCirclesP2_Cone,WeaponSetData,WeaponSetData,WeaponData_InfestedCerberus.lua,defined,2,InfestedCerberusCircles,,,,1.139672,24556151
InfestedCerberusCirclesP2_EM,WeaponSetData,WeaponSetData,WeaponData_InfestedCerberus.lua,defined,1,,,,,1.139672,24556151
InfestedCerberusCirclesP2_Mid,WeaponSetData,WeaponSetData,WeaponData_InfestedCerberus.lua,defined,2,InfestedCerberusCircles,,,,1.139672,24556151
InfestedCerberusCirclesP2_Player,WeaponSetData,WeaponSetData,WeaponData_InfestedCerberus.lua,defined,2,InfestedCerberusCircles,,,,1.139672,24556151
InfestedCerberusCirclesP2_Rotating,WeaponSetData,WeaponSetData,WeaponData_InfestedCerberus.lua,defined,2,InfestedCerberusCircles,,,,1.139672,24556151
InfestedCerberusCirclesP2_Scatter,WeaponSetData,WeaponSetData,WeaponData_InfestedCerberus.lua,defined,2,InfestedCerberusCircles,,,,1.139672,24556151
InfestedCerberusCirclesP2_Spiral,WeaponSetData,WeaponSetData,WeaponData_InfestedCerberus.lua,defined,2,InfestedCerberusCircles,,,,1.139672,24556151
InfestedCerberusFireBallC,WeaponSetData,WeaponSetData,WeaponData_InfestedCerberus.lua,defined,2,InfestedCerberusFireBallL,,,,1.139672,24556151
InfestedCerberusFireBallC2,WeaponSetData,WeaponSetData,WeaponData_InfestedCerberus.lua,defined,2,InfestedCerberusFireBallL,,,,1.139672,24556151
InfestedCerberusFireBallCombo,WeaponSetData,WeaponSetData,WeaponData_InfestedCerberus.lua,defined,4,,,,,1.139672,24556151
InfestedCerberusFireBallCombo2,WeaponSetData,WeaponSetData,WeaponData_InfestedCerberus.lua,defined,4,,,,,1.139672,24556151
InfestedCerberusFireBallL,WeaponSetData,WeaponSetData,WeaponData_InfestedCerberus.lua,defined,2,,,,,1.139672,24556151
InfestedCerberusFireBallR,WeaponSetData,WeaponSetData,WeaponData_InfestedCerberus.lua,defined,2,InfestedCerberusFireBallL,,,,1.139672,24556151
InfestedCerberusFireStreamLungeCombo,WeaponSetData,WeaponSetData,WeaponData_InfestedCerberus.lua,defined,3,,,,,1.139672,24556151
InfestedCerberusFireStream_Short,WeaponSetData,WeaponSetData,WeaponData_InfestedCerberus.lua,defined,3,InfestedCerberus_C_Breath,,,,1.139672,24556151
InfestedCerberusFireballCone_Block,WeaponSetData,WeaponSetData,WeaponData_InfestedCerberus.lua,defined,1,,,,,1.139672,24556151
InfestedCerberusForwardBite,WeaponSetData,WeaponSetData,WeaponData_InfestedCerberus.lua,defined,4,,,,,1.139672,24556151
InfestedCerberusHide,WeaponSetData,WeaponSetData,WeaponData_InfestedCerberus.lua,defined,1,,,,,1.139672,24556151
InfestedCerberusHowlSummonFogEmitters,WeaponSetData,WeaponSetData,WeaponData_InfestedCerberus.lua,defined,3,InfestedCerberusHowlSummons,,,,1.139672,24556151
InfestedCerberusHowlSummonLamiaElite,WeaponSetData,WeaponSetData,WeaponData_InfestedCerberus.lua,defined,2,InfestedCerberusHowlSummons,,,,1.139672,24556151
InfestedCerberusHowlSummonLovesickElite,WeaponSetData,WeaponSetData,WeaponData_InfestedCerberus.lua,defined,2,InfestedCerberusHowlSummons,,,,1.139672,24556151
InfestedCerberusHowlSummonLycanthropeElite,WeaponSetData,WeaponSetData,WeaponData_InfestedCerberus.lua,defined,2,InfestedCerberusHowlSummons,,,,1.139672,24556151
InfestedCerberusHowlSummonMournerElite,WeaponSetData,WeaponSetData,WeaponData_InfestedCerberus.lua,defined,2,InfestedCerberusHowlSummons,,,,1.139672,24556151
InfestedCerberusHowlSummonSelector,WeaponSetData,WeaponSetData,WeaponData_InfestedCerberus.lua,defined,2,,,,,1.139672,24556151
InfestedCerberusHowlSummonSelectorPhase2,WeaponSetData,WeaponSetData,WeaponData_InfestedCerberus.lua,defined,2,,,,,1.139672,24556151
InfestedCerberusHowlSummonShadeLarge,WeaponSetData,WeaponSetData,WeaponData_InfestedCerberus.lua,defined,2,InfestedCerberusHowlSummons,,,,1.139672,24556151
InfestedCerberusHowlSummonShadeLargeElite,WeaponSetData,WeaponSetData,WeaponData_InfestedCerberus.lua,defined,2,InfestedCerberusHowlSummons,,,,1.139672,24556151
InfestedCerberusHowlSummonShadeMedium,WeaponSetData,WeaponSetData,WeaponData_InfestedCerberus.lua,defined,2,InfestedCerberusHowlSummons,,,,1.139672,24556151
InfestedCerberusHowlSummonShadeMediumElite,WeaponSetData,WeaponSetData,WeaponData_InfestedCerberus.lua,defined,2,InfestedCerberusHowlSummons,,,,1.139672,24556151
InfestedCerberusHowlSummonShadeSmall,WeaponSetData,WeaponSetData,WeaponData_InfestedCerberus.lua,defined,2,InfestedCerberusHowlSummons,,,,1.139672,24556151
InfestedCerberusHowlSummonShadeSmallElite,WeaponSetData,WeaponSetData,WeaponData_InfestedCerberus.lua,defined,2,InfestedCerberusHowlSummons,,,,1.139672,24556151
InfestedCerberusHowlSummons,WeaponSetData,WeaponSetData,WeaponData_InfestedCerberus.lua,defined,2,,,,,1.139672,24556151
InfestedCerberusHyperPoundL1,WeaponSetData,WeaponSetData,WeaponData_InfestedCerberus.lua,defined,3,InfestedCerberusPoundL,,,,1.139672,24556151
InfestedCerberusHyperPoundL2,WeaponSetData,WeaponSetData,WeaponData_InfestedCerberus.lua,defined,2,InfestedCerberusPoundL,,,,1.139672,24556151
InfestedCerberusHyperPoundL2Final,WeaponSetData,WeaponSetData,WeaponData_InfestedCerberus.lua,defined,2,InfestedCerberusHyperPoundL2,,,,1.139672,24556151
InfestedCerberusHyperPoundR1,WeaponSetData,WeaponSetData,WeaponData_InfestedCerberus.lua,defined,2,InfestedCerberusPoundR,,,,1.139672,24556151
InfestedCerberusHyperPoundR2,WeaponSetData,WeaponSetData,WeaponData_InfestedCerberus.lua,defined,2,InfestedCerberusPoundR,,,,1.139672,24556151
InfestedCerberusLungeTurn,WeaponSetData,WeaponSetData,WeaponData_InfestedCerberus.lua,defined,3,,,,,1.139672,24556151
InfestedCerberusMiasmaGeyser,WeaponSetData,WeaponSetData,WeaponData_InfestedCerberus.lua,defined,4,,,,,1.139672,24556151
InfestedCerberusPoundCombo,WeaponSetData,WeaponSetData,WeaponData_InfestedCerberus.lua,defined,4,,,,,1.139672,24556151
InfestedCerberusPoundL,WeaponSetData,WeaponSetData,WeaponData_InfestedCerberus.lua,defined,4,,,,,1.139672,24556151
InfestedCerberusPoundR,WeaponSetData,WeaponSetData,WeaponData_InfestedCerberus.lua,defined,4,InfestedCerberusPoundL,,,,1.139672,24556151
InfestedCerberusSwipe,WeaponSetData,WeaponSetData,WeaponData_InfestedCerberus.lua,defined,4,,,,,1.139672,24556151
InfestedCerberusSwipe_NoReqs,WeaponSetData,WeaponSetData,WeaponData_InfestedCerberus.lua,defined,3,InfestedCerberusSwipe,,,,1.139672,24556151
InfestedCerberusTurnSlam,WeaponSetData,WeaponSetData,WeaponData_InfestedCerberus.lua,defined,4,,,,,1.139672,24556151
InfestedCerberusUnburrowRadialInverted,WeaponSetData,WeaponSetData,WeaponData_InfestedCerberus.lua,defined,2,,,,,1.139672,24556151
InfestedCerberusUnburrowRadialInvertedCircle,WeaponSetData,WeaponSetData,WeaponData_InfestedCerberus.lua,defined,3,,,,,1.139672,24556151
InfestedCerberusVacuumC,WeaponSetData,WeaponSetData,WeaponData_InfestedCerberus.lua,defined,3,,,,,1.139672,24556151
InfestedCerberus_C_Breath,WeaponSetData,WeaponSetData,WeaponData_InfestedCerberus.lua,defined,3,,,,,1.139672,24556151
InfestedCerberus_MagmaSplashLine,WeaponSetData,WeaponSetData,WeaponData_InfestedCerberus.lua,defined,1,,,,,1.139672,24556151
InfestedCerberus_MagmaSplashRadial,WeaponSetData,WeaponSetData,WeaponData_InfestedCerberus.lua,defined,1,,,,,1.139672,24556151
JellyfishSting,WeaponSetData,WeaponSetData,EnemyData_Jellyfish.lua,defined,1,,,,,1.139672,24556151
JellyfishSting_Scylla,WeaponSetData,WeaponSetData,EnemyData_Jellyfish.lua,defined,2,JellyfishSting,,,,1.139672,24556151
LamiaMiasma,WeaponSetData,WeaponSetData,WeaponData_Lamia.lua,defined,3,,,,,1.139672,24556151
LamiaShockwave,WeaponSetData,WeaponSetData,WeaponData_Lamia.lua,defined,3,,,,,1.139672,24556151
LamiaShockwave_Miniboss,WeaponSetData,WeaponSetData,WeaponData_Lamia.lua,defined,5,LamiaShockwave,,,,1.139672,24556151
LamiaSkyCast,WeaponSetData,WeaponSetData,WeaponData_Lamia.lua,defined,3,,,,,1.139672,24556151
LamiaSkyCast_Elite,WeaponSetData,WeaponSetData,WeaponData_Lamia.lua,defined,2,LamiaSkyCast,,,,1.139672,24556151
LamiaSkyCast_Miniboss,WeaponSetData,WeaponSetData,WeaponData_Lamia.lua,defined,2,LamiaSkyCast,,,,1.139672,24556151
LamiaSkyCast_Support,WeaponSetData,WeaponSetData,WeaponData_Lamia.lua,defined,2,LamiaSkyCast,,,,1.139672,24556151
LavaSplash,WeaponSetData,WeaponSetData,WeaponData_Traps.lua,defined,5,,,,,1.139672,24556151
LavaTileTriangle01Weapon,WeaponSetData,WeaponSetData,WeaponData_Traps.lua,defined,2,LavaTileWeapon,,,,1.139672,24556151
LavaTileTriangle02Weapon,WeaponSetData,WeaponSetData,WeaponData_Traps.lua,defined,2,LavaTileWeapon,,,,1.139672,24556151
LavaTileWeapon,WeaponSetData,WeaponSetData,WeaponData_Traps.lua,defined,7,,,,,1.139672,24556151
LightRangedBolt,WeaponSetData,WeaponSetData,WeaponData_LightRanged.lua,defined,2,,,,,1.139672,24556151
LightRangedBolt_Elite,WeaponSetData,WeaponSetData,WeaponData_LightRanged.lua,defined,2,LightRangedBolt,,,,1.139672,24556151
LovesickGround,WeaponSetData,WeaponSetData,WeaponData_Lovesick.lua,defined,3,,,,,1.139672,24556151
LovesickGround_Elite,WeaponSetData,WeaponSetData,WeaponData_Lovesick.lua,defined,2,LovesickGround,,,,1.139672,24556151
LovesickHeartMineBlast,WeaponSetData,WeaponSetData,WeaponData_Lovesick.lua,defined,1,,,,,1.139672,24556151
LovesickHeartMineBlast_Elite,WeaponSetData,WeaponSetData,WeaponData_Lovesick.lua,defined,2,LovesickHeartMineBlast,,,,1.139672,24556151
LovesickLauncher,WeaponSetData,WeaponSetData,WeaponData_Lovesick.lua,defined,3,,,,,1.139672,24556151
LovesickLauncher_Elite,WeaponSetData,WeaponSetData,WeaponData_Lovesick.lua,defined,2,LovesickLauncher,,,,1.139672,24556151
LovesickOverhand,WeaponSetData,WeaponSetData,WeaponData_Lovesick.lua,defined,3,,,,,1.139672,24556151
LycanSwarmer2Chomp,WeaponSetData,WeaponSetData,WeaponData_Lycan.lua,defined,2,LycanSwarmerChomp,,,,1.139672,24556151
LycanSwarmer2Chomp_Ally,WeaponSetData,WeaponSetData,WeaponData_Lycan.lua,defined,2,LycanSwarmer2Chomp,,,,1.139672,24556151
LycanSwarmerBlink,WeaponSetData,WeaponSetData,WeaponData_Lycan.lua,defined,3,,,,,1.139672,24556151
LycanSwarmerChomp,WeaponSetData,WeaponSetData,WeaponData_Lycan.lua,defined,2,,,,,1.139672,24556151
LycanSwarmerChomp_Elite,WeaponSetData,WeaponSetData,WeaponData_Lycan.lua,defined,2,LycanSwarmerChomp,,,,1.139672,24556151
LycanthropeHowlSummons,WeaponSetData,WeaponSetData,WeaponData_Lycan.lua,defined,3,,,,,1.139672,24556151
LycanthropeHowlSummons_Elite,WeaponSetData,WeaponSetData,WeaponData_Lycan.lua,defined,2,LycanthropeHowlSummons,,,,1.139672,24556151
LycanthropeLeapKnockback,WeaponSetData,WeaponSetData,WeaponData_Lycan.lua,defined,2,,,,,1.139672,24556151
LycanthropeLeapKnockbackFriends,WeaponSetData,WeaponSetData,WeaponData_Lycan.lua,defined,2,LycanthropeLeapKnockback,,,,1.139672,24556151
LycanthropePounce,WeaponSetData,WeaponSetData,WeaponData_Lycan.lua,defined,2,,,,,1.139672,24556151
LycanthropePounce_Elite,WeaponSetData,WeaponSetData,WeaponData_Lycan.lua,defined,2,LycanthropePounce,,,,1.139672,24556151
Mage2Ranged,WeaponSetData,WeaponSetData,WeaponData_Mage.lua,defined,2,MageRanged,,,,1.139672,24556151
Mage2Ranged_Elite,WeaponSetData,WeaponSetData,WeaponData_Mage.lua,defined,2,Mage2Ranged,,,,1.139672,24556151
MageRanged,WeaponSetData,WeaponSetData,WeaponData_Mage.lua,defined,2,,,,,1.139672,24556151
MageRanged_Elite,WeaponSetData,WeaponSetData,WeaponData_Mage.lua,defined,2,MageRanged,,,,1.139672,24556151
MatiEyeClose,WeaponSetData,WeaponSetData,EnemyData_Mati.lua,defined,1,,,,,1.139672,24556151
MatiHypno,WeaponSetData,WeaponSetData,EnemyData_Mati.lua,defined,2,,,,,1.139672,24556151
MatiHypno_Elite,WeaponSetData,WeaponSetData,EnemyData_Mati.lua,defined,2,MatiHypno,,,,1.139672,24556151
MedeaCast,WeaponSetData,WeaponSetData,WeaponData_Medea.lua,defined,3,,,,,1.139672,24556151
MedeaCastCombo1,WeaponSetData,WeaponSetData,WeaponData_Medea.lua,defined,3,,,,,1.139672,24556151
MedeaCastCombo2,WeaponSetData,WeaponSetData,WeaponData_Medea.lua,defined,3,,,,,1.139672,24556151
MedeaCast_NoTeleport,WeaponSetData,WeaponSetData,WeaponData_Medea.lua,defined,3,MedeaCast,,,,1.139672,24556151
MedeaComboCast,WeaponSetData,WeaponSetData,WeaponData_Medea.lua,defined,2,,,,,1.139672,24556151
MedeaCorpseExplode,WeaponSetData,WeaponSetData,WeaponData_Medea.lua,defined,3,,,,,1.139672,24556151
MedeaDagger,WeaponSetData,WeaponSetData,WeaponData_Medea.lua,defined,3,,,,,1.139672,24556151
MedeaTeleportOut,WeaponSetData,WeaponSetData,WeaponData_Medea.lua,defined,2,,,,,1.139672,24556151
MiasmaGeyser,WeaponSetData,WeaponSetData,WeaponData_Traps.lua,defined,3,,,,,1.139672,24556151
MineBlast,WeaponSetData,WeaponSetData,WeaponData_Traps.lua,defined,1,,,,,1.139672,24556151
MournerCast,WeaponSetData,WeaponSetData,WeaponData_Mourner.lua,defined,3,,,,,1.139672,24556151
MournerCast_Elite,WeaponSetData,WeaponSetData,WeaponData_Mourner.lua,defined,2,MournerCast,,,,1.139672,24556151
MournerRampage,WeaponSetData,WeaponSetData,WeaponData_Mourner.lua,defined,3,,,,,1.139672,24556151
MournerRampage_Elite,WeaponSetData,WeaponSetData,WeaponData_Mourner.lua,defined,2,MournerRampage,,,,1.139672,24556151
MournerScream,WeaponSetData,WeaponSetData,WeaponData_Mourner.lua,defined,3,,,,,1.139672,24556151
Mudman2Shove,WeaponSetData,WeaponSetData,WeaponData_Mudman.lua,defined,2,MudmanShove,,,,1.139672,24556151
Mudman2Throw,WeaponSetData,WeaponSetData,WeaponData_Mudman.lua,defined,2,MudmanStraightThrow,,,,1.139672,24556151
Mudman2Throw_NoSpawn,WeaponSetData,WeaponSetData,WeaponData_Mudman.lua,defined,2,Mudman2Throw,,,,1.139672,24556151
MudmanEyeExplode,WeaponSetData,WeaponSetData,WeaponData_Mudman.lua,defined,2,,,,,1.139672,24556151
MudmanShove,WeaponSetData,WeaponSetData,WeaponData_Mudman.lua,defined,3,,,,,1.139672,24556151
MudmanShove_Elite,WeaponSetData,WeaponSetData,WeaponData_Mudman.lua,defined,2,MudmanShove,,,,1.139672,24556151
MudmanShove_Elite2,WeaponSetData,WeaponSetData,WeaponData_Mudman.lua,defined,2,MudmanShove,,,,1.139672,24556151
MudmanStraightThrow,WeaponSetData,WeaponSetData,WeaponData_Mudman.lua,defined,2,,,,,1.139672,24556151
MudmanStraightThrow_Elite,WeaponSetData,WeaponSetData,WeaponData_Mudman.lua,defined,2,MudmanStraightThrow,,,,1.139672,24556151
MudmanStraightThrow_Shadow,WeaponSetData,WeaponSetData,WeaponData_Mudman.lua,defined,2,MudmanStraightThrow,,,,1.139672,24556151
OctofishInk,WeaponSetData,WeaponSetData,EnemyData_Octofish.lua,defined,2,,,,,1.139672,24556151
OctofishSpin,WeaponSetData,WeaponSetData,EnemyData_Octofish.lua,defined,2,,,,,1.139672,24556151
OctofishSpin_Ally,WeaponSetData,WeaponSetData,EnemyData_Octofish.lua,defined,3,OctofishSpin,,,,1.139672,24556151
OilPuddleIgnite,WeaponSetData,WeaponSetData,WeaponData_Traps.lua,defined,7,,,,,1.139672,24556151
OilPuddleIgnite02,WeaponSetData,WeaponSetData,WeaponData_Traps.lua,defined,2,OilPuddleIgnite,,,,1.139672,24556151
OilPuddleIgnite03,WeaponSetData,WeaponSetData,WeaponData_Traps.lua,defined,2,OilPuddleIgnite,,,,1.139672,24556151
OilPuddleIgnite04,WeaponSetData,WeaponSetData,WeaponData_Traps.lua,defined,2,OilPuddleIgnite,,,,1.139672,24556151
OilPuddleSlick,WeaponSetData,WeaponSetData,WeaponData_Traps.lua,defined,2,,,,,1.139672,24556151
OilPuddleSlick02,WeaponSetData,WeaponSetData,WeaponData_Traps.lua,defined,2,OilPuddleSlick,,,,1.139672,24556151
OilPuddleSlick03,WeaponSetData,WeaponSetData,WeaponData_Traps.lua,defined,2,OilPuddleSlick,,,,1.139672,24556151
OilPuddleSlick04,WeaponSetData,WeaponSetData,WeaponData_Traps.lua,defined,2,OilPuddleSlick,,,,1.139672,24556151
PigSkip,WeaponSetData,WeaponSetData,EnemyData_Pig.lua,defined,1,,,,,1.139672,24556151
PolyphemusBoulderThrow,WeaponSetData,WeaponSetData,WeaponData_Polyphemus.lua,defined,3,,,,,1.139672,24556151
PolyphemusGrab,WeaponSetData,WeaponSetData,WeaponData_Polyphemus.lua,defined,3,,,,,1.139672,24556151
PolyphemusKick,WeaponSetData,WeaponSetData,WeaponData_Polyphemus.lua,defined,3,,,,,1.139672,24556151
PolyphemusLeap,WeaponSetData,WeaponSetData,WeaponData_Polyphemus.lua,defined,3,,,,,1.139672,24556151
PolyphemusLeapKnockback,WeaponSetData,WeaponSetData,WeaponData_Polyphemus.lua,defined,2,,,,,1.139672,24556151
PolyphemusMarch,WeaponSetData,WeaponSetData,WeaponData_Polyphemus.lua,defined,2,,,,,1.139672,24556151
PolyphemusMarchElite,WeaponSetData,WeaponSetData,WeaponData_Polyphemus.lua,defined,3,PolyphemusMarch,,,,1.139672,24556151
PolyphemusMarchKnockback,WeaponSetData,WeaponSetData,WeaponData_Polyphemus.lua,defined,2,,,,,1.139672,24556151
PolyphemusMarchRadial,WeaponSetData,WeaponSetData,WeaponData_Polyphemus.lua,defined,3,,,,,1.139672,24556151
PolyphemusMegaLeap,WeaponSetData,WeaponSetData,WeaponData_Polyphemus.lua,defined,4,,,,,1.139672,24556151
PolyphemusMegaLeapElite,WeaponSetData,WeaponSetData,WeaponData_Polyphemus.lua,defined,2,PolyphemusMegaLeap,,,,1.139672,24556151
PolyphemusMeleeCombo,WeaponSetData,WeaponSetData,WeaponData_Polyphemus.lua,defined,4,,,,,1.139672,24556151
PolyphemusPlayerGrab,WeaponSetData,WeaponSetData,WeaponData_Polyphemus.lua,defined,3,,,,,1.139672,24556151
PolyphemusPlayerGrab_EM,WeaponSetData,WeaponSetData,WeaponData_Polyphemus.lua,defined,2,PolyphemusPlayerGrab,,,,1.139672,24556151
PolyphemusSearch,WeaponSetData,WeaponSetData,WeaponData_Polyphemus.lua,defined,4,,,,,1.139672,24556151
PolyphemusSearch_Explosive,WeaponSetData,WeaponSetData,WeaponData_Polyphemus.lua,defined,3,PolyphemusSearch_Sick,,,,1.139672,24556151
PolyphemusSearch_Sick,WeaponSetData,WeaponSetData,WeaponData_Polyphemus.lua,defined,4,PolyphemusSearch,,,,1.139672,24556151
PolyphemusSearch_Zombie,WeaponSetData,WeaponSetData,WeaponData_Polyphemus.lua,defined,3,PolyphemusSearch_Sick,,,,1.139672,24556151
PolyphemusSlam,WeaponSetData,WeaponSetData,WeaponData_Polyphemus.lua,defined,4,,,,,1.139672,24556151
PolyphemusStomp,WeaponSetData,WeaponSetData,WeaponData_Polyphemus.lua,defined,4,,,,,1.139672,24556151
PolyphemusStompKickCombo,WeaponSetData,WeaponSetData,WeaponData_Polyphemus.lua,defined,4,,,,,1.139672,24556151
PolyphemusStompWave,WeaponSetData,WeaponSetData,WeaponData_Polyphemus.lua,defined,1,,,,,1.139672,24556151
PolyphemusSwipe,WeaponSetData,WeaponSetData,WeaponData_Polyphemus.lua,defined,2,,,,,1.139672,24556151
PoseidonStatueWave,WeaponSetData,WeaponSetData,WeaponData_Traps.lua,defined,2,,,,,1.139672,24556151
PrometheusCastCircle_P1,WeaponSetData,WeaponSetData,WeaponData_Prometheus.lua,defined,3,,,,,1.139672,24556151
PrometheusCastCircle_P2,WeaponSetData,WeaponSetData,WeaponData_Prometheus.lua,defined,2,PrometheusCastCircle_P1,,,,1.139672,24556151
PrometheusCastCircle_P3,WeaponSetData,WeaponSetData,WeaponData_Prometheus.lua,defined,3,PrometheusCastCircle_P1,,,,1.139672,24556151
PrometheusCastLine_P1,WeaponSetData,WeaponSetData,WeaponData_Prometheus.lua,defined,3,,,,,1.139672,24556151
PrometheusCastLine_P2,WeaponSetData,WeaponSetData,WeaponData_Prometheus.lua,defined,2,PrometheusCastLine_P1,,,,1.139672,24556151
PrometheusCastLine_P3,WeaponSetData,WeaponSetData,WeaponData_Prometheus.lua,defined,3,PrometheusCastLine_P1,,,,1.139672,24556151
PrometheusCastSelector_P1,WeaponSetData,WeaponSetData,WeaponData_Prometheus.lua,defined,5,,,,,1.139672,24556151
PrometheusCastSelector_P2,WeaponSetData,WeaponSetData,WeaponData_Prometheus.lua,defined,5,,,,,1.139672,24556151
PrometheusCastSelector_P3,WeaponSetData,WeaponSetData,WeaponData_Prometheus.lua,defined,5,,,,,1.139672,24556151
PrometheusCombo_Spiral,WeaponSetData,WeaponSetData,WeaponData_Prometheus.lua,defined,4,,,,,1.139672,24556151
PrometheusDashBackward,WeaponSetData,WeaponSetData,WeaponData_Prometheus.lua,defined,3,PrometheusDashForward,,,,1.139672,24556151
PrometheusDashForsight,WeaponSetData,WeaponSetData,WeaponData_Prometheus.lua,defined,1,,,,,1.139672,24556151
PrometheusDashForward,WeaponSetData,WeaponSetData,WeaponData_Prometheus.lua,defined,1,,,,,1.139672,24556151
PrometheusFlurry_Heavy,WeaponSetData,WeaponSetData,WeaponData_Prometheus.lua,defined,3,,,,,1.139672,24556151
PrometheusFlurry_HeraclesCombo,WeaponSetData,WeaponSetData,WeaponData_Prometheus.lua,defined,2,PrometheusFlurry_Heavy,,,,1.139672,24556151
PrometheusFlurry_Light,WeaponSetData,WeaponSetData,WeaponData_Prometheus.lua,defined,3,,,,,1.139672,24556151
PrometheusFlurry_P1,WeaponSetData,WeaponSetData,WeaponData_Prometheus.lua,defined,3,PrometheusFlurry_Heavy,,,,1.139672,24556151
PrometheusFlurry_P2_Ender,WeaponSetData,WeaponSetData,WeaponData_Prometheus.lua,defined,3,PrometheusFlurry_Heavy,,,,1.139672,24556151
PrometheusFlurry_P2_Filler,WeaponSetData,WeaponSetData,WeaponData_Prometheus.lua,defined,3,PrometheusFlurry_Light,,,,1.139672,24556151
PrometheusFlurry_P2_Starter,WeaponSetData,WeaponSetData,WeaponData_Prometheus.lua,defined,3,PrometheusFlurry_Light,,,,1.139672,24556151
PrometheusFlurry_P3_Ender,WeaponSetData,WeaponSetData,WeaponData_Prometheus.lua,defined,2,PrometheusFlurry_Heavy,,,,1.139672,24556151
PrometheusFlurry_P3_Filler,WeaponSetData,WeaponSetData,WeaponData_Prometheus.lua,defined,3,PrometheusFlurry_Light,,,,1.139672,24556151
PrometheusFlurry_P3_Starter,WeaponSetData,WeaponSetData,WeaponData_Prometheus.lua,defined,3,PrometheusFlurry_Light,,,,1.139672,24556151
PrometheusIntro,WeaponSetData,WeaponSetData,WeaponData_Prometheus.lua,defined,4,,,,,1.139672,24556151
PrometheusKick_Heavy,WeaponSetData,WeaponSetData,WeaponData_Prometheus.lua,defined,2,,,,,1.139672,24556151
PrometheusKick_Heavy_Passive,WeaponSetData,WeaponSetData,WeaponData_Prometheus.lua,defined,3,PrometheusKick_Heavy,,,,1.139672,24556151
PrometheusKick_Light,WeaponSetData,WeaponSetData,WeaponData_Prometheus.lua,defined,3,,,,,1.139672,24556151
PrometheusKick_P1,WeaponSetData,WeaponSetData,WeaponData_Prometheus.lua,defined,3,PrometheusKick_Heavy,,,,1.139672,24556151
PrometheusKick_P2_Ender,WeaponSetData,WeaponSetData,WeaponData_Prometheus.lua,defined,3,PrometheusKick_Heavy,,,,1.139672,24556151
PrometheusKick_P2_Filler,WeaponSetData,WeaponSetData,WeaponData_Prometheus.lua,defined,3,PrometheusKick_Light,,,,1.139672,24556151
PrometheusKick_P2_Starter,WeaponSetData,WeaponSetData,WeaponData_Prometheus.lua,defined,3,PrometheusKick_Light,,,,1.139672,24556151
PrometheusKick_P3_Ender,WeaponSetData,WeaponSetData,WeaponData_Prometheus.lua,defined,2,PrometheusKick_Heavy,,,,1.139672,24556151
PrometheusKick_P3_Filler,WeaponSetData,WeaponSetData,WeaponData_Prometheus.lua,defined,3,PrometheusKick_Light,,,,1.139672,24556151
PrometheusKick_P3_Starter,WeaponSetData,WeaponSetData,WeaponData_Prometheus.lua,defined,3,PrometheusKick_Light,,,,1.139672,24556151
PrometheusMemory_P2_Double1_CR,WeaponSetData,WeaponSetData,WeaponData_Prometheus.lua,defined,2,PrometheusMemory_P2_Double1_LC,,,,1.139672,24556151
PrometheusMemory_P2_Double1_LC,WeaponSetData,WeaponSetData,WeaponData_Prometheus.lua,defined,2,,,,,1.139672,24556151
PrometheusMemory_P2_Double1_LR,WeaponSetData,WeaponSetData,WeaponData_Prometheus.lua,defined,2,PrometheusMemory_P2_Double1_LC,,,,1.139672,24556151
PrometheusMemory_P2_Double2_CR,WeaponSetData,WeaponSetData,WeaponData_Prometheus.lua,defined,2,PrometheusMemory_P2_Double1_CR,,,,1.139672,24556151
PrometheusMemory_P2_Double2_LC,WeaponSetData,WeaponSetData,WeaponData_Prometheus.lua,defined,2,PrometheusMemory_P2_Double1_LC,,,,1.139672,24556151
PrometheusMemory_P2_Double2_LR,WeaponSetData,WeaponSetData,WeaponData_Prometheus.lua,defined,2,PrometheusMemory_P2_Double1_LR,,,,1.139672,24556151
PrometheusMemory_P2_Intro,WeaponSetData,WeaponSetData,WeaponData_Prometheus.lua,defined,2,,,,,1.139672,24556151
PrometheusMemory_P2_Outro,WeaponSetData,WeaponSetData,WeaponData_Prometheus.lua,defined,2,,,,,1.139672,24556151
PrometheusMemory_P2_Single_C,WeaponSetData,WeaponSetData,WeaponData_Prometheus.lua,defined,2,,,,,1.139672,24556151
PrometheusMemory_P2_Single_L,WeaponSetData,WeaponSetData,WeaponData_Prometheus.lua,defined,2,PrometheusMemory_P2_Single_C,,,,1.139672,24556151
PrometheusMemory_P2_Single_R,WeaponSetData,WeaponSetData,WeaponData_Prometheus.lua,defined,2,PrometheusMemory_P2_Single_C,,,,1.139672,24556151
PrometheusMemory_P3_Double1_CR,WeaponSetData,WeaponSetData,WeaponData_Prometheus.lua,defined,2,PrometheusMemory_P2_Double1_CR,,,,1.139672,24556151
PrometheusMemory_P3_Double1_LC,WeaponSetData,WeaponSetData,WeaponData_Prometheus.lua,defined,2,PrometheusMemory_P2_Double1_LC,,,,1.139672,24556151
PrometheusMemory_P3_Double1_LR,WeaponSetData,WeaponSetData,WeaponData_Prometheus.lua,defined,2,PrometheusMemory_P2_Double1_LR,,,,1.139672,24556151
PrometheusMemory_P3_Double2_CR,WeaponSetData,WeaponSetData,WeaponData_Prometheus.lua,defined,2,PrometheusMemory_P3_Double1_CR,,,,1.139672,24556151
PrometheusMemory_P3_Double2_LC,WeaponSetData,WeaponSetData,WeaponData_Prometheus.lua,defined,2,PrometheusMemory_P3_Double1_LC,,,,1.139672,24556151
PrometheusMemory_P3_Double2_LR,WeaponSetData,WeaponSetData,WeaponData_Prometheus.lua,defined,2,PrometheusMemory_P3_Double1_LR,,,,1.139672,24556151
PrometheusMemory_P3_Double3_CR,WeaponSetData,WeaponSetData,WeaponData_Prometheus.lua,defined,2,PrometheusMemory_P3_Double1_CR,,,,1.139672,24556151
PrometheusMemory_P3_Double3_LC,WeaponSetData,WeaponSetData,WeaponData_Prometheus.lua,defined,2,PrometheusMemory_P3_Double1_LC,,,,1.139672,24556151
PrometheusMemory_P3_Double3_LR,WeaponSetData,WeaponSetData,WeaponData_Prometheus.lua,defined,2,PrometheusMemory_P3_Double1_LR,,,,1.139672,24556151
PrometheusMemory_P3_Intro,WeaponSetData,WeaponSetData,WeaponData_Prometheus.lua,defined,2,PrometheusMemory_P2_Intro,,,,1.139672,24556151
PrometheusMemory_P3_Outro,WeaponSetData,WeaponSetData,WeaponData_Prometheus.lua,defined,2,PrometheusMemory_P2_Outro,,,,1.139672,24556151
PrometheusMemory_P3_Single1_C,WeaponSetData,WeaponSetData,WeaponData_Prometheus.lua,defined,2,PrometheusMemory_P2_Single_C,,,,1.139672,24556151
PrometheusMemory_P3_Single1_L,WeaponSetData,WeaponSetData,WeaponData_Prometheus.lua,defined,2,PrometheusMemory_P2_Single_L,,,,1.139672,24556151
PrometheusMemory_P3_Single1_R,WeaponSetData,WeaponSetData,WeaponData_Prometheus.lua,defined,2,PrometheusMemory_P2_Single_R,,,,1.139672,24556151
PrometheusMemory_P3_Single2_C,WeaponSetData,WeaponSetData,WeaponData_Prometheus.lua,defined,2,PrometheusMemory_P3_Single1_C,,,,1.139672,24556151
PrometheusMemory_P3_Single2_L,WeaponSetData,WeaponSetData,WeaponData_Prometheus.lua,defined,2,PrometheusMemory_P3_Single1_L,,,,1.139672,24556151
PrometheusMemory_P3_Single2_R,WeaponSetData,WeaponSetData,WeaponData_Prometheus.lua,defined,2,PrometheusMemory_P3_Single1_R,,,,1.139672,24556151
PrometheusSlam_Heavy,WeaponSetData,WeaponSetData,WeaponData_Prometheus.lua,defined,2,,,,,1.139672,24556151
PrometheusSlam_Light,WeaponSetData,WeaponSetData,WeaponData_Prometheus.lua,defined,3,,,,,1.139672,24556151
PrometheusSlam_P1,WeaponSetData,WeaponSetData,WeaponData_Prometheus.lua,defined,3,PrometheusSlam_Heavy,,,,1.139672,24556151
PrometheusSlam_P2_Ender,WeaponSetData,WeaponSetData,WeaponData_Prometheus.lua,defined,2,PrometheusSlam_Heavy,,,,1.139672,24556151
PrometheusSlam_P2_Filler,WeaponSetData,WeaponSetData,WeaponData_Prometheus.lua,defined,3,PrometheusSlam_Light,,,,1.139672,24556151
PrometheusSlam_P2_Starter,WeaponSetData,WeaponSetData,WeaponData_Prometheus.lua,defined,3,PrometheusSlam_Light,,,,1.139672,24556151
PrometheusSlam_P3_Ender,WeaponSetData,WeaponSetData,WeaponData_Prometheus.lua,defined,2,PrometheusSlam_Heavy,,,,1.139672,24556151
PrometheusSlam_P3_Filler,WeaponSetData,WeaponSetData,WeaponData_Prometheus.lua,defined,3,PrometheusSlam_Light,,,,1.139672,24556151
PrometheusSlam_P3_Starter,WeaponSetData,WeaponSetData,WeaponData_Prometheus.lua,defined,3,PrometheusSlam_Light,,,,1.139672,24556151
PrometheusSummonBase,WeaponSetData,WeaponSetData,WeaponData_Prometheus.lua,defined,2,,,,,1.139672,24556151
PrometheusSummonSelector_P2,WeaponSetData,WeaponSetData,WeaponData_Prometheus.lua,defined,3,,,,,1.139672,24556151
PrometheusSummonSelector_P3,WeaponSetData,WeaponSetData,WeaponData_Prometheus.lua,defined,3,,,,,1.139672,24556151
PrometheusSummon_Crossbow,WeaponSetData,WeaponSetData,WeaponData_Prometheus.lua,defined,2,PrometheusSummonBase,,,,1.139672,24556151
PrometheusSummon_Dragon,WeaponSetData,WeaponSetData,WeaponData_Prometheus.lua,defined,2,PrometheusSummonBase,,,,1.139672,24556151
PrometheusSummon_Harpy,WeaponSetData,WeaponSetData,WeaponData_Prometheus.lua,defined,2,PrometheusSummonBase,,,,1.139672,24556151
PrometheusSummon_Lancer,WeaponSetData,WeaponSetData,WeaponData_Prometheus.lua,defined,2,PrometheusSummonBase,,,,1.139672,24556151
PrometheusSummon_Sapper,WeaponSetData,WeaponSetData,WeaponData_Prometheus.lua,defined,2,PrometheusSummonBase,,,,1.139672,24556151
PrometheusUppercut_Heavy,WeaponSetData,WeaponSetData,WeaponData_Prometheus.lua,defined,3,,,,,1.139672,24556151
PrometheusUppercut_Light,WeaponSetData,WeaponSetData,WeaponData_Prometheus.lua,defined,3,,,,,1.139672,24556151
PrometheusUppercut_P1,WeaponSetData,WeaponSetData,WeaponData_Prometheus.lua,defined,3,PrometheusUppercut_Heavy,,,,1.139672,24556151
PrometheusUppercut_P2_Ender,WeaponSetData,WeaponSetData,WeaponData_Prometheus.lua,defined,3,PrometheusUppercut_Heavy,,,,1.139672,24556151
PrometheusUppercut_P2_Filler,WeaponSetData,WeaponSetData,WeaponData_Prometheus.lua,defined,3,PrometheusUppercut_Light,,,,1.139672,24556151
PrometheusUppercut_P2_Starter,WeaponSetData,WeaponSetData,WeaponData_Prometheus.lua,defined,3,PrometheusUppercut_Light,,,,1.139672,24556151
PrometheusUppercut_P3_Ender,WeaponSetData,WeaponSetData,WeaponData_Prometheus.lua,defined,3,PrometheusUppercut_Heavy,,,,1.139672,24556151
PrometheusUppercut_P3_Filler,WeaponSetData,WeaponSetData,WeaponData_Prometheus.lua,defined,3,PrometheusUppercut_Light,,,,1.139672,24556151
PrometheusUppercut_P3_Starter,WeaponSetData,WeaponSetData,WeaponData_Prometheus.lua,defined,3,PrometheusUppercut_Light,,,,1.139672,24556151
RadiatorMelee360,WeaponSetData,WeaponSetData,WeaponData_Radiator.lua,defined,2,,,,,1.139672,24556151
RadiatorMelee360_AutoFire,WeaponSetData,WeaponSetData,WeaponData_Radiator.lua,defined,2,RadiatorMelee360,,,,1.139672,24556151
RadiatorMelee360_AutoFire_Seek,WeaponSetData,WeaponSetData,WeaponData_Radiator.lua,defined,2,RadiatorMelee360_AutoFire,,,,1.139672,24556151
RadiatorMelee360_Elite,WeaponSetData,WeaponSetData,WeaponData_Radiator.lua,defined,2,RadiatorMelee360,,,,1.139672,24556151
RubbleFall,WeaponSetData,WeaponSetData,WeaponData_Traps.lua,defined,5,,,,,1.139672,24556151
RubbleFallLarge,WeaponSetData,WeaponSetData,WeaponData_Traps.lua,stub,1,RubbleFall,,,,1.139672,24556151
SafeZone,WeaponSetData,WeaponSetData,WeaponData_Traps.lua,defined,2,,SafeZone,防护结界,,1.139672,24556151
SatyrCrossbow2ShieldRush,WeaponSetData,WeaponSetData,WeaponData_Satyr.lua,defined,2,SatyrCrossbowShieldRush,,,,1.139672,24556151
SatyrCrossbow2ShieldedBolt,WeaponSetData,WeaponSetData,WeaponData_Satyr.lua,defined,2,SatyrCrossbowShieldedBolt,,,,1.139672,24556151
SatyrCrossbowFadeBolt,WeaponSetData,WeaponSetData,WeaponData_Satyr.lua,defined,3,,,,,1.139672,24556151
SatyrCrossbowFadeBolt_PreCombat,WeaponSetData,WeaponSetData,WeaponData_Satyr.lua,defined,2,SatyrCrossbowFadeBolt,,,,1.139672,24556151
SatyrCrossbowShieldRush,WeaponSetData,WeaponSetData,WeaponData_Satyr.lua,defined,3,,,,,1.139672,24556151
SatyrCrossbowShieldedBolt,WeaponSetData,WeaponSetData,WeaponData_Satyr.lua,defined,3,,,,,1.139672,24556151
SatyrCultistCast,WeaponSetData,WeaponSetData,WeaponData_Satyr.lua,defined,3,,,,,1.139672,24556151
SatyrCultistCast_Elite,WeaponSetData,WeaponSetData,WeaponData_Satyr.lua,defined,2,SatyrCultistCast,,,,1.139672,24556151
SatyrCultistMelee,WeaponSetData,WeaponSetData,WeaponData_Satyr.lua,defined,2,,,,,1.139672,24556151
SatyrCultistMelee_Elite,WeaponSetData,WeaponSetData,WeaponData_Satyr.lua,defined,2,SatyrCultistMelee,,,,1.139672,24556151
SatyrCultistRitual,WeaponSetData,WeaponSetData,WeaponData_Satyr.lua,defined,2,,,,,1.139672,24556151
SatyrCultistThrow,WeaponSetData,WeaponSetData,WeaponData_Satyr.lua,defined,3,,,,,1.139672,24556151
SatyrCultistThrow_Elite,WeaponSetData,WeaponSetData,WeaponData_Satyr.lua,defined,2,SatyrCultistThrow,,,,1.139672,24556151
SatyrLancer2Throw,WeaponSetData,WeaponSetData,WeaponData_Satyr.lua,defined,2,SatyrLancerThrow,,,,1.139672,24556151
SatyrLancer2Throw_Elite,WeaponSetData,WeaponSetData,WeaponData_Satyr.lua,defined,2,SatyrLancer2Throw,,,,1.139672,24556151
SatyrLancer2Thrust,WeaponSetData,WeaponSetData,WeaponData_Satyr.lua,defined,2,SatyrLancerThrust,,,,1.139672,24556151
SatyrLancer2Thrust_Elite,WeaponSetData,WeaponSetData,WeaponData_Satyr.lua,defined,2,SatyrLancer2Thrust,,,,1.139672,24556151
SatyrLancerBackDash,WeaponSetData,WeaponSetData,WeaponData_Satyr.lua,defined,3,,,,,1.139672,24556151
SatyrLancerEscape,WeaponSetData,WeaponSetData,WeaponData_Satyr.lua,defined,2,,,,,1.139672,24556151
SatyrLancerStrafeLeft,WeaponSetData,WeaponSetData,WeaponData_Satyr.lua,defined,3,,,,,1.139672,24556151
SatyrLancerStrafeRight,WeaponSetData,WeaponSetData,WeaponData_Satyr.lua,defined,3,,,,,1.139672,24556151
SatyrLancerThrow,WeaponSetData,WeaponSetData,WeaponData_Satyr.lua,defined,3,,,,,1.139672,24556151
SatyrLancerThrow_Elite,WeaponSetData,WeaponSetData,WeaponData_Satyr.lua,defined,2,SatyrLancerThrow,,,,1.139672,24556151
SatyrLancerThrow_Prometheus,WeaponSetData,WeaponSetData,WeaponData_Satyr.lua,defined,3,SatyrLancer2Throw,,,,1.139672,24556151
SatyrLancerThrow_PrometheusAlly,WeaponSetData,WeaponSetData,WeaponData_Satyr.lua,defined,3,SatyrLancer2Throw,,,,1.139672,24556151
SatyrLancerThrust,WeaponSetData,WeaponSetData,WeaponData_Satyr.lua,defined,2,,,,,1.139672,24556151
SatyrLancerThrust_Elite,WeaponSetData,WeaponSetData,WeaponData_Satyr.lua,defined,2,SatyrLancerThrust,,,,1.139672,24556151
SatyrRatCatcherCast,WeaponSetData,WeaponSetData,WeaponData_Satyr.lua,defined,3,,,,,1.139672,24556151
SatyrRatCatcherCast_Elite,WeaponSetData,WeaponSetData,WeaponData_Satyr.lua,defined,4,SatyrRatCatcherCast,,,,1.139672,24556151
SatyrRatCatcherCast_Miniboss,WeaponSetData,WeaponSetData,WeaponData_Satyr.lua,defined,3,SatyrRatCatcherCast,,,,1.139672,24556151
SatyrRatCatcherMelee,WeaponSetData,WeaponSetData,WeaponData_Satyr.lua,defined,3,,,,,1.139672,24556151
SatyrRatCatcherMelee_Miniboss,WeaponSetData,WeaponSetData,WeaponData_Satyr.lua,defined,4,SatyrRatCatcherMelee,,,,1.139672,24556151
SatyrRatCatcherSpell,WeaponSetData,WeaponSetData,WeaponData_Satyr.lua,defined,4,,,,,1.139672,24556151
SatyrRatCatcherSummon,WeaponSetData,WeaponSetData,WeaponData_Satyr.lua,defined,2,,,,,1.139672,24556151
SatyrRatCatcherSummonSpawner,WeaponSetData,WeaponSetData,WeaponData_Satyr.lua,defined,1,,,,,1.139672,24556151
SatyrRatCatcherSummon_Elite,WeaponSetData,WeaponSetData,WeaponData_Satyr.lua,defined,2,SatyrRatCatcherSummon,,,,1.139672,24556151
SatyrRatCatcherSummon_Miniboss,WeaponSetData,WeaponSetData,WeaponData_Satyr.lua,defined,2,,,,,1.139672,24556151
SatyrSapperBackDash,WeaponSetData,WeaponSetData,WeaponData_Satyr.lua,defined,4,,,,,1.139672,24556151
SatyrSapperEscape,WeaponSetData,WeaponSetData,WeaponData_Satyr.lua,defined,2,,,,,1.139672,24556151
SatyrSapperLob,WeaponSetData,WeaponSetData,WeaponData_Satyr.lua,defined,4,,,,,1.139672,24556151
SatyrSapperLob_PreCombat,WeaponSetData,WeaponSetData,WeaponData_Satyr.lua,defined,4,SatyrSapperLob,,,,1.139672,24556151
SatyrSapperMelee,WeaponSetData,WeaponSetData,WeaponData_Satyr.lua,defined,3,,,,,1.139672,24556151
SatyrSapperMelee_Fiend,WeaponSetData,WeaponSetData,WeaponData_Satyr.lua,defined,2,SatyrSapperMelee,,,,1.139672,24556151
SatyrSapperRocket,WeaponSetData,WeaponSetData,WeaponData_Satyr.lua,defined,3,,,,,1.139672,24556151
SatyrSapperRocket_Elite,WeaponSetData,WeaponSetData,WeaponData_Satyr.lua,defined,2,SatyrSapperRocket,,,,1.139672,24556151
SatyrSapperRocket_Prometheus,WeaponSetData,WeaponSetData,WeaponData_Satyr.lua,defined,3,SatyrSapperRocket,,,,1.139672,24556151
SatyrSapperRocket_PrometheusAlly,WeaponSetData,WeaponSetData,WeaponData_Satyr.lua,defined,3,SatyrSapperRocket,,,,1.139672,24556151
SatyrSapperShotgun,WeaponSetData,WeaponSetData,WeaponData_Satyr.lua,defined,2,,,,,1.139672,24556151
ScimiterrorSlashLeft,WeaponSetData,WeaponSetData,WeaponData_Scimiterror.lua,defined,3,,,,,1.139672,24556151
ScimiterrorSlashRight,WeaponSetData,WeaponSetData,WeaponData_Scimiterror.lua,defined,3,ScimiterrorSlashLeft,,,,1.139672,24556151
ScreamerCone,WeaponSetData,WeaponSetData,WeaponData_Screamer.lua,defined,2,,,,,1.139672,24556151
ScreamerConeFast,WeaponSetData,WeaponSetData,WeaponData_Screamer.lua,defined,2,ScreamerCone,,,,1.139672,24556151
ScreamerVacuum,WeaponSetData,WeaponSetData,WeaponData_Screamer.lua,defined,2,,,,,1.139672,24556151
ScyllaBelt,WeaponSetData,WeaponSetData,WeaponData_Scylla.lua,defined,2,,,,,1.139672,24556151
ScyllaClamUp,WeaponSetData,WeaponSetData,WeaponData_Scylla.lua,defined,3,,,,,1.139672,24556151
ScyllaClamUp2,WeaponSetData,WeaponSetData,WeaponData_Scylla.lua,defined,3,ScyllaClamUp,,,,1.139672,24556151
ScyllaClamUp3,WeaponSetData,WeaponSetData,WeaponData_Scylla.lua,defined,3,ScyllaClamUp,,,,1.139672,24556151
ScyllaClamUpBlast,WeaponSetData,WeaponSetData,WeaponData_Scylla.lua,defined,2,,,,,1.139672,24556151
ScyllaClamUpChase,WeaponSetData,WeaponSetData,WeaponData_Scylla.lua,defined,3,,,,,1.139672,24556151
ScyllaClamUpRush,WeaponSetData,WeaponSetData,WeaponData_Scylla.lua,defined,3,,,,,1.139672,24556151
ScyllaHeadbangFinisher,WeaponSetData,WeaponSetData,WeaponData_Scylla.lua,defined,5,,,,,1.139672,24556151
ScyllaHeadbangFinisher2,WeaponSetData,WeaponSetData,WeaponData_Scylla.lua,defined,4,,,,,1.139672,24556151
ScyllaHeadbangFinisherHold,WeaponSetData,WeaponSetData,WeaponData_Scylla.lua,defined,1,,,,,1.139672,24556151
ScyllaNotes,WeaponSetData,WeaponSetData,WeaponData_Scylla.lua,defined,3,,,,,1.139672,24556151
ScyllaPreviewBolts,WeaponSetData,WeaponSetData,WeaponData_Scylla.lua,defined,1,,,,,1.139672,24556151
ScyllaSpin,WeaponSetData,WeaponSetData,WeaponData_Scylla.lua,defined,3,,,,,1.139672,24556151
ScyllaSpinBolts,WeaponSetData,WeaponSetData,WeaponData_Scylla.lua,defined,4,,,,,1.139672,24556151
ScyllaSpotlightCombo,WeaponSetData,WeaponSetData,WeaponData_Scylla.lua,defined,5,,,,,1.139672,24556151
ScyllaSpotlightPassive,WeaponSetData,WeaponSetData,WeaponData_Scylla.lua,defined,3,,,,,1.139672,24556151
ScyllaWhip,WeaponSetData,WeaponSetData,WeaponData_Scylla.lua,defined,4,,,,,1.139672,24556151
SentryBotBurst,WeaponSetData,WeaponSetData,WeaponData_Automaton.lua,defined,3,,,,,1.139672,24556151
SentryBotBurst_AmbientBattle,WeaponSetData,WeaponSetData,WeaponData_Automaton.lua,defined,4,SentryBotBurst,,,,1.139672,24556151
SentryBotBurst_Elite,WeaponSetData,WeaponSetData,WeaponData_Automaton.lua,defined,2,SentryBotBurst,,,,1.139672,24556151
SentryBotVent,WeaponSetData,WeaponSetData,WeaponData_Automaton.lua,defined,2,,,,,1.139672,24556151
SheepExplode,WeaponSetData,WeaponSetData,WeaponData_Sheep.lua,defined,2,,,,,1.139672,24556151
SheepRam,WeaponSetData,WeaponSetData,WeaponData_Sheep.lua,defined,2,,,,,1.139672,24556151
SheepSickAura,WeaponSetData,WeaponSetData,WeaponData_Sheep.lua,defined,1,,,,,1.139672,24556151
SheepSickSkip,WeaponSetData,WeaponSetData,WeaponData_Sheep.lua,defined,1,,,,,1.139672,24556151
SheepSkip,WeaponSetData,WeaponSetData,WeaponData_Sheep.lua,defined,1,,,,,1.139672,24556151
ShipsBombardment,WeaponSetData,WeaponSetData,WeaponData_Traps.lua,defined,2,,,,,1.139672,24556151
SiegeVines,WeaponSetData,WeaponSetData,WeaponData_SiegeVines.lua,defined,2,,,,,1.139672,24556151
SiegeVinesElite,WeaponSetData,WeaponSetData,WeaponData_SiegeVines.lua,defined,2,SiegeVines,,,,1.139672,24556151
Simple2Locust,WeaponSetData,WeaponSetData,EnemyData_Simple.lua,defined,2,SimpleLocust,,,,1.139672,24556151
SimpleLocust,WeaponSetData,WeaponSetData,EnemyData_Simple.lua,defined,1,,,,,1.139672,24556151
SimpleLocust_Elite,WeaponSetData,WeaponSetData,EnemyData_Simple.lua,defined,2,SimpleLocust,,,,1.139672,24556151
SimpleWander,WeaponSetData,WeaponSetData,EnemyData_Simple.lua,defined,1,,,,,1.139672,24556151
SirenDrummerBeatClawClose,WeaponSetData,WeaponSetData,WeaponData_Siren.lua,defined,3,,,,,1.139672,24556151
SirenDrummerBeatClawFar,WeaponSetData,WeaponSetData,WeaponData_Siren.lua,defined,3,,,,,1.139672,24556151
SirenDrummerBeatClawMid,WeaponSetData,WeaponSetData,WeaponData_Siren.lua,defined,3,,,,,1.139672,24556151
SirenDrummerBeatConeIn,WeaponSetData,WeaponSetData,WeaponData_Siren.lua,defined,3,,,,,1.139672,24556151
SirenDrummerBeatConeIn_EM,WeaponSetData,WeaponSetData,WeaponData_Siren.lua,defined,2,SirenDrummerBeatConeIn,,,,1.139672,24556151
SirenDrummerBeatConeOut,WeaponSetData,WeaponSetData,WeaponData_Siren.lua,defined,3,SirenDrummerBeatConeIn,,,,1.139672,24556151
SirenDrummerBeatConeOut_EM,WeaponSetData,WeaponSetData,WeaponData_Siren.lua,defined,2,SirenDrummerBeatConeOut,,,,1.139672,24556151
SirenDrummerBeatCoralClose,WeaponSetData,WeaponSetData,WeaponData_Siren.lua,defined,3,,,,,1.139672,24556151
SirenDrummerBeatCoralFar,WeaponSetData,WeaponSetData,WeaponData_Siren.lua,defined,3,,,,,1.139672,24556151
SirenDrummerBeatOpener,WeaponSetData,WeaponSetData,WeaponData_Siren.lua,defined,3,,,,,1.139672,24556151
SirenDrummerBeatOpenerMixed,WeaponSetData,WeaponSetData,WeaponData_Siren.lua,defined,2,SirenDrummerBeatOpener,,,,1.139672,24556151
SirenDrummerBeatSweepMid,WeaponSetData,WeaponSetData,WeaponData_Siren.lua,defined,3,,,,,1.139672,24556151
SirenDrummerCircle,WeaponSetData,WeaponSetData,WeaponData_Siren.lua,defined,3,,,,,1.139672,24556151
SirenDrummerCircleCombo01,WeaponSetData,WeaponSetData,WeaponData_Siren.lua,defined,4,,,,,1.139672,24556151
SirenDrummerCircleCombo02,WeaponSetData,WeaponSetData,WeaponData_Siren.lua,defined,4,,,,,1.139672,24556151
SirenDrummerCircleInverted,WeaponSetData,WeaponSetData,WeaponData_Siren.lua,defined,3,,,,,1.139672,24556151
SirenDrummerCircleInverted_EM,WeaponSetData,WeaponSetData,WeaponData_Siren.lua,defined,3,SirenDrummerCircleInverted,,,,1.139672,24556151
SirenDrummerCircle_EM,WeaponSetData,WeaponSetData,WeaponData_Siren.lua,defined,3,SirenDrummerCircle,,,,1.139672,24556151
SirenDrummerSpotlightCombo,WeaponSetData,WeaponSetData,WeaponData_Siren.lua,defined,5,,,,,1.139672,24556151
SirenDrummerSpotlightPassive,WeaponSetData,WeaponSetData,WeaponData_Siren.lua,defined,3,,,,,1.139672,24556151
SirenKeytaristBounceBalls,WeaponSetData,WeaponSetData,WeaponData_Siren.lua,defined,2,,,,,1.139672,24556151
SirenKeytaristDive,WeaponSetData,WeaponSetData,WeaponData_Siren.lua,defined,6,,,,,1.139672,24556151
SirenKeytaristDiveComboBreaker,WeaponSetData,WeaponSetData,WeaponData_Siren.lua,defined,2,SirenKeytaristDive,,,,1.139672,24556151
SirenKeytaristPowerslide,WeaponSetData,WeaponSetData,WeaponData_Siren.lua,defined,2,,,,,1.139672,24556151
SirenKeytaristPowerslideEnd,WeaponSetData,WeaponSetData,WeaponData_Siren.lua,defined,2,,,,,1.139672,24556151
SirenKeytaristPowerslideEndDumbFire,WeaponSetData,WeaponSetData,WeaponData_Siren.lua,defined,2,SirenKeytaristPowerslideEnd,,,,1.139672,24556151
SirenKeytaristPowerslideRetreat,WeaponSetData,WeaponSetData,WeaponData_Siren.lua,defined,2,SirenKeytaristPowerslide,,,,1.139672,24556151
SirenKeytaristShred,WeaponSetData,WeaponSetData,WeaponData_Siren.lua,defined,4,,,,,1.139672,24556151
SirenKeytaristSpotlightCombo,WeaponSetData,WeaponSetData,WeaponData_Siren.lua,defined,5,,,,,1.139672,24556151
SirenKeytaristSpotlightPassive,WeaponSetData,WeaponSetData,WeaponData_Siren.lua,defined,3,,,,,1.139672,24556151
SirenKeytaristSurface,WeaponSetData,WeaponSetData,WeaponData_Siren.lua,defined,4,,,,,1.139672,24556151
SmokeTrapWeapon,WeaponSetData,WeaponSetData,WeaponData_Traps.lua,defined,2,,,,,1.139672,24556151
SpikeTrapClockwork,WeaponSetData,WeaponSetData,WeaponData_Traps.lua,defined,2,,,,,1.139672,24556151
SpreadShotBolt,WeaponSetData,WeaponSetData,WeaponData_LightRanged.lua,defined,2,LightRangedBolt,,,,1.139672,24556151
SpreadShotBolt_Elite,WeaponSetData,WeaponSetData,WeaponData_LightRanged.lua,defined,2,SpreadShotBolt,,,,1.139672,24556151
StalkerBurrow,WeaponSetData,WeaponSetData,EnemyData_Stalker.lua,defined,3,,,,,1.139672,24556151
StalkerBurrow_Elite,WeaponSetData,WeaponSetData,EnemyData_Stalker.lua,defined,2,StalkerBurrow,,,,1.139672,24556151
StalkerBurrow_Miniboss,WeaponSetData,WeaponSetData,EnemyData_Stalker.lua,defined,3,StalkerBurrow,,,,1.139672,24556151
StalkerEviscerate,WeaponSetData,WeaponSetData,EnemyData_Stalker.lua,defined,2,,,,,1.139672,24556151
StalkerEviscerate_Elite,WeaponSetData,WeaponSetData,EnemyData_Stalker.lua,defined,2,StalkerEviscerate,,,,1.139672,24556151
StalkerEviscerate_Miniboss,WeaponSetData,WeaponSetData,EnemyData_Stalker.lua,defined,2,,,,,1.139672,24556151
StalkerUnburrow,WeaponSetData,WeaponSetData,EnemyData_Stalker.lua,defined,3,,,,,1.139672,24556151
StalkerUnburrow_Elite,WeaponSetData,WeaponSetData,EnemyData_Stalker.lua,defined,2,StalkerUnburrow,,,,1.139672,24556151
StalkerUnburrow_Miniboss,WeaponSetData,WeaponSetData,EnemyData_Stalker.lua,defined,2,StalkerUnburrow,,,,1.139672,24556151
SteamCubeExplosion,WeaponSetData,WeaponSetData,WeaponData_Traps.lua,defined,2,,,,,1.139672,24556151
SteamTrapWeapon,WeaponSetData,WeaponSetData,WeaponData_Traps.lua,defined,2,,,,,1.139672,24556151
SteamWallBlast,WeaponSetData,WeaponSetData,WeaponData_Traps.lua,defined,2,,,,,1.139672,24556151
SticklerLeap,WeaponSetData,WeaponSetData,WeaponData_Stickler.lua,defined,3,,,,,1.139672,24556151
SticklerLeapCombo,WeaponSetData,WeaponSetData,WeaponData_Stickler.lua,defined,2,,,,,1.139672,24556151
SticklerLeap_Elite,WeaponSetData,WeaponSetData,WeaponData_Stickler.lua,defined,3,SticklerLeap,,,,1.139672,24556151
SticklerThrow,WeaponSetData,WeaponSetData,WeaponData_Stickler.lua,defined,3,,,,,1.139672,24556151
SticklerThrow_Elite,WeaponSetData,WeaponSetData,WeaponData_Stickler.lua,defined,2,SticklerThrow,,,,1.139672,24556151
SwabSwing,WeaponSetData,WeaponSetData,WeaponData_Swab.lua,defined,3,,,,,1.139672,24556151
SwabSwing_Elite,WeaponSetData,WeaponSetData,WeaponData_Swab.lua,defined,3,SwabSwing,,,,1.139672,24556151
SwarmerClockworkMelee,WeaponSetData,WeaponSetData,WeaponData_Swarmer.lua,defined,2,SwarmerMelee,,,,1.139672,24556151
SwarmerClockworkMelee_Elite,WeaponSetData,WeaponSetData,WeaponData_Swarmer.lua,defined,2,SwarmerClockworkMelee,,,,1.139672,24556151
SwarmerClockworkRepositionTeleport,WeaponSetData,WeaponSetData,WeaponData_Swarmer.lua,defined,1,,,,,1.139672,24556151
SwarmerMelee,WeaponSetData,WeaponSetData,WeaponData_Swarmer.lua,defined,1,,,,,1.139672,24556151
TalosMagnet,WeaponSetData,WeaponSetData,WeaponData_Talos.lua,defined,4,,,,,1.139672,24556151
TalosPunch,WeaponSetData,WeaponSetData,WeaponData_Talos.lua,defined,3,,,,,1.139672,24556151
TalosShieldStraightThrowSelector,WeaponSetData,WeaponSetData,WeaponData_Talos.lua,defined,4,,,,,1.139672,24556151
TalosShieldThrow,WeaponSetData,WeaponSetData,WeaponData_Talos.lua,defined,3,,,,,1.139672,24556151
TalosShieldThrowLeft,WeaponSetData,WeaponSetData,WeaponData_Talos.lua,defined,3,,,,,1.139672,24556151
TalosShieldThrowRight,WeaponSetData,WeaponSetData,WeaponData_Talos.lua,defined,3,TalosShieldThrowLeft,,,,1.139672,24556151
TalosSpin,WeaponSetData,WeaponSetData,WeaponData_Talos.lua,defined,2,,,,,1.139672,24556151
TalosSprint,WeaponSetData,WeaponSetData,WeaponData_Talos.lua,defined,2,,,,,1.139672,24556151
TalosSprintKnockback,WeaponSetData,WeaponSetData,WeaponData_Talos.lua,defined,1,,,,,1.139672,24556151
TestCharacterRanged,WeaponSetData,WeaponSetData,WeaponDataEnemies.lua,defined,1,,,,,1.139672,24556151
ThornTreeWeapon,WeaponSetData,WeaponSetData,WeaponData_Traps.lua,defined,2,,,,,1.139672,24556151
ThugShove,WeaponSetData,WeaponSetData,WeaponData_Thug.lua,defined,3,,,,,1.139672,24556151
ThugShove_Elite,WeaponSetData,WeaponSetData,WeaponData_Thug.lua,defined,2,ThugShove,,,,1.139672,24556151
ThugSlam,WeaponSetData,WeaponSetData,WeaponData_Thug.lua,defined,3,,,,,1.139672,24556151
ThugSlamNova,WeaponSetData,WeaponSetData,WeaponData_Thug.lua,defined,1,,,,,1.139672,24556151
ThugSlamReverse,WeaponSetData,WeaponSetData,WeaponData_Thug.lua,defined,1,,,,,1.139672,24556151
ThugSlam_Elite,WeaponSetData,WeaponSetData,WeaponData_Thug.lua,defined,3,ThugSlam,,,,1.139672,24556151
ThugSwipe,WeaponSetData,WeaponSetData,WeaponData_Thug.lua,defined,3,,,,,1.139672,24556151
ThugSwipeCombo_Elite,WeaponSetData,WeaponSetData,WeaponData_Thug.lua,defined,2,ThugSwipe,,,,1.139672,24556151
ThugSwipe_Elite,WeaponSetData,WeaponSetData,WeaponData_Thug.lua,defined,3,ThugSwipe,,,,1.139672,24556151
TimeElementalDeath,WeaponSetData,WeaponSetData,WeaponData_Elemental.lua,defined,2,,,,,1.139672,24556151
TimeElementalHealBeam,WeaponSetData,WeaponSetData,WeaponData_Elemental.lua,defined,2,,,,,1.139672,24556151
TimeElementalHealBeam_Ally,WeaponSetData,WeaponSetData,WeaponData_Elemental.lua,defined,2,TimeElementalHealBeam,,,,1.139672,24556151
TimeElementalHealBeam_EM,WeaponSetData,WeaponSetData,WeaponData_Elemental.lua,defined,2,TimeElementalHealBeam,,,,1.139672,24556151
TimeElementalHealBeam_Typhon,WeaponSetData,WeaponSetData,WeaponData_Elemental.lua,defined,2,TimeElementalHealBeam,,,,1.139672,24556151
TimeElementalOrbit,WeaponSetData,WeaponSetData,WeaponData_Elemental.lua,defined,2,,,,,1.139672,24556151
TimeElementalOrbit_Elite,WeaponSetData,WeaponSetData,WeaponData_Elemental.lua,defined,2,TimeElementalOrbit,,,,1.139672,24556151
Treant2RangedRoots,WeaponSetData,WeaponSetData,WeaponData_Treant.lua,defined,4,TreantRangedRoots,,,,1.139672,24556151
Treant2RangedSpray,WeaponSetData,WeaponSetData,WeaponData_Treant.lua,defined,2,TreantRangedSpray,,,,1.139672,24556151
Treant2SuperEliteTailSpawn,WeaponSetData,WeaponSetData,WeaponData_Treant.lua,defined,2,TreantTailSpawn,,,,1.139672,24556151
Treant2TailSpawn,WeaponSetData,WeaponSetData,WeaponData_Treant.lua,defined,2,TreantTailSpawn,,,,1.139672,24556151
TreantMelee,WeaponSetData,WeaponSetData,WeaponData_Treant.lua,defined,3,,,,,1.139672,24556151
TreantRangedRoots,WeaponSetData,WeaponSetData,WeaponData_Treant.lua,defined,3,,,,,1.139672,24556151
TreantRangedRootsTriple,WeaponSetData,WeaponSetData,WeaponData_Treant.lua,defined,3,,,,,1.139672,24556151
TreantRangedSpray,WeaponSetData,WeaponSetData,WeaponData_Treant.lua,defined,1,,,,,1.139672,24556151
TreantTail2Burrow,WeaponSetData,WeaponSetData,WeaponData_Treant.lua,defined,2,TreantTailBurrow,,,,1.139672,24556151
TreantTail2Swipe,WeaponSetData,WeaponSetData,WeaponData_Treant.lua,defined,2,TreantTailSwipe,,,,1.139672,24556151
TreantTail2Unburrow,WeaponSetData,WeaponSetData,WeaponData_Treant.lua,defined,2,TreantTailUnburrow,,,,1.139672,24556151
TreantTailBurrow,WeaponSetData,WeaponSetData,WeaponData_Treant.lua,defined,3,,,,,1.139672,24556151
TreantTailSpawn,WeaponSetData,WeaponSetData,WeaponData_Treant.lua,defined,2,,,,,1.139672,24556151
TreantTailSpawn_Shadow,WeaponSetData,WeaponSetData,WeaponData_Treant.lua,defined,2,TreantTailSpawn,,,,1.139672,24556151
TreantTailSwipe,WeaponSetData,WeaponSetData,WeaponData_Treant.lua,defined,3,,,,,1.139672,24556151
TreantTailUnburrow,WeaponSetData,WeaponSetData,WeaponData_Treant.lua,defined,2,,,,,1.139672,24556151
TurtleBounceLob,WeaponSetData,WeaponSetData,WeaponData_Turtle.lua,defined,3,,,,,1.139672,24556151
TurtleBounceLobElite,WeaponSetData,WeaponSetData,WeaponData_Turtle.lua,defined,2,TurtleBounceLob,,,,1.139672,24556151
TurtleClaw,WeaponSetData,WeaponSetData,WeaponData_Turtle.lua,defined,3,,,,,1.139672,24556151
TurtleClawRush,WeaponSetData,WeaponSetData,WeaponData_Turtle.lua,defined,3,TurtleClaw,,,,1.139672,24556151
TurtleHide,WeaponSetData,WeaponSetData,WeaponData_Turtle.lua,defined,3,,,,,1.139672,24556151
TyphonArmCast,WeaponSetData,WeaponSetData,EnemyData_TyphonArm.lua,defined,2,,,,,1.139672,24556151
TyphonArmFlick,WeaponSetData,WeaponSetData,EnemyData_TyphonArm.lua,defined,2,,,,,1.139672,24556151
TyphonArmSlam,WeaponSetData,WeaponSetData,EnemyData_TyphonArm.lua,defined,2,,,,,1.139672,24556151
TyphonCannon_Left,WeaponSetData,WeaponSetData,EnemyData_TyphonTail.lua,defined,3,TyphonCannon_Right,,,,1.139672,24556151
TyphonCannon_Right,WeaponSetData,WeaponSetData,EnemyData_TyphonTail.lua,defined,4,,,,,1.139672,24556151
TyphonDrill,WeaponSetData,WeaponSetData,EnemyData_TyphonTail.lua,defined,2,,,,,1.139672,24556151
TyphonEggDeathWeapon,WeaponSetData,WeaponSetData,WeaponData_Traps.lua,defined,1,,,,,1.139672,24556151
TyphonEggDeathWeapon2,WeaponSetData,WeaponSetData,WeaponData_Traps.lua,defined,1,,,,,1.139672,24556151
TyphonEggDeathWeaponLarge,WeaponSetData,WeaponSetData,WeaponData_Traps.lua,defined,1,,,,,1.139672,24556151
TyphonEyeCannon,WeaponSetData,WeaponSetData,EnemyData_TyphonEye.lua,defined,2,,,,,1.139672,24556151
TyphonEyeSky,WeaponSetData,WeaponSetData,EnemyData_TyphonEye.lua,defined,1,,,,,1.139672,24556151
TyphonEyeSkyCast,WeaponSetData,WeaponSetData,EnemyData_TyphonEye.lua,defined,3,,,,,1.139672,24556151
TyphonEyeSpawnEyeball,WeaponSetData,WeaponSetData,EnemyData_TyphonEye.lua,defined,3,,,,,1.139672,24556151
TyphonFlyUp,WeaponSetData,WeaponSetData,EnemyData_TyphonTail.lua,defined,2,,,,,1.139672,24556151
TyphonHeadAddBurrow,WeaponSetData,WeaponSetData,EnemyData_TyphonHeadAdd.lua,defined,2,,,,,1.139672,24556151
TyphonHeadAddComboLeft,WeaponSetData,WeaponSetData,EnemyData_TyphonHeadAdd.lua,defined,3,,,,,1.139672,24556151
TyphonHeadAddComboMid,WeaponSetData,WeaponSetData,EnemyData_TyphonHeadAdd.lua,defined,3,,,,,1.139672,24556151
TyphonHeadAddComboRight,WeaponSetData,WeaponSetData,EnemyData_TyphonHeadAdd.lua,defined,3,,,,,1.139672,24556151
TyphonHeadAddSummon,WeaponSetData,WeaponSetData,EnemyData_TyphonHead.lua,defined,2,,,,,1.139672,24556151
TyphonHeadAddSummonLeft,WeaponSetData,WeaponSetData,EnemyData_TyphonHead.lua,defined,2,TyphonHeadAddSummon,,,,1.139672,24556151
TyphonHeadAddSummonMid,WeaponSetData,WeaponSetData,EnemyData_TyphonHead.lua,defined,2,TyphonHeadAddSummon,,,,1.139672,24556151
TyphonHeadAddSummonRight,WeaponSetData,WeaponSetData,EnemyData_TyphonHead.lua,defined,2,TyphonHeadAddSummon,,,,1.139672,24556151
TyphonHeadAddUnburrow,WeaponSetData,WeaponSetData,EnemyData_TyphonHeadAdd.lua,defined,2,,,,,1.139672,24556151
TyphonHeadCastSummon01,WeaponSetData,WeaponSetData,EnemyData_TyphonHead.lua,defined,3,,,,,1.139672,24556151
TyphonHeadCastSummon02,WeaponSetData,WeaponSetData,EnemyData_TyphonHead.lua,defined,2,TyphonHeadCastSummon01,,,,1.139672,24556151
TyphonHeadCastSummon03,WeaponSetData,WeaponSetData,EnemyData_TyphonHead.lua,defined,2,TyphonHeadCastSummon01,,,,1.139672,24556151
TyphonHeadCastSummon04,WeaponSetData,WeaponSetData,EnemyData_TyphonHead.lua,defined,2,TyphonHeadCastSummon01,,,,1.139672,24556151
TyphonHeadCastSummon05,WeaponSetData,WeaponSetData,EnemyData_TyphonHead.lua,defined,2,TyphonHeadCastSummon01,,,,1.139672,24556151
TyphonHeadCastSummonBoar,WeaponSetData,WeaponSetData,EnemyData_TyphonHead.lua,defined,2,TyphonHeadCastSummon01,,,,1.139672,24556151
TyphonHeadCastSummonCaptain,WeaponSetData,WeaponSetData,EnemyData_TyphonHead.lua,defined,2,TyphonHeadCastSummon01,,,,1.139672,24556151
TyphonHeadCastSummonDragon,WeaponSetData,WeaponSetData,EnemyData_TyphonHead.lua,defined,2,TyphonHeadCastSummon01,,,,1.139672,24556151
TyphonHeadCenterEye,WeaponSetData,WeaponSetData,EnemyData_TyphonHead.lua,defined,3,,,,,1.139672,24556151
TyphonHeadCenterEye2,WeaponSetData,WeaponSetData,EnemyData_TyphonHead.lua,defined,3,TyphonHeadCenterEye,,,,1.139672,24556151
TyphonHeadCenterEyeWeak,WeaponSetData,WeaponSetData,EnemyData_TyphonHead.lua,defined,3,TyphonHeadCenterEye,,,,1.139672,24556151
TyphonHeadDefenseKnockback,WeaponSetData,WeaponSetData,EnemyData_TyphonHead.lua,defined,3,,,,,1.139672,24556151
TyphonHeadEnrage,WeaponSetData,WeaponSetData,EnemyData_TyphonHead.lua,defined,4,,,,,1.139672,24556151
TyphonHeadGust,WeaponSetData,WeaponSetData,EnemyData_TyphonHead.lua,defined,2,,,,,1.139672,24556151
TyphonHeadGustEM,WeaponSetData,WeaponSetData,EnemyData_TyphonHead.lua,defined,2,TyphonHeadGust,,,,1.139672,24556151
TyphonHeadLaugh,WeaponSetData,WeaponSetData,EnemyData_TyphonHead.lua,defined,3,,,,,1.139672,24556151
TyphonHeadRam,WeaponSetData,WeaponSetData,EnemyData_TyphonHead.lua,defined,5,,,,,1.139672,24556151
TyphonHeadRam2,WeaponSetData,WeaponSetData,EnemyData_TyphonHead.lua,defined,2,TyphonHeadRam,,,,1.139672,24556151
TyphonHeadRoar,WeaponSetData,WeaponSetData,EnemyData_TyphonHead.lua,defined,4,,,,,1.139672,24556151
TyphonHeadSkyfall,WeaponSetData,WeaponSetData,EnemyData_TyphonHead.lua,defined,1,,,,,1.139672,24556151
TyphonHeadSkyfallLeft,WeaponSetData,WeaponSetData,EnemyData_TyphonHead.lua,defined,1,,,,,1.139672,24556151
TyphonHeadSkyfallRight,WeaponSetData,WeaponSetData,EnemyData_TyphonHead.lua,defined,1,,,,,1.139672,24556151
TyphonHeadStunned,WeaponSetData,WeaponSetData,EnemyData_TyphonHead.lua,defined,2,,,,,1.139672,24556151
TyphonHeadTimeBubbles,WeaponSetData,WeaponSetData,EnemyData_TyphonHead.lua,defined,1,,,,,1.139672,24556151
TyphonHeadTimeElementalSpawns,WeaponSetData,WeaponSetData,EnemyData_TyphonHead.lua,defined,1,,,,,1.139672,24556151
TyphonHeadTongue,WeaponSetData,WeaponSetData,EnemyData_TyphonHead.lua,defined,4,,,,,1.139672,24556151
TyphonHeadTongue2,WeaponSetData,WeaponSetData,EnemyData_TyphonHead.lua,defined,3,TyphonHeadTongue,,,,1.139672,24556151
TyphonHeadTongueReverse,WeaponSetData,WeaponSetData,EnemyData_TyphonHead.lua,defined,2,TyphonHeadTongue,,,,1.139672,24556151
TyphonHeadTongueReverseWeak,WeaponSetData,WeaponSetData,EnemyData_TyphonHead.lua,defined,2,TyphonHeadTongueReverse,,,,1.139672,24556151
TyphonHeadTongueSlamA,WeaponSetData,WeaponSetData,EnemyData_TyphonHead.lua,defined,4,,,,,1.139672,24556151
TyphonHeadTongueSlamB,WeaponSetData,WeaponSetData,EnemyData_TyphonHead.lua,defined,3,,,,,1.139672,24556151
TyphonHeadTongueSlamC,WeaponSetData,WeaponSetData,EnemyData_TyphonHead.lua,defined,3,,,,,1.139672,24556151
TyphonHeadTongueSlamWeak,WeaponSetData,WeaponSetData,EnemyData_TyphonHead.lua,defined,5,TyphonHeadTongueSlamA,,,,1.139672,24556151
TyphonHeadTongueWeak,WeaponSetData,WeaponSetData,EnemyData_TyphonHead.lua,defined,2,TyphonHeadTongue,,,,1.139672,24556151
TyphonHeadVacuum,WeaponSetData,WeaponSetData,EnemyData_TyphonHead.lua,defined,1,,,,,1.139672,24556151
TyphonHeadVolley,WeaponSetData,WeaponSetData,EnemyData_TyphonHead.lua,defined,2,,,,,1.139672,24556151
TyphonHeadVolleySky,WeaponSetData,WeaponSetData,EnemyData_TyphonHead.lua,defined,3,,,,,1.139672,24556151
TyphonHeadWait,WeaponSetData,WeaponSetData,EnemyData_TyphonHead.lua,defined,1,,,,,1.139672,24556151
TyphonHeadWeakCombo,WeaponSetData,WeaponSetData,EnemyData_TyphonHead.lua,defined,4,,,,,1.139672,24556151
TyphonImpale,WeaponSetData,WeaponSetData,EnemyData_TyphonTail.lua,defined,2,,,,,1.139672,24556151
TyphonRampage,WeaponSetData,WeaponSetData,EnemyData_TyphonTail.lua,defined,3,,,,,1.139672,24556151
TyphonSpike,WeaponSetData,WeaponSetData,WeaponData_Traps.lua,defined,2,,,,,1.139672,24556151
TyphonSpikeSplinter,WeaponSetData,WeaponSetData,WeaponData_Traps.lua,defined,1,,,,,1.139672,24556151
TyphonTailMineBlast,WeaponSetData,WeaponSetData,EnemyData_TyphonTail.lua,defined,1,,,,,1.139672,24556151
VampireCast,WeaponSetData,WeaponSetData,WeaponData_Vampire.lua,defined,3,,,,,1.139672,24556151
VampireCombo,WeaponSetData,WeaponSetData,WeaponData_Vampire.lua,defined,4,,,,,1.139672,24556151
VampireComboSwing1,WeaponSetData,WeaponSetData,WeaponData_Vampire.lua,defined,2,,,,,1.139672,24556151
VampireComboSwing2,WeaponSetData,WeaponSetData,WeaponData_Vampire.lua,defined,2,,,,,1.139672,24556151
VampireSweep,WeaponSetData,WeaponSetData,WeaponData_Vampire.lua,defined,2,,,,,1.139672,24556151
VampireSwipe,WeaponSetData,WeaponSetData,WeaponData_Vampire.lua,defined,2,,,,,1.139672,24556151
VampireTeleport,WeaponSetData,WeaponSetData,WeaponData_Vampire.lua,defined,2,,,,,1.139672,24556151
VampireUppercut,WeaponSetData,WeaponSetData,WeaponData_Vampire.lua,defined,2,,,,,1.139672,24556151
WaterElementalBite,WeaponSetData,WeaponSetData,WeaponData_WaterElemental.lua,defined,3,,,,,1.139672,24556151
WaterElementalBiteChained_Elite,WeaponSetData,WeaponSetData,WeaponData_WaterElemental.lua,defined,2,WaterElementalBite,,,,1.139672,24556151
WaterElementalBite_Elite,WeaponSetData,WeaponSetData,WeaponData_WaterElemental.lua,defined,2,WaterElementalBite,,,,1.139672,24556151
WaterElementalFidget,WeaponSetData,WeaponSetData,WeaponData_WaterElemental.lua,defined,3,,,,,1.139672,24556151
WaterUnitDive,WeaponSetData,WeaponSetData,WeaponData_WaterUnit.lua,defined,3,,,,,1.139672,24556151
WaterUnitDiveMiniBoss,WeaponSetData,WeaponSetData,WeaponData_WaterUnit.lua,defined,3,WaterUnitDive,,,,1.139672,24556151
WaterUnitFidget,WeaponSetData,WeaponSetData,WeaponData_WaterUnit.lua,defined,2,,,,,1.139672,24556151
WaterUnitLob,WeaponSetData,WeaponSetData,WeaponData_WaterUnit.lua,defined,3,,,,,1.139672,24556151
WaterUnitLobElite,WeaponSetData,WeaponSetData,WeaponData_WaterUnit.lua,defined,2,WaterUnitLob,,,,1.139672,24556151
WaterUnitLobMiniboss,WeaponSetData,WeaponSetData,WeaponData_WaterUnit.lua,defined,4,WaterUnitLob,,,,1.139672,24556151
WaterUnitSpit,WeaponSetData,WeaponSetData,WeaponData_WaterUnit.lua,defined,3,,,,,1.139672,24556151
WaterUnitSpitElite,WeaponSetData,WeaponSetData,WeaponData_WaterUnit.lua,defined,2,WaterUnitSpit,,,,1.139672,24556151
WaterUnitSpitMiniBoss,WeaponSetData,WeaponSetData,WeaponData_WaterUnit.lua,defined,4,WaterUnitSpit,,,,1.139672,24556151
WaterUnitSurface,WeaponSetData,WeaponSetData,WeaponData_WaterUnit.lua,defined,2,,,,,1.139672,24556151
WaterUnitSwipe,WeaponSetData,WeaponSetData,WeaponData_WaterUnit.lua,defined,3,,,,,1.139672,24556151
WaterUnitSwipeMiniboss,WeaponSetData,WeaponSetData,WeaponData_WaterUnit.lua,defined,4,WaterUnitSwipe,,,,1.139672,24556151
WispFuse,WeaponSetData,WeaponSetData,EnemyData_Wisp.lua,defined,2,,,,,1.139672,24556151
WringerGrab,WeaponSetData,WeaponSetData,EnemyData_Wringer.lua,defined,1,,,,,1.139672,24556151
ZagreusBloodstonePickup,WeaponSetData,WeaponSetData,WeaponData_Zagreus.lua,defined,2,,,,,1.139672,24556151
ZagreusCast,WeaponSetData,WeaponSetData,WeaponData_Zagreus.lua,defined,3,,,,,1.139672,24556151
ZagreusCastCombo,WeaponSetData,WeaponSetData,WeaponData_Zagreus.lua,defined,4,,,,,1.139672,24556151
ZagreusDarknessOut,WeaponSetData,WeaponSetData,WeaponData_Zagreus.lua,defined,4,,,,,1.139672,24556151
ZagreusDash,WeaponSetData,WeaponSetData,WeaponData_Zagreus.lua,defined,3,,,,,1.139672,24556151
ZagreusDashRetreat,WeaponSetData,WeaponSetData,WeaponData_Zagreus.lua,defined,4,ZagreusDash,,,,1.139672,24556151
ZagreusDashSpread,WeaponSetData,WeaponSetData,WeaponData_Zagreus.lua,defined,4,ZagreusDash,,,,1.139672,24556151
ZagreusDoubleDash,WeaponSetData,WeaponSetData,WeaponData_Zagreus.lua,defined,4,ZagreusDash,,,,1.139672,24556151
ZagreusDoubleDashRetreat,WeaponSetData,WeaponSetData,WeaponData_Zagreus.lua,defined,4,ZagreusDash,,,,1.139672,24556151
ZagreusSpearDashStrike,WeaponSetData,WeaponSetData,WeaponData_Zagreus.lua,defined,5,,,,,1.139672,24556151
ZagreusSpearDashStrikeHit,WeaponSetData,WeaponSetData,WeaponData_Zagreus.lua,defined,2,,,,,1.139672,24556151
ZagreusSpearOffenseCombo1,WeaponSetData,WeaponSetData,WeaponData_Zagreus.lua,defined,2,,,,,1.139672,24556151
ZagreusSpearSpin,WeaponSetData,WeaponSetData,WeaponData_Zagreus.lua,defined,2,,,,,1.139672,24556151
ZagreusSpearSpinDouble,WeaponSetData,WeaponSetData,WeaponData_Zagreus.lua,defined,4,,,,,1.139672,24556151
ZagreusSpearStab1,WeaponSetData,WeaponSetData,WeaponData_Zagreus.lua,defined,3,,,,,1.139672,24556151
ZagreusSpearStab2,WeaponSetData,WeaponSetData,WeaponData_Zagreus.lua,defined,4,,,,,1.139672,24556151
ZagreusSpearStab3,WeaponSetData,WeaponSetData,WeaponData_Zagreus.lua,defined,4,,,,,1.139672,24556151
ZagreusSpearStabCombo,WeaponSetData,WeaponSetData,WeaponData_Zagreus.lua,defined,4,,,,,1.139672,24556151
ZeusStatueChasingStorm,WeaponSetData,WeaponSetData,WeaponData_Traps.lua,defined,2,,,,,1.139672,24556151
ZeusStatueLightningStorm,WeaponSetData,WeaponSetData,WeaponData_Traps.lua,defined,2,,,,,1.139672,24556151
ZeusStatueLightningStorm2,WeaponSetData,WeaponSetData,WeaponData_Traps.lua,defined,2,,,,,1.139672,24556151
ZombieAssassinCombo,WeaponSetData,WeaponSetData,WeaponData_Zombie.lua,defined,3,,,,,1.139672,24556151
ZombieAssassinLateralDash,WeaponSetData,WeaponSetData,WeaponData_Zombie.lua,defined,2,,,,,1.139672,24556151
ZombieAssassinStab,WeaponSetData,WeaponSetData,WeaponData_Zombie.lua,defined,2,,,,,1.139672,24556151
ZombieAssassinStab_Elite,WeaponSetData,WeaponSetData,WeaponData_Zombie.lua,defined,2,ZombieAssassinStab,,,,1.139672,24556151
ZombieAssassinStab_Miniboss,WeaponSetData,WeaponSetData,WeaponData_Zombie.lua,defined,3,ZombieAssassinStab,,,,1.139672,24556151
ZombieAssassinStalk,WeaponSetData,WeaponSetData,WeaponData_Zombie.lua,defined,3,,,,,1.139672,24556151
ZombieAssassinStalk_Miniboss,WeaponSetData,WeaponSetData,WeaponData_Zombie.lua,defined,4,ZombieAssassinStalk,,,,1.139672,24556151
ZombieCorpseExplode,WeaponSetData,WeaponSetData,WeaponData_Zombie.lua,defined,2,,,,,1.139672,24556151
ZombieHeavyRangedShove,WeaponSetData,WeaponSetData,WeaponData_Zombie.lua,defined,3,,,,,1.139672,24556151
ZombieHeavyRangedShove_Elite,WeaponSetData,WeaponSetData,WeaponData_Zombie.lua,defined,2,ZombieHeavyRangedShove,,,,1.139672,24556151
ZombieHeavyRangedShove_Elite2,WeaponSetData,WeaponSetData,WeaponData_Zombie.lua,defined,2,ZombieHeavyRangedShove,,,,1.139672,24556151
ZombieHeavyRangedToss,WeaponSetData,WeaponSetData,WeaponData_Zombie.lua,defined,3,,,,,1.139672,24556151
ZombieHeavyRangedTossPoison,WeaponSetData,WeaponSetData,WeaponData_Zombie.lua,defined,2,ZombieHeavyRangedToss,,,,1.139672,24556151
ZombieHeavyRangedToss_Elite,WeaponSetData,WeaponSetData,WeaponData_Zombie.lua,defined,2,ZombieHeavyRangedToss,,,,1.139672,24556151
ZombieMelee,WeaponSetData,WeaponSetData,WeaponData_Zombie.lua,defined,2,,,,,1.139672,24556151
ZombieMelee_Elite,WeaponSetData,WeaponSetData,WeaponData_Zombie.lua,defined,2,ZombieMelee,,,,1.139672,24556151
ZombieMelee_Elite2,WeaponSetData,WeaponSetData,WeaponData_Zombie.lua,defined,2,ZombieMelee,,,,1.139672,24556151
ZombieOlympusMelee,WeaponSetData,WeaponSetData,WeaponData_Zombie.lua,defined,2,ZombieMelee,,,,1.139672,24556151
ZombieOlympusMelee2_Elite,WeaponSetData,WeaponSetData,WeaponData_Zombie.lua,defined,2,ZombieMelee_Elite2,,,,1.139672,24556151
ZombieOlympusMelee_Elite,WeaponSetData,WeaponSetData,WeaponData_Zombie.lua,defined,2,ZombieMelee_Elite,,,,1.139672,24556151
ZombieSpawnerSummon,WeaponSetData,WeaponSetData,WeaponData_Zombie.lua,defined,3,,,,,1.139672,24556151
ZombieSpawnerSummon_Elite,WeaponSetData,WeaponSetData,WeaponData_Zombie.lua,defined,2,ZombieSpawnerSummon,,,,1.139672,24556151
ZombieSpawnerWait,WeaponSetData,WeaponSetData,WeaponData_Zombie.lua,defined,2,,,,,1.139672,24556151